C++ 程序的内存区域怎么划分？	这题在考什么 考察你对进程、内存、文件描述符、系统调用和性能排查的理解。 先用人话理解 这题可以先抓住一句主线：通常从进程虚拟地址空间角度讲：代码段保存机器指令；只读数据段保存字符串字面量和常量数据；数据段保存已初始化的全局变量和静态变量；BSS 段保存未初始化或零初始化的全局/静态变量；堆用于动态分配；栈用于函数调用帧、局部自动变量、返回地址等；还会有内存映射区，例如动态库、mmap 映射文件、线程栈等。 这类题先抓主线，再补边界；不要一开始把所有分支都铺开。 原理拆开 - 先区分用户态看到的抽象和内核里的真实资源，例如 fd、页表、虚拟内存。 - 再说明为什么这个机制能提升隔离性、性能或可管理性。 - 排查类问题要按指标、工具、现象、根因的顺序讲。 下面是这道题需要掌握的核心内容： 面试回答版： 通常从进程虚拟地址空间角度讲：代码段保存机器指令；只读数据段保存字符串字面量和常量数据；数据段保存已初始化的全局变量和静态变量；BSS 段保存未初始化或零初始化的全局/静态变量；堆用于动态分配；栈用于函数调用帧、局部自动变量、返回地址等；还会有内存映射区，例如动态库、mmap 映射文件、线程栈等。 追问补充： - C++ 标准不规定具体进程内存布局，这是操作系统和 ABI 的实现问题。 - 局部 static 变量不在普通函数栈帧里，它具有静态存储期。 - new 出来的对象本身在自由存储区/堆上，但指向它的指针变量如果是局部变量，指针变量本身在栈上。 易错点： 不要说“常量一定在常量区”。有些常量可能被优化掉，字符串字面量的存储和合并也是实现相关。 代码/伪代码示例 代码见原文 底层原理再往下一层 再往下一层看，Linux 把很多东西都抽象成文件描述符、虚拟内存区域和内核对象。理解 fd 表、页表、调度和系统调用边界，很多现象就能解释清楚。 面试回答版 回答时可以按“三段式”讲： 1. 先给结论，直接回答它是什么或怎么做。 2. 再解释原因，把底层机制或设计动机讲出来。 3. 最后补一个边界，例如什么时候不适用、哪里容易错、工程里怎么验证。 如果只剩 30 秒，可以压缩成：通常从进程虚拟地址空间角度讲：代码段保存机器指令；只读数据段保存字符串字面量和常量数据；数据段保存已初始化的全局变量和静态变量；BSS 段保存未初始化或零初始化的全局/静态变量；堆用于动态分配；栈用于函数调用帧、局部自动变量、返回地址等；还会有内存映射区，例如动态库、mmap 映射文件、线程栈等。 易错点 不要把用户态现象和内核机制混在一起。比如内存增长不一定是泄漏，缺页也不一定是错误。 面试官可能继续追问 - 这个现象用什么命令或工具排查？ - 用户态和内核态各发生了什么？ - 资源限制在哪里配置？	Linux_OS
new/delete 和 malloc/free 有什么区别？	这题在考什么 考察你是否理解 C++ 的类型语义、对象生命周期、所有权、编译期/运行期边界，而不是只背语法名词。 先用人话理解 这题可以先抓住一句主线：new 是 C++ 运算符，会先申请内存，再调用构造函数；失败默认抛出 std::bad_alloc。delete 会先调用析构函数，再释放内存。malloc/free 是 C 库函数，只按字节申请和释放原始内存，不会构造/析构对象，失败返回 nullptr。 学习 C++ 题时，可以先问自己：这个对象是谁创建的、谁销毁的、能不能被拷贝、异常时会不会泄漏。 原理拆开 - 先区分标准语义和常见实现，例如虚表、SSO、容器扩容倍数都属于实现细节。 - 回答时尽量围绕生命周期：对象什么时候构造、什么时候析构、谁拥有资源、异常时会怎样。 - 如果涉及性能，要说明减少的是拷贝、分配、锁竞争还是运行期派发。 下面是这道题需要掌握的核心内容： 面试回答版： new 是 C++ 运算符，会先申请内存，再调用构造函数；失败默认抛出 std::bad_alloc。delete 会先调用析构函数，再释放内存。malloc/free 是 C 库函数，只按字节申请和释放原始内存，不会构造/析构对象，失败返回 nullptr。 追问补充： - new[] 必须配 delete[]，new 必须配 delete。 - 可以重载 operator new/delete，用于内存池、对齐分配、调试统计等。 - 如果用 malloc 给 C++ 对象分配空间，必须使用 placement new 显式构造，析构也要手动调用。 易错点： delete nullptr 是安全的；free(nullptr) 也安全。真正危险的是重复释放、释放非对应分配器得到的内存、数组和单对象释放方式不匹配。 代码/伪代码示例 代码见原文 底层原理再往下一层 再往下一层看，C++ 题通常会落到对象模型、ABI、编译器生成的特殊成员函数、栈展开、动态分配器和标准库实现。面试中不要把这些实现细节说成标准强制，但要知道常见实现为什么会这样做。 malloc 底层通常不是每次都直接向操作系统要内存。常见分配器会维护不同大小的空闲块，小对象从用户态堆缓存里切块；大块内存可能通过 mmap；堆不够时再用 brk/sbrk 或 mmap 扩展。new 通常会先调用 operator new 拿原始内存，再调用构造函数。 面试回答版 回答时可以按“三段式”讲： 1. 先给结论，直接回答它是什么或怎么做。 2. 再解释原因，把底层机制或设计动机讲出来。 3. 最后补一个边界，例如什么时候不适用、哪里容易错、工程里怎么验证。 如果只剩 30 秒，可以压缩成：new 是 C++ 运算符，会先申请内存，再调用构造函数；失败默认抛出 std::bad_alloc。delete 会先调用析构函数，再释放内存。malloc/free 是 C 库函数，只按字节申请和释放原始内存，不会构造/析构对象，失败返回 nullptr。 易错点 不要把常见实现说成标准保证；也不要只背概念名词，要落到生命周期、所有权和异常安全。 面试官可能继续追问 - 如果发生拷贝/移动/析构，会不会出错？ - 这是标准保证还是某个编译器/库的实现？ - 异常路径下资源会不会泄漏？	C++
RAII 是什么？为什么 C++ 面试很爱问？	这题在考什么 考察你是否理解 C++ 的类型语义、对象生命周期、所有权、编译期/运行期边界，而不是只背语法名词。 先用人话理解 这题可以先抓住一句主线：RAII 是“资源获取即初始化”。把资源生命周期绑定到对象生命周期：构造函数获取资源，析构函数释放资源。这样无论函数正常返回还是异常退出，栈对象析构都会自动释放资源。智能指针、std::lock_guard、文件句柄封装、socket 封装都属于 RAII 思路。 学习 C++ 题时，可以先问自己：这个对象是谁创建的、谁销毁的、能不能被拷贝、异常时会不会泄漏。 原理拆开 - 先区分标准语义和常见实现，例如虚表、SSO、容器扩容倍数都属于实现细节。 - 回答时尽量围绕生命周期：对象什么时候构造、什么时候析构、谁拥有资源、异常时会怎样。 - 如果涉及性能，要说明减少的是拷贝、分配、锁竞争还是运行期派发。 下面是这道题需要掌握的核心内容： 面试回答版： RAII 是“资源获取即初始化”。把资源生命周期绑定到对象生命周期：构造函数获取资源，析构函数释放资源。这样无论函数正常返回还是异常退出，栈对象析构都会自动释放资源。智能指针、std::lock_guard、文件句柄封装、socket 封装都属于 RAII 思路。 追问补充： - RAII 的核心不只是“自动释放内存”，而是管理任何需要成对操作的资源。 - 配合移动语义可以表达唯一所有权，例如 std::unique_ptr。 - 析构函数通常不应抛异常，否则异常传播期间可能触发 std::terminate。 易错点： RAII 不是垃圾回收。它是确定性的生命周期管理，释放时机通常在对象离开作用域时发生。 代码/伪代码示例 代码见原文 底层原理再往下一层 再往下一层看，C++ 题通常会落到对象模型、ABI、编译器生成的特殊成员函数、栈展开、动态分配器和标准库实现。面试中不要把这些实现细节说成标准强制，但要知道常见实现为什么会这样做。 面试回答版 回答时可以按“三段式”讲： 1. 先给结论，直接回答它是什么或怎么做。 2. 再解释原因，把底层机制或设计动机讲出来。 3. 最后补一个边界，例如什么时候不适用、哪里容易错、工程里怎么验证。 如果只剩 30 秒，可以压缩成：RAII 是“资源获取即初始化”。把资源生命周期绑定到对象生命周期：构造函数获取资源，析构函数释放资源。这样无论函数正常返回还是异常退出，栈对象析构都会自动释放资源。智能指针、std::lock_guard、文件句柄封装、socket 封装都属于 RAII 思路。 易错点 不要把常见实现说成标准保证；也不要只背概念名词，要落到生命周期、所有权和异常安全。 面试官可能继续追问 - 如果发生拷贝/移动/析构，会不会出错？ - 这是标准保证还是某个编译器/库的实现？ - 异常路径下资源会不会泄漏？	C++
指针和引用的区别？	这题在考什么 考察你是否理解 C++ 的类型语义、对象生命周期、所有权、编译期/运行期边界，而不是只背语法名词。 先用人话理解 这题可以先抓住一句主线：引用是对象的别名，声明时通常必须初始化，之后不能重新绑定到另一个对象；指针是一个变量，保存地址，可以为空，可以改变指向。语义上引用更强调“必定引用一个有效对象”，指针更适合表达可空、可重置、数组遍历等场景。 追问补充： - 引用在实现上常被编译器用指针实现，但语言语义不同。 学习 C++ 题时，可以先问自己：这个对象是谁创建的、谁销毁的、能不能被拷贝、异常时会不会泄漏。 原理拆开 - 先区分标准语义和常见实现，例如虚表、SSO、容器扩容倍数都属于实现细节。 - 回答时尽量围绕生命周期：对象什么时候构造、什么时候析构、谁拥有资源、异常时会怎样。 - 如果涉及性能，要说明减少的是拷贝、分配、锁竞争还是运行期派发。 下面是这道题需要掌握的核心内容： 面试回答版： 引用是对象的别名，声明时通常必须初始化，之后不能重新绑定到另一个对象；指针是一个变量，保存地址，可以为空，可以改变指向。语义上引用更强调“必定引用一个有效对象”，指针更适合表达可空、可重置、数组遍历等场景。 追问补充： - 引用在实现上常被编译器用指针实现，但语言语义不同。 - sizeof(ref) 得到的是被引用对象大小，不是地址大小。 - 函数参数用引用可以避免拷贝；用 const T& 可以绑定临时对象并延长其生命周期到引用作用域。 易错点： 不要返回局部变量引用或指针。函数返回后局部对象已销毁，引用/指针悬空。 代码/伪代码示例 代码见原文 底层原理再往下一层 再往下一层看，C++ 题通常会落到对象模型、ABI、编译器生成的特殊成员函数、栈展开、动态分配器和标准库实现。面试中不要把这些实现细节说成标准强制，但要知道常见实现为什么会这样做。 面试回答版 回答时可以按“三段式”讲： 1. 先给结论，直接回答它是什么或怎么做。 2. 再解释原因，把底层机制或设计动机讲出来。 3. 最后补一个边界，例如什么时候不适用、哪里容易错、工程里怎么验证。 如果只剩 30 秒，可以压缩成：引用是对象的别名，声明时通常必须初始化，之后不能重新绑定到另一个对象；指针是一个变量，保存地址，可以为空，可以改变指向。语义上引用更强调“必定引用一个有效对象”，指针更适合表达可空、可重置、数组遍历等场景。 追问补充： - 引用在实现上常被编译器用指针实现，但语言语义不同。 易错点 不要把常见实现说成标准保证；也不要只背概念名词，要落到生命周期、所有权和异常安全。 面试官可能继续追问 - 如果发生拷贝/移动/析构，会不会出错？ - 这是标准保证还是某个编译器/库的实现？ - 异常路径下资源会不会泄漏？	C++
const 常见用法怎么讲？	这题在考什么 考察你是否理解 C++ 的类型语义、对象生命周期、所有权、编译期/运行期边界，而不是只背语法名词。 先用人话理解 这题可以先抓住一句主线：const 表示对象或接口不可被修改。常见用法包括：const int* p 表示不能通过 p 修改所指对象；int* const p 表示指针本身不可改；const 成员函数表示不修改对象的可观察状态；函数参数用 const T& 避免拷贝并承诺不修改；返回 const 引用可以避免外部修改内部对象。 学习 C++ 题时，可以先问自己：这个对象是谁创建的、谁销毁的、能不能被拷贝、异常时会不会泄漏。 原理拆开 - 先区分标准语义和常见实现，例如虚表、SSO、容器扩容倍数都属于实现细节。 - 回答时尽量围绕生命周期：对象什么时候构造、什么时候析构、谁拥有资源、异常时会怎样。 - 如果涉及性能，要说明减少的是拷贝、分配、锁竞争还是运行期派发。 下面是这道题需要掌握的核心内容： 面试回答版： const 表示对象或接口不可被修改。常见用法包括：const int* p 表示不能通过 p 修改所指对象；int* const p 表示指针本身不可改；const 成员函数表示不修改对象的可观察状态；函数参数用 const T& 避免拷贝并承诺不修改；返回 const 引用可以避免外部修改内部对象。 追问补充： - mutable 成员可以在 const 成员函数里修改，常用于缓存、统计、互斥锁。 - const_cast 只能去掉 cv 限定，不能让本来就是 const 的对象被安全修改。 - 顶层 const 和底层 const 在模板推导、函数重载里行为不同。 易错点： const 不是线程安全保证。多个线程读写同一对象仍需要同步。 代码/伪代码示例 代码见原文 底层原理再往下一层 再往下一层看，C++ 题通常会落到对象模型、ABI、编译器生成的特殊成员函数、栈展开、动态分配器和标准库实现。面试中不要把这些实现细节说成标准强制，但要知道常见实现为什么会这样做。 面试回答版 回答时可以按“三段式”讲： 1. 先给结论，直接回答它是什么或怎么做。 2. 再解释原因，把底层机制或设计动机讲出来。 3. 最后补一个边界，例如什么时候不适用、哪里容易错、工程里怎么验证。 如果只剩 30 秒，可以压缩成：const 表示对象或接口不可被修改。常见用法包括：const int* p 表示不能通过 p 修改所指对象；int* const p 表示指针本身不可改；const 成员函数表示不修改对象的可观察状态；函数参数用 const T& 避免拷贝并承诺不修改；返回 const 引用可以避免外部修改内部对象。 易错点 不要把常见实现说成标准保证；也不要只背概念名词，要落到生命周期、所有权和异常安全。 面试官可能继续追问 - 如果发生拷贝/移动/析构，会不会出错？ - 这是标准保证还是某个编译器/库的实现？ - 异常路径下资源会不会泄漏？	C++
static 在 C++ 里有哪些含义？	这题在考什么 考察你是否理解 C++ 的类型语义、对象生命周期、所有权、编译期/运行期边界，而不是只背语法名词。 先用人话理解 这题可以先抓住一句主线：static 要按上下文解释：局部静态变量具有静态存储期，只初始化一次；全局静态变量或静态函数具有内部链接，只在当前翻译单元可见；类静态成员属于类而不是某个对象；类静态成员函数没有 this 指针，只能直接访问静态成员。 追问补充： - C++11 起，函数局部静态变量初始化是线程安全的。 学习 C++ 题时，可以先问自己：这个对象是谁创建的、谁销毁的、能不能被拷贝、异常时会不会泄漏。 原理拆开 - 先区分标准语义和常见实现，例如虚表、SSO、容器扩容倍数都属于实现细节。 - 回答时尽量围绕生命周期：对象什么时候构造、什么时候析构、谁拥有资源、异常时会怎样。 - 如果涉及性能，要说明减少的是拷贝、分配、锁竞争还是运行期派发。 下面是这道题需要掌握的核心内容： 面试回答版： static 要按上下文解释：局部静态变量具有静态存储期，只初始化一次；全局静态变量或静态函数具有内部链接，只在当前翻译单元可见；类静态成员属于类而不是某个对象；类静态成员函数没有 this 指针，只能直接访问静态成员。 追问补充： - C++11 起，函数局部静态变量初始化是线程安全的。 - 类内声明的静态数据成员通常还需要定义；C++17 inline static 可以简化。 - 文件作用域的 static 在现代 C++ 中可用匿名命名空间替代。 易错点： 局部静态变量的生命周期到程序结束，不是函数返回就销毁。 代码/伪代码示例 代码见原文 底层原理再往下一层 再往下一层看，C++ 题通常会落到对象模型、ABI、编译器生成的特殊成员函数、栈展开、动态分配器和标准库实现。面试中不要把这些实现细节说成标准强制，但要知道常见实现为什么会这样做。 面试回答版 回答时可以按“三段式”讲： 1. 先给结论，直接回答它是什么或怎么做。 2. 再解释原因，把底层机制或设计动机讲出来。 3. 最后补一个边界，例如什么时候不适用、哪里容易错、工程里怎么验证。 如果只剩 30 秒，可以压缩成：static 要按上下文解释：局部静态变量具有静态存储期，只初始化一次；全局静态变量或静态函数具有内部链接，只在当前翻译单元可见；类静态成员属于类而不是某个对象；类静态成员函数没有 this 指针，只能直接访问静态成员。 追问补充： - C++11 起，函数局部静态变量初始化是线程安全的。 易错点 不要把常见实现说成标准保证；也不要只背概念名词，要落到生命周期、所有权和异常安全。 面试官可能继续追问 - 如果发生拷贝/移动/析构，会不会出错？ - 这是标准保证还是某个编译器/库的实现？ - 异常路径下资源会不会泄漏？	C++
inline 的真实含义是什么？	这题在考什么 考察你是否理解 C++ 的类型语义、对象生命周期、所有权、编译期/运行期边界，而不是只背语法名词。 先用人话理解 这题可以先抓住一句主线：inline 最初用于建议编译器内联展开，但现代 C++ 更重要的语义是允许一个函数或变量在多个翻译单元中有定义，只要这些定义满足 ODR 要求。是否真正内联由编译器优化决定。 追问补充： - 类内定义的成员函数隐式 inline。 - C++17 支持 inline variable。 学习 C++ 题时，可以先问自己：这个对象是谁创建的、谁销毁的、能不能被拷贝、异常时会不会泄漏。 原理拆开 - 先区分标准语义和常见实现，例如虚表、SSO、容器扩容倍数都属于实现细节。 - 回答时尽量围绕生命周期：对象什么时候构造、什么时候析构、谁拥有资源、异常时会怎样。 - 如果涉及性能，要说明减少的是拷贝、分配、锁竞争还是运行期派发。 下面是这道题需要掌握的核心内容： 面试回答版： inline 最初用于建议编译器内联展开，但现代 C++ 更重要的语义是允许一个函数或变量在多个翻译单元中有定义，只要这些定义满足 ODR 要求。是否真正内联由编译器优化决定。 追问补充： - 类内定义的成员函数隐式 inline。 - C++17 支持 inline variable。 - 头文件中定义非模板函数通常要加 inline，否则多翻译单元包含后可能重定义。 易错点： inline 不是强制内联；递归、体积大、地址被取用等情况都可能不内联。 代码/伪代码示例 代码见原文 底层原理再往下一层 再往下一层看，C++ 题通常会落到对象模型、ABI、编译器生成的特殊成员函数、栈展开、动态分配器和标准库实现。面试中不要把这些实现细节说成标准强制，但要知道常见实现为什么会这样做。 面试回答版 回答时可以按“三段式”讲： 1. 先给结论，直接回答它是什么或怎么做。 2. 再解释原因，把底层机制或设计动机讲出来。 3. 最后补一个边界，例如什么时候不适用、哪里容易错、工程里怎么验证。 如果只剩 30 秒，可以压缩成：inline 最初用于建议编译器内联展开，但现代 C++ 更重要的语义是允许一个函数或变量在多个翻译单元中有定义，只要这些定义满足 ODR 要求。是否真正内联由编译器优化决定。 追问补充： - 类内定义的成员函数隐式 inline。 - C++17 支持 inline variable。 易错点 不要把常见实现说成标准保证；也不要只背概念名词，要落到生命周期、所有权和异常安全。 面试官可能继续追问 - 如果发生拷贝/移动/析构，会不会出错？ - 这是标准保证还是某个编译器/库的实现？ - 异常路径下资源会不会泄漏？	C++
extern 和头文件声明怎么理解？	这题在考什么 考察你是否理解 C++ 的类型语义、对象生命周期、所有权、编译期/运行期边界，而不是只背语法名词。 先用人话理解 这题可以先抓住一句主线：extern 用于声明一个变量或函数在别处定义，让当前翻译单元能引用它。头文件通常放声明，源文件放唯一一个定义，避免多重定义。函数声明默认具有外部链接，变量如果在头文件直接定义，多个源文件包含后容易违反 ODR。 追问补充： - extern "C" 用于关闭 C++ 名字改编，便于和 C ABI 链接。 学习 C++ 题时，可以先问自己：这个对象是谁创建的、谁销毁的、能不能被拷贝、异常时会不会泄漏。 原理拆开 - 先区分标准语义和常见实现，例如虚表、SSO、容器扩容倍数都属于实现细节。 - 回答时尽量围绕生命周期：对象什么时候构造、什么时候析构、谁拥有资源、异常时会怎样。 - 如果涉及性能，要说明减少的是拷贝、分配、锁竞争还是运行期派发。 下面是这道题需要掌握的核心内容： 面试回答版： extern 用于声明一个变量或函数在别处定义，让当前翻译单元能引用它。头文件通常放声明，源文件放唯一一个定义，避免多重定义。函数声明默认具有外部链接，变量如果在头文件直接定义，多个源文件包含后容易违反 ODR。 追问补充： - extern "C" 用于关闭 C++ 名字改编，便于和 C ABI 链接。 - static 文件作用域变量是内部链接，不能被其他翻译单元 extern 引用。 易错点： extern int x; 是声明；int x; 通常是定义。 代码/伪代码示例 代码见原文 底层原理再往下一层 再往下一层看，C++ 题通常会落到对象模型、ABI、编译器生成的特殊成员函数、栈展开、动态分配器和标准库实现。面试中不要把这些实现细节说成标准强制，但要知道常见实现为什么会这样做。 面试回答版 回答时可以按“三段式”讲： 1. 先给结论，直接回答它是什么或怎么做。 2. 再解释原因，把底层机制或设计动机讲出来。 3. 最后补一个边界，例如什么时候不适用、哪里容易错、工程里怎么验证。 如果只剩 30 秒，可以压缩成：extern 用于声明一个变量或函数在别处定义，让当前翻译单元能引用它。头文件通常放声明，源文件放唯一一个定义，避免多重定义。函数声明默认具有外部链接，变量如果在头文件直接定义，多个源文件包含后容易违反 ODR。 追问补充： - extern "C" 用于关闭 C++ 名字改编，便于和 C ABI 链接。 易错点 不要把常见实现说成标准保证；也不要只背概念名词，要落到生命周期、所有权和异常安全。 面试官可能继续追问 - 如果发生拷贝/移动/析构，会不会出错？ - 这是标准保证还是某个编译器/库的实现？ - 异常路径下资源会不会泄漏？	C++
C++ 对象构造和析构顺序？	这题在考什么 考察你是否理解 C++ 的类型语义、对象生命周期、所有权、编译期/运行期边界，而不是只背语法名词。 先用人话理解 这题可以先抓住一句主线：构造对象时，先构造虚基类，再构造直接基类，再按成员声明顺序构造成员，最后执行构造函数体。析构顺序反过来：先执行析构函数体，再析构成员，再析构基类。局部对象按构造相反顺序析构。 追问补充： - 成员初始化顺序由成员声明顺序决定，不由初始化列表书写顺序决定。 学习 C++ 题时，可以先问自己：这个对象是谁创建的、谁销毁的、能不能被拷贝、异常时会不会泄漏。 原理拆开 - 先区分标准语义和常见实现，例如虚表、SSO、容器扩容倍数都属于实现细节。 - 回答时尽量围绕生命周期：对象什么时候构造、什么时候析构、谁拥有资源、异常时会怎样。 - 如果涉及性能，要说明减少的是拷贝、分配、锁竞争还是运行期派发。 下面是这道题需要掌握的核心内容： 面试回答版： 构造对象时，先构造虚基类，再构造直接基类，再按成员声明顺序构造成员，最后执行构造函数体。析构顺序反过来：先执行析构函数体，再析构成员，再析构基类。局部对象按构造相反顺序析构。 追问补充： - 成员初始化顺序由成员声明顺序决定，不由初始化列表书写顺序决定。 - 构造/析构期间虚函数调用不会表现出完整多态，只会调用当前构造/析构层级对应版本。 - 多态基类析构函数通常要声明为 virtual。 易错点： 初始化列表不是“赋值”，它直接初始化成员；对引用成员、const 成员、无默认构造成员必须用初始化列表。 代码/伪代码示例 代码见原文 底层原理再往下一层 再往下一层看，C++ 题通常会落到对象模型、ABI、编译器生成的特殊成员函数、栈展开、动态分配器和标准库实现。面试中不要把这些实现细节说成标准强制，但要知道常见实现为什么会这样做。 面试回答版 回答时可以按“三段式”讲： 1. 先给结论，直接回答它是什么或怎么做。 2. 再解释原因，把底层机制或设计动机讲出来。 3. 最后补一个边界，例如什么时候不适用、哪里容易错、工程里怎么验证。 如果只剩 30 秒，可以压缩成：构造对象时，先构造虚基类，再构造直接基类，再按成员声明顺序构造成员，最后执行构造函数体。析构顺序反过来：先执行析构函数体，再析构成员，再析构基类。局部对象按构造相反顺序析构。 追问补充： - 成员初始化顺序由成员声明顺序决定，不由初始化列表书写顺序决定。 易错点 不要把常见实现说成标准保证；也不要只背概念名词，要落到生命周期、所有权和异常安全。 面试官可能继续追问 - 如果发生拷贝/移动/析构，会不会出错？ - 这是标准保证还是某个编译器/库的实现？ - 异常路径下资源会不会泄漏？	C++
拷贝构造、拷贝赋值、移动构造、移动赋值怎么区分？	这题在考什么 考察你是否理解 C++ 的类型语义、对象生命周期、所有权、编译期/运行期边界，而不是只背语法名词。 先用人话理解 这题可以先抓住一句主线：拷贝构造用已有对象创建新对象；拷贝赋值是两个已存在对象之间赋值。移动构造/移动赋值从右值对象“接管资源”，避免深拷贝。含资源所有权的类要特别处理这些函数，遵循 Rule of Three/Five；更现代的做法是 Rule of Zero，让成员自己管理资源。 学习 C++ 题时，可以先问自己：这个对象是谁创建的、谁销毁的、能不能被拷贝、异常时会不会泄漏。 原理拆开 - 先区分标准语义和常见实现，例如虚表、SSO、容器扩容倍数都属于实现细节。 - 回答时尽量围绕生命周期：对象什么时候构造、什么时候析构、谁拥有资源、异常时会怎样。 - 如果涉及性能，要说明减少的是拷贝、分配、锁竞争还是运行期派发。 下面是这道题需要掌握的核心内容： 面试回答版： 拷贝构造用已有对象创建新对象；拷贝赋值是两个已存在对象之间赋值。移动构造/移动赋值从右值对象“接管资源”，避免深拷贝。含资源所有权的类要特别处理这些函数，遵循 Rule of Three/Five；更现代的做法是 Rule of Zero，让成员自己管理资源。 追问补充： - 移动后对象必须保持可析构、可赋值的有效状态，但具体值不应依赖。 - 移动构造通常应标记 noexcept，否则 vector 扩容时可能退回拷贝以保证异常安全。 - 自赋值检查常用于拷贝赋值，移动赋值也要避免释放后又访问同一资源。 易错点： std::move 不移动任何东西，它只是把表达式转换成右值引用，真正移动发生在移动构造/赋值里。 代码/伪代码示例 代码见原文 底层原理再往下一层 再往下一层看，C++ 题通常会落到对象模型、ABI、编译器生成的特殊成员函数、栈展开、动态分配器和标准库实现。面试中不要把这些实现细节说成标准强制，但要知道常见实现为什么会这样做。 面试回答版 回答时可以按“三段式”讲： 1. 先给结论，直接回答它是什么或怎么做。 2. 再解释原因，把底层机制或设计动机讲出来。 3. 最后补一个边界，例如什么时候不适用、哪里容易错、工程里怎么验证。 如果只剩 30 秒，可以压缩成：拷贝构造用已有对象创建新对象；拷贝赋值是两个已存在对象之间赋值。移动构造/移动赋值从右值对象“接管资源”，避免深拷贝。含资源所有权的类要特别处理这些函数，遵循 Rule of Three/Five；更现代的做法是 Rule of Zero，让成员自己管理资源。 易错点 不要把常见实现说成标准保证；也不要只背概念名词，要落到生命周期、所有权和异常安全。 面试官可能继续追问 - 如果发生拷贝/移动/析构，会不会出错？ - 这是标准保证还是某个编译器/库的实现？ - 异常路径下资源会不会泄漏？	C++
左值、右值、右值引用怎么讲？	这题在考什么 考察你是否理解 C++ 的类型语义、对象生命周期、所有权、编译期/运行期边界，而不是只背语法名词。 先用人话理解 这题可以先抓住一句主线：可以从“有无稳定身份”和“能否取地址”理解：左值有身份，可出现在赋值左边；右值通常是临时值或将亡值。右值引用 T&& 可以绑定右值，用来实现移动语义和完美转发。 追问补充： - 具名右值引用变量本身是左值，例如 T&& x 中表达式 x 是左值。 - std::forward<T> 用于保留模板参数推导出的值类别。 学习 C++ 题时，可以先问自己：这个对象是谁创建的、谁销毁的、能不能被拷贝、异常时会不会泄漏。 原理拆开 - 先区分标准语义和常见实现，例如虚表、SSO、容器扩容倍数都属于实现细节。 - 回答时尽量围绕生命周期：对象什么时候构造、什么时候析构、谁拥有资源、异常时会怎样。 - 如果涉及性能，要说明减少的是拷贝、分配、锁竞争还是运行期派发。 下面是这道题需要掌握的核心内容： 面试回答版： 可以从“有无稳定身份”和“能否取地址”理解：左值有身份，可出现在赋值左边；右值通常是临时值或将亡值。右值引用 T&& 可以绑定右值，用来实现移动语义和完美转发。 追问补充： - 具名右值引用变量本身是左值，例如 T&& x 中表达式 x 是左值。 - std::forward<T> 用于保留模板参数推导出的值类别。 - 万能引用/转发引用只在类型推导语境下成立，例如 template<class T> void f(T&&)。 易错点： 不要把右值引用简单理解成“延长生命周期”。它主要用于区分可被移动的对象。 代码/伪代码示例 代码见原文 底层原理再往下一层 再往下一层看，C++ 题通常会落到对象模型、ABI、编译器生成的特殊成员函数、栈展开、动态分配器和标准库实现。面试中不要把这些实现细节说成标准强制，但要知道常见实现为什么会这样做。 面试回答版 回答时可以按“三段式”讲： 1. 先给结论，直接回答它是什么或怎么做。 2. 再解释原因，把底层机制或设计动机讲出来。 3. 最后补一个边界，例如什么时候不适用、哪里容易错、工程里怎么验证。 如果只剩 30 秒，可以压缩成：可以从“有无稳定身份”和“能否取地址”理解：左值有身份，可出现在赋值左边；右值通常是临时值或将亡值。右值引用 T&& 可以绑定右值，用来实现移动语义和完美转发。 追问补充： - 具名右值引用变量本身是左值，例如 T&& x 中表达式 x 是左值。 - std::forward<T> 用于保留模板参数推导出的值类别。 易错点 不要把常见实现说成标准保证；也不要只背概念名词，要落到生命周期、所有权和异常安全。 面试官可能继续追问 - 如果发生拷贝/移动/析构，会不会出错？ - 这是标准保证还是某个编译器/库的实现？ - 异常路径下资源会不会泄漏？	C++
完美转发解决什么问题？	这题在考什么 考察你是否理解 C++ 的类型语义、对象生命周期、所有权、编译期/运行期边界，而不是只背语法名词。 先用人话理解 这题可以先抓住一句主线：完美转发用于包装函数把参数继续传给内部函数时，保留原始参数的左值/右值属性和 cv 限定。典型写法是模板参数 T&& 加 std::forward<T>(arg)。如果直接传 arg，因为 arg 有名字，它会被当作左值。 追问补充： 代码见原文。 学习 C++ 题时，可以先问自己：这个对象是谁创建的、谁销毁的、能不能被拷贝、异常时会不会泄漏。 原理拆开 - 先区分标准语义和常见实现，例如虚表、SSO、容器扩容倍数都属于实现细节。 - 回答时尽量围绕生命周期：对象什么时候构造、什么时候析构、谁拥有资源、异常时会怎样。 - 如果涉及性能，要说明减少的是拷贝、分配、锁竞争还是运行期派发。 下面是这道题需要掌握的核心内容： 面试回答版： 完美转发用于包装函数把参数继续传给内部函数时，保留原始参数的左值/右值属性和 cv 限定。典型写法是模板参数 T&& 加 std::forward<T>(arg)。如果直接传 arg，因为 arg 有名字，它会被当作左值。 追问补充： 代码见原文 易错点： std::forward 只用于转发引用场景；普通变量想表达可移动应使用 std::move。 代码/伪代码示例 代码见原文 底层原理再往下一层 再往下一层看，C++ 题通常会落到对象模型、ABI、编译器生成的特殊成员函数、栈展开、动态分配器和标准库实现。面试中不要把这些实现细节说成标准强制，但要知道常见实现为什么会这样做。 面试回答版 回答时可以按“三段式”讲： 1. 先给结论，直接回答它是什么或怎么做。 2. 再解释原因，把底层机制或设计动机讲出来。 3. 最后补一个边界，例如什么时候不适用、哪里容易错、工程里怎么验证。 如果只剩 30 秒，可以压缩成：完美转发用于包装函数把参数继续传给内部函数时，保留原始参数的左值/右值属性和 cv 限定。典型写法是模板参数 T&& 加 std::forward<T>(arg)。如果直接传 arg，因为 arg 有名字，它会被当作左值。 追问补充： 代码见原文。 易错点 不要把常见实现说成标准保证；也不要只背概念名词，要落到生命周期、所有权和异常安全。 面试官可能继续追问 - 如果发生拷贝/移动/析构，会不会出错？ - 这是标准保证还是某个编译器/库的实现？ - 异常路径下资源会不会泄漏？	C++
虚函数、多态、虚表怎么回答？	这题在考什么 考察你是否理解 C++ 的类型语义、对象生命周期、所有权、编译期/运行期边界，而不是只背语法名词。 先用人话理解 这题可以先抓住一句主线：C++ 运行时多态通过基类指针或引用调用虚函数实现。对象的动态类型决定最终调用哪个重写函数。常见实现是对象里保存虚表指针，虚表中保存虚函数地址，调用时通过虚表间接跳转。但虚表和虚指针是实现细节，不是标准强制布局。 追问补充： - 只要类有虚函数，通常对象会多一个虚指针开销。 学习 C++ 题时，可以先问自己：这个对象是谁创建的、谁销毁的、能不能被拷贝、异常时会不会泄漏。 原理拆开 - 先区分标准语义和常见实现，例如虚表、SSO、容器扩容倍数都属于实现细节。 - 回答时尽量围绕生命周期：对象什么时候构造、什么时候析构、谁拥有资源、异常时会怎样。 - 如果涉及性能，要说明减少的是拷贝、分配、锁竞争还是运行期派发。 下面是这道题需要掌握的核心内容： 面试回答版： C++ 运行时多态通过基类指针或引用调用虚函数实现。对象的动态类型决定最终调用哪个重写函数。常见实现是对象里保存虚表指针，虚表中保存虚函数地址，调用时通过虚表间接跳转。但虚表和虚指针是实现细节，不是标准强制布局。 追问补充： - 只要类有虚函数，通常对象会多一个虚指针开销。 - 构造和析构期间调用虚函数不会派发到派生类完整对象。 - 基类析构函数如果可能通过基类指针删除派生对象，必须是虚析构。 易错点： 静态函数不能是虚函数，因为它没有 this 指针。 代码/伪代码示例 代码见原文 底层原理再往下一层 再往下一层看，C++ 题通常会落到对象模型、ABI、编译器生成的特殊成员函数、栈展开、动态分配器和标准库实现。面试中不要把这些实现细节说成标准强制，但要知道常见实现为什么会这样做。 面试回答版 回答时可以按“三段式”讲： 1. 先给结论，直接回答它是什么或怎么做。 2. 再解释原因，把底层机制或设计动机讲出来。 3. 最后补一个边界，例如什么时候不适用、哪里容易错、工程里怎么验证。 如果只剩 30 秒，可以压缩成：C++ 运行时多态通过基类指针或引用调用虚函数实现。对象的动态类型决定最终调用哪个重写函数。常见实现是对象里保存虚表指针，虚表中保存虚函数地址，调用时通过虚表间接跳转。但虚表和虚指针是实现细节，不是标准强制布局。 追问补充： - 只要类有虚函数，通常对象会多一个虚指针开销。 易错点 不要把常见实现说成标准保证；也不要只背概念名词，要落到生命周期、所有权和异常安全。 面试官可能继续追问 - 如果发生拷贝/移动/析构，会不会出错？ - 这是标准保证还是某个编译器/库的实现？ - 异常路径下资源会不会泄漏？	C++
为什么多态基类析构函数要 virtual？	这题在考什么 考察你是否理解 C++ 的类型语义、对象生命周期、所有权、编译期/运行期边界，而不是只背语法名词。 先用人话理解 这题可以先抓住一句主线：如果用基类指针指向派生对象并执行 delete base，基类析构不是虚函数时，只会按静态类型调用基类析构，派生类资源可能不释放，行为可能未定义。声明虚析构后，析构会按动态类型从派生到基类完整执行。 学习 C++ 题时，可以先问自己：这个对象是谁创建的、谁销毁的、能不能被拷贝、异常时会不会泄漏。 原理拆开 - 先区分标准语义和常见实现，例如虚表、SSO、容器扩容倍数都属于实现细节。 - 回答时尽量围绕生命周期：对象什么时候构造、什么时候析构、谁拥有资源、异常时会怎样。 - 如果涉及性能，要说明减少的是拷贝、分配、锁竞争还是运行期派发。 下面是这道题需要掌握的核心内容： 面试回答版： 如果用基类指针指向派生对象并执行 delete base，基类析构不是虚函数时，只会按静态类型调用基类析构，派生类资源可能不释放，行为可能未定义。声明虚析构后，析构会按动态类型从派生到基类完整执行。 追问补充： 如果类不打算作为多态基类，可以不加虚析构；如果要禁止通过基类删除，也可以把析构函数设为 protected 非虚，但这属于接口设计。 易错点： 有虚函数的接口基类几乎都应考虑虚析构，哪怕析构函数体为空。 代码/伪代码示例 代码见原文 底层原理再往下一层 再往下一层看，C++ 题通常会落到对象模型、ABI、编译器生成的特殊成员函数、栈展开、动态分配器和标准库实现。面试中不要把这些实现细节说成标准强制，但要知道常见实现为什么会这样做。 面试回答版 回答时可以按“三段式”讲： 1. 先给结论，直接回答它是什么或怎么做。 2. 再解释原因，把底层机制或设计动机讲出来。 3. 最后补一个边界，例如什么时候不适用、哪里容易错、工程里怎么验证。 如果只剩 30 秒，可以压缩成：如果用基类指针指向派生对象并执行 delete base，基类析构不是虚函数时，只会按静态类型调用基类析构，派生类资源可能不释放，行为可能未定义。声明虚析构后，析构会按动态类型从派生到基类完整执行。 易错点 不要把常见实现说成标准保证；也不要只背概念名词，要落到生命周期、所有权和异常安全。 面试官可能继续追问 - 如果发生拷贝/移动/析构，会不会出错？ - 这是标准保证还是某个编译器/库的实现？ - 异常路径下资源会不会泄漏？	C++
重载、重写、隐藏有什么区别？	这题在考什么 考察你是否理解 C++ 的类型语义、对象生命周期、所有权、编译期/运行期边界，而不是只背语法名词。 先用人话理解 这题可以先抓住一句主线：重载是同一作用域内函数名相同、参数列表不同。重写是派生类对基类虚函数提供新的实现，函数签名要匹配，建议加 override。隐藏是派生类声明同名成员后，基类同名函数在派生类作用域中被隐藏，即使参数不同也可能隐藏。 追问补充： - override 可以让编译器检查是否真的重写。 - final 可以禁止派生类继续重写或继承。 学习 C++ 题时，可以先问自己：这个对象是谁创建的、谁销毁的、能不能被拷贝、异常时会不会泄漏。 原理拆开 - 先区分标准语义和常见实现，例如虚表、SSO、容器扩容倍数都属于实现细节。 - 回答时尽量围绕生命周期：对象什么时候构造、什么时候析构、谁拥有资源、异常时会怎样。 - 如果涉及性能，要说明减少的是拷贝、分配、锁竞争还是运行期派发。 下面是这道题需要掌握的核心内容： 面试回答版： 重载是同一作用域内函数名相同、参数列表不同。重写是派生类对基类虚函数提供新的实现，函数签名要匹配，建议加 override。隐藏是派生类声明同名成员后，基类同名函数在派生类作用域中被隐藏，即使参数不同也可能隐藏。 追问补充： - override 可以让编译器检查是否真的重写。 - final 可以禁止派生类继续重写或继承。 - 想把基类重载集合引入派生类，可用 using Base::func;。 易错点： 返回类型一般也要兼容；协变返回类型是少数例外。 代码/伪代码示例 代码见原文 底层原理再往下一层 再往下一层看，C++ 题通常会落到对象模型、ABI、编译器生成的特殊成员函数、栈展开、动态分配器和标准库实现。面试中不要把这些实现细节说成标准强制，但要知道常见实现为什么会这样做。 面试回答版 回答时可以按“三段式”讲： 1. 先给结论，直接回答它是什么或怎么做。 2. 再解释原因，把底层机制或设计动机讲出来。 3. 最后补一个边界，例如什么时候不适用、哪里容易错、工程里怎么验证。 如果只剩 30 秒，可以压缩成：重载是同一作用域内函数名相同、参数列表不同。重写是派生类对基类虚函数提供新的实现，函数签名要匹配，建议加 override。隐藏是派生类声明同名成员后，基类同名函数在派生类作用域中被隐藏，即使参数不同也可能隐藏。 追问补充： - override 可以让编译器检查是否真的重写。 - final 可以禁止派生类继续重写或继承。 易错点 不要把常见实现说成标准保证；也不要只背概念名词，要落到生命周期、所有权和异常安全。 面试官可能继续追问 - 如果发生拷贝/移动/析构，会不会出错？ - 这是标准保证还是某个编译器/库的实现？ - 异常路径下资源会不会泄漏？	C++
深拷贝和浅拷贝是什么？	这题在考什么 考察你是否理解 C++ 的类型语义、对象生命周期、所有权、编译期/运行期边界，而不是只背语法名词。 先用人话理解 这题可以先抓住一句主线：浅拷贝只复制指针值或句柄，多个对象共享同一资源；深拷贝会重新分配资源并复制内容，让对象各自拥有独立资源。含裸指针资源的类如果使用默认拷贝，往往会浅拷贝，导致重复释放或悬空指针。 追问补充： - 用 std::string、std::vector、std::unique_ptr 等成员可以避免手写资源管理。 学习 C++ 题时，可以先问自己：这个对象是谁创建的、谁销毁的、能不能被拷贝、异常时会不会泄漏。 原理拆开 - 先区分标准语义和常见实现，例如虚表、SSO、容器扩容倍数都属于实现细节。 - 回答时尽量围绕生命周期：对象什么时候构造、什么时候析构、谁拥有资源、异常时会怎样。 - 如果涉及性能，要说明减少的是拷贝、分配、锁竞争还是运行期派发。 下面是这道题需要掌握的核心内容： 面试回答版： 浅拷贝只复制指针值或句柄，多个对象共享同一资源；深拷贝会重新分配资源并复制内容，让对象各自拥有独立资源。含裸指针资源的类如果使用默认拷贝，往往会浅拷贝，导致重复释放或悬空指针。 追问补充： - 用 std::string、std::vector、std::unique_ptr 等成员可以避免手写资源管理。 - 共享语义可以用 std::shared_ptr 明确表达。 易错点： 不是所有浅拷贝都错误，关键看所有权语义是否清楚。 代码/伪代码示例 代码见原文 底层原理再往下一层 再往下一层看，C++ 题通常会落到对象模型、ABI、编译器生成的特殊成员函数、栈展开、动态分配器和标准库实现。面试中不要把这些实现细节说成标准强制，但要知道常见实现为什么会这样做。 面试回答版 回答时可以按“三段式”讲： 1. 先给结论，直接回答它是什么或怎么做。 2. 再解释原因，把底层机制或设计动机讲出来。 3. 最后补一个边界，例如什么时候不适用、哪里容易错、工程里怎么验证。 如果只剩 30 秒，可以压缩成：浅拷贝只复制指针值或句柄，多个对象共享同一资源；深拷贝会重新分配资源并复制内容，让对象各自拥有独立资源。含裸指针资源的类如果使用默认拷贝，往往会浅拷贝，导致重复释放或悬空指针。 追问补充： - 用 std::string、std::vector、std::unique_ptr 等成员可以避免手写资源管理。 易错点 不要把常见实现说成标准保证；也不要只背概念名词，要落到生命周期、所有权和异常安全。 面试官可能继续追问 - 如果发生拷贝/移动/析构，会不会出错？ - 这是标准保证还是某个编译器/库的实现？ - 异常路径下资源会不会泄漏？	C++
struct 和 class 区别？	这题在考什么 考察你是否理解 C++ 的类型语义、对象生命周期、所有权、编译期/运行期边界，而不是只背语法名词。 先用人话理解 这题可以先抓住一句主线：C++ 中 struct 和 class 能力基本相同，主要默认访问控制不同：struct 默认 public，class 默认 private；继承时默认访问权限也不同。工程上常把 struct 用于简单聚合数据，把 class 用于有不变量和行为封装的类型。 易错点： 不要套用 C 语言理解。 学习 C++ 题时，可以先问自己：这个对象是谁创建的、谁销毁的、能不能被拷贝、异常时会不会泄漏。 原理拆开 - 先区分标准语义和常见实现，例如虚表、SSO、容器扩容倍数都属于实现细节。 - 回答时尽量围绕生命周期：对象什么时候构造、什么时候析构、谁拥有资源、异常时会怎样。 - 如果涉及性能，要说明减少的是拷贝、分配、锁竞争还是运行期派发。 下面是这道题需要掌握的核心内容： 面试回答版： C++ 中 struct 和 class 能力基本相同，主要默认访问控制不同：struct 默认 public，class 默认 private；继承时默认访问权限也不同。工程上常把 struct 用于简单聚合数据，把 class 用于有不变量和行为封装的类型。 易错点： 不要套用 C 语言理解。C++ 的 struct 可以有构造函数、成员函数、继承、模板等。 代码/伪代码示例 代码见原文 底层原理再往下一层 再往下一层看，C++ 题通常会落到对象模型、ABI、编译器生成的特殊成员函数、栈展开、动态分配器和标准库实现。面试中不要把这些实现细节说成标准强制，但要知道常见实现为什么会这样做。 面试回答版 回答时可以按“三段式”讲： 1. 先给结论，直接回答它是什么或怎么做。 2. 再解释原因，把底层机制或设计动机讲出来。 3. 最后补一个边界，例如什么时候不适用、哪里容易错、工程里怎么验证。 如果只剩 30 秒，可以压缩成：C++ 中 struct 和 class 能力基本相同，主要默认访问控制不同：struct 默认 public，class 默认 private；继承时默认访问权限也不同。工程上常把 struct 用于简单聚合数据，把 class 用于有不变量和行为封装的类型。 易错点： 不要套用 C 语言理解。 易错点 不要把常见实现说成标准保证；也不要只背概念名词，要落到生命周期、所有权和异常安全。 面试官可能继续追问 - 如果发生拷贝/移动/析构，会不会出错？ - 这是标准保证还是某个编译器/库的实现？ - 异常路径下资源会不会泄漏？	C++
内存对齐和 padding 怎么讲？	这题在考什么 考察你对进程、内存、文件描述符、系统调用和性能排查的理解。 先用人话理解 这题可以先抓住一句主线：CPU 访问某些对齐地址的数据更高效，甚至某些平台要求对齐。编译器会在结构体成员之间或尾部插入 padding，使每个成员满足对齐要求，并让数组中每个结构体元素也满足最大对齐。结构体大小通常是最大成员对齐值的整数倍。 追问补充： - 成员顺序会影响 padding，常把大对齐成员放前面减少浪费。 这类题先抓主线，再补边界；不要一开始把所有分支都铺开。 原理拆开 - 先区分用户态看到的抽象和内核里的真实资源，例如 fd、页表、虚拟内存。 - 再说明为什么这个机制能提升隔离性、性能或可管理性。 - 排查类问题要按指标、工具、现象、根因的顺序讲。 下面是这道题需要掌握的核心内容： 面试回答版： CPU 访问某些对齐地址的数据更高效，甚至某些平台要求对齐。编译器会在结构体成员之间或尾部插入 padding，使每个成员满足对齐要求，并让数组中每个结构体元素也满足最大对齐。结构体大小通常是最大成员对齐值的整数倍。 追问补充： - 成员顺序会影响 padding，常把大对齐成员放前面减少浪费。 - alignas 可以指定更严格对齐。 - pragma pack 能改变布局，但可能带来性能和可移植性问题。 易错点： 结构体大小不是成员大小简单相加。 代码/伪代码示例 代码见原文 底层原理再往下一层 再往下一层看，Linux 把很多东西都抽象成文件描述符、虚拟内存区域和内核对象。理解 fd 表、页表、调度和系统调用边界，很多现象就能解释清楚。 面试回答版 回答时可以按“三段式”讲： 1. 先给结论，直接回答它是什么或怎么做。 2. 再解释原因，把底层机制或设计动机讲出来。 3. 最后补一个边界，例如什么时候不适用、哪里容易错、工程里怎么验证。 如果只剩 30 秒，可以压缩成：CPU 访问某些对齐地址的数据更高效，甚至某些平台要求对齐。编译器会在结构体成员之间或尾部插入 padding，使每个成员满足对齐要求，并让数组中每个结构体元素也满足最大对齐。结构体大小通常是最大成员对齐值的整数倍。 追问补充： - 成员顺序会影响 padding，常把大对齐成员放前面减少浪费。 易错点 不要把用户态现象和内核机制混在一起。比如内存增长不一定是泄漏，缺页也不一定是错误。 面试官可能继续追问 - 这个现象用什么命令或工具排查？ - 用户态和内核态各发生了什么？ - 资源限制在哪里配置？	Linux_OS
模板是什么？编译期多态怎么理解？	这题在考什么 考察你是否理解 C++ 的类型语义、对象生命周期、所有权、编译期/运行期边界，而不是只背语法名词。 先用人话理解 这题可以先抓住一句主线：模板是 C++ 的泛型机制，编译器根据使用的类型实例化代码。它属于编译期多态：不同类型在编译期生成对应版本，运行时没有虚函数派发开销。STL 容器、算法、智能指针大量使用模板。 追问补充： - 模板通常要把定义放在头文件里，因为实例化需要看到完整定义。 - 模板特化可以为某些类型提供定制实现。 学习 C++ 题时，可以先问自己：这个对象是谁创建的、谁销毁的、能不能被拷贝、异常时会不会泄漏。 原理拆开 - 先区分标准语义和常见实现，例如虚表、SSO、容器扩容倍数都属于实现细节。 - 回答时尽量围绕生命周期：对象什么时候构造、什么时候析构、谁拥有资源、异常时会怎样。 - 如果涉及性能，要说明减少的是拷贝、分配、锁竞争还是运行期派发。 下面是这道题需要掌握的核心内容： 面试回答版： 模板是 C++ 的泛型机制，编译器根据使用的类型实例化代码。它属于编译期多态：不同类型在编译期生成对应版本，运行时没有虚函数派发开销。STL 容器、算法、智能指针大量使用模板。 追问补充： - 模板通常要把定义放在头文件里，因为实例化需要看到完整定义。 - 模板特化可以为某些类型提供定制实现。 - C++20 Concepts 可以约束模板参数，改善错误信息。 易错点： 模板代码膨胀是可能的，但编译器和链接器会做合并优化，不能绝对化。 代码/伪代码示例 代码见原文 底层原理再往下一层 再往下一层看，C++ 题通常会落到对象模型、ABI、编译器生成的特殊成员函数、栈展开、动态分配器和标准库实现。面试中不要把这些实现细节说成标准强制，但要知道常见实现为什么会这样做。 面试回答版 回答时可以按“三段式”讲： 1. 先给结论，直接回答它是什么或怎么做。 2. 再解释原因，把底层机制或设计动机讲出来。 3. 最后补一个边界，例如什么时候不适用、哪里容易错、工程里怎么验证。 如果只剩 30 秒，可以压缩成：模板是 C++ 的泛型机制，编译器根据使用的类型实例化代码。它属于编译期多态：不同类型在编译期生成对应版本，运行时没有虚函数派发开销。STL 容器、算法、智能指针大量使用模板。 追问补充： - 模板通常要把定义放在头文件里，因为实例化需要看到完整定义。 - 模板特化可以为某些类型提供定制实现。 易错点 不要把常见实现说成标准保证；也不要只背概念名词，要落到生命周期、所有权和异常安全。 面试官可能继续追问 - 如果发生拷贝/移动/析构，会不会出错？ - 这是标准保证还是某个编译器/库的实现？ - 异常路径下资源会不会泄漏？	C++
C++11/14/17 高频特性怎么概括？	这题在考什么 考察你是否理解 C++ 的类型语义、对象生命周期、所有权、编译期/运行期边界，而不是只背语法名词。 先用人话理解 这题可以先抓住一句主线：C++11 是现代 C++ 分水岭，核心包括移动语义、右值引用、智能指针、lambda、auto、范围 for、线程库、原子、初始化列表、nullptr、constexpr。C++14 主要是补强泛型 lambda、返回类型推导等。 学习 C++ 题时，可以先问自己：这个对象是谁创建的、谁销毁的、能不能被拷贝、异常时会不会泄漏。 原理拆开 - 先区分标准语义和常见实现，例如虚表、SSO、容器扩容倍数都属于实现细节。 - 回答时尽量围绕生命周期：对象什么时候构造、什么时候析构、谁拥有资源、异常时会怎样。 - 如果涉及性能，要说明减少的是拷贝、分配、锁竞争还是运行期派发。 下面是这道题需要掌握的核心内容： 面试回答版： C++11 是现代 C++ 分水岭，核心包括移动语义、右值引用、智能指针、lambda、auto、范围 for、线程库、原子、初始化列表、nullptr、constexpr。C++14 主要是补强泛型 lambda、返回类型推导等。C++17 高频点包括结构化绑定、if constexpr、std::optional、std::variant、std::string_view、折叠表达式、inline variable。 追问补充： 面试不要只背特性名，要能说明解决的问题：智能指针解决所有权表达；移动语义减少不必要拷贝；lambda 方便把局部逻辑作为可调用对象；string_view 避免只读字符串拷贝但要注意生命周期。 易错点： auto 会丢顶层 const 和引用属性，必要时用 auto&、const auto&、decltype(auto)。 代码/伪代码示例 代码见原文 底层原理再往下一层 再往下一层看，C++ 题通常会落到对象模型、ABI、编译器生成的特殊成员函数、栈展开、动态分配器和标准库实现。面试中不要把这些实现细节说成标准强制，但要知道常见实现为什么会这样做。 面试回答版 回答时可以按“三段式”讲： 1. 先给结论，直接回答它是什么或怎么做。 2. 再解释原因，把底层机制或设计动机讲出来。 3. 最后补一个边界，例如什么时候不适用、哪里容易错、工程里怎么验证。 如果只剩 30 秒，可以压缩成：C++11 是现代 C++ 分水岭，核心包括移动语义、右值引用、智能指针、lambda、auto、范围 for、线程库、原子、初始化列表、nullptr、constexpr。C++14 主要是补强泛型 lambda、返回类型推导等。 易错点 不要把常见实现说成标准保证；也不要只背概念名词，要落到生命周期、所有权和异常安全。 面试官可能继续追问 - 如果发生拷贝/移动/析构，会不会出错？ - 这是标准保证还是某个编译器/库的实现？ - 异常路径下资源会不会泄漏？	C++
volatile 在 C++ 里能保证线程安全吗？	这题在考什么 考察你是否能把共享状态、同步关系、线程生命周期和异常退出讲清楚。 先用人话理解 这题可以先抓住一句主线：不能。volatile 主要告诉编译器不要优化掉对该对象的访问，常用于内存映射 IO、信号处理等特殊场景。它不提供原子性、可见性顺序，也不能代替 mutex 或 atomic。线程同步应使用 std::atomic、互斥锁、条件变量等。 易错点： 把 Java 里的 volatile 语义套到 C++ 是常见错误。 学习并发题时，可以先找共享变量，再问这几个变量是否可能被两个线程同时读写。 原理拆开 - 先找共享状态：哪些数据会被多个线程同时访问。 - 再找同步手段：锁、条件变量、原子、队列、线程封闭。 - 最后说退出和异常：线程怎么停、任务失败怎么办、资源谁释放。 下面是这道题需要掌握的核心内容： 面试回答版： 不能。volatile 主要告诉编译器不要优化掉对该对象的访问，常用于内存映射 IO、信号处理等特殊场景。它不提供原子性、可见性顺序，也不能代替 mutex 或 atomic。线程同步应使用 std::atomic、互斥锁、条件变量等。 易错点： 把 Java 里的 volatile 语义套到 C++ 是常见错误。 代码/伪代码示例 代码见原文 底层原理再往下一层 再往下一层看，并发问题最终会落到 CPU 缓存一致性、内存可见性、阻塞/唤醒、调度和锁竞争。代码写对优先于追求无锁，除非你能验证性能瓶颈。 面试回答版 回答时可以按“三段式”讲： 1. 先给结论，直接回答它是什么或怎么做。 2. 再解释原因，把底层机制或设计动机讲出来。 3. 最后补一个边界，例如什么时候不适用、哪里容易错、工程里怎么验证。 如果只剩 30 秒，可以压缩成：不能。volatile 主要告诉编译器不要优化掉对该对象的访问，常用于内存映射 IO、信号处理等特殊场景。它不提供原子性、可见性顺序，也不能代替 mutex 或 atomic。线程同步应使用 std::atomic、互斥锁、条件变量等。 易错点： 把 Java 里的 volatile 语义套到 C++ 是常见错误。 易错点 不要只说加锁。面试官通常会继续问虚假唤醒、死锁、退出条件、异常和性能。 面试官可能继续追问 - 如果多个线程同时进来会怎样？ - 如何优雅退出？ - 锁粒度和性能瓶颈在哪里？	并发
nullptr 比 NULL 好在哪里？	这题在考什么 考察你是否理解 C++ 的类型语义、对象生命周期、所有权、编译期/运行期边界，而不是只背语法名词。 先用人话理解 这题可以先抓住一句主线：nullptr 是空指针字面量，类型是 std::nullptr_t，能明确参与指针重载解析；NULL 往往是 0 或 0L，可能在函数重载中匹配到整数版本，造成歧义或错误调用。 示例： 代码见原文。 学习 C++ 题时，可以先问自己：这个对象是谁创建的、谁销毁的、能不能被拷贝、异常时会不会泄漏。 原理拆开 - 先区分标准语义和常见实现，例如虚表、SSO、容器扩容倍数都属于实现细节。 - 回答时尽量围绕生命周期：对象什么时候构造、什么时候析构、谁拥有资源、异常时会怎样。 - 如果涉及性能，要说明减少的是拷贝、分配、锁竞争还是运行期派发。 下面是这道题需要掌握的核心内容： 面试回答版： nullptr 是空指针字面量，类型是 std::nullptr_t，能明确参与指针重载解析；NULL 往往是 0 或 0L，可能在函数重载中匹配到整数版本，造成歧义或错误调用。 示例： 代码见原文 代码/伪代码示例 代码见原文 底层原理再往下一层 再往下一层看，C++ 题通常会落到对象模型、ABI、编译器生成的特殊成员函数、栈展开、动态分配器和标准库实现。面试中不要把这些实现细节说成标准强制，但要知道常见实现为什么会这样做。 面试回答版 回答时可以按“三段式”讲： 1. 先给结论，直接回答它是什么或怎么做。 2. 再解释原因，把底层机制或设计动机讲出来。 3. 最后补一个边界，例如什么时候不适用、哪里容易错、工程里怎么验证。 如果只剩 30 秒，可以压缩成：nullptr 是空指针字面量，类型是 std::nullptr_t，能明确参与指针重载解析；NULL 往往是 0 或 0L，可能在函数重载中匹配到整数版本，造成歧义或错误调用。 示例： 代码见原文。 易错点 不要把常见实现说成标准保证；也不要只背概念名词，要落到生命周期、所有权和异常安全。 面试官可能继续追问 - 如果发生拷贝/移动/析构，会不会出错？ - 这是标准保证还是某个编译器/库的实现？ - 异常路径下资源会不会泄漏？	C++
宏、const、constexpr、inline 怎么选择？	这题在考什么 考察你是否理解 C++ 的类型语义、对象生命周期、所有权、编译期/运行期边界，而不是只背语法名词。 先用人话理解 这题可以先抓住一句主线：宏是预处理文本替换，没有类型检查和作用域，能少用就少用。普通常量优先用 const 或 constexpr。编译期可求值并希望参与数组大小、模板参数等场景用 constexpr。函数式宏优先替换为 inline 函数或模板函数。 学习 C++ 题时，可以先问自己：这个对象是谁创建的、谁销毁的、能不能被拷贝、异常时会不会泄漏。 原理拆开 - 先区分标准语义和常见实现，例如虚表、SSO、容器扩容倍数都属于实现细节。 - 回答时尽量围绕生命周期：对象什么时候构造、什么时候析构、谁拥有资源、异常时会怎样。 - 如果涉及性能，要说明减少的是拷贝、分配、锁竞争还是运行期派发。 下面是这道题需要掌握的核心内容： 面试回答版： 宏是预处理文本替换，没有类型检查和作用域，能少用就少用。普通常量优先用 const 或 constexpr。编译期可求值并希望参与数组大小、模板参数等场景用 constexpr。函数式宏优先替换为 inline 函数或模板函数。 追问补充： constexpr 函数不代表每次都编译期执行，而是“允许在常量表达式上下文中编译期求值”。 代码/伪代码示例 代码见原文 底层原理再往下一层 再往下一层看，C++ 题通常会落到对象模型、ABI、编译器生成的特殊成员函数、栈展开、动态分配器和标准库实现。面试中不要把这些实现细节说成标准强制，但要知道常见实现为什么会这样做。 面试回答版 回答时可以按“三段式”讲： 1. 先给结论，直接回答它是什么或怎么做。 2. 再解释原因，把底层机制或设计动机讲出来。 3. 最后补一个边界，例如什么时候不适用、哪里容易错、工程里怎么验证。 如果只剩 30 秒，可以压缩成：宏是预处理文本替换，没有类型检查和作用域，能少用就少用。普通常量优先用 const 或 constexpr。编译期可求值并希望参与数组大小、模板参数等场景用 constexpr。函数式宏优先替换为 inline 函数或模板函数。 易错点 不要把常见实现说成标准保证；也不要只背概念名词，要落到生命周期、所有权和异常安全。 面试官可能继续追问 - 如果发生拷贝/移动/析构，会不会出错？ - 这是标准保证还是某个编译器/库的实现？ - 异常路径下资源会不会泄漏？	C++
异常安全怎么回答？	这题在考什么 考察你是否理解 C++ 的类型语义、对象生命周期、所有权、编译期/运行期边界，而不是只背语法名词。 先用人话理解 这题可以先抓住一句主线：异常安全通常分三档：基本保证是不泄露资源、对象仍可析构；强保证是操作失败后状态回滚到调用前；不抛保证是函数承诺不抛异常。C++ 中用 RAII 管资源、先构造临时对象再交换、移动构造标记 noexcept，都是提高异常安全的常见手段。 学习 C++ 题时，可以先问自己：这个对象是谁创建的、谁销毁的、能不能被拷贝、异常时会不会泄漏。 原理拆开 - 先区分标准语义和常见实现，例如虚表、SSO、容器扩容倍数都属于实现细节。 - 回答时尽量围绕生命周期：对象什么时候构造、什么时候析构、谁拥有资源、异常时会怎样。 - 如果涉及性能，要说明减少的是拷贝、分配、锁竞争还是运行期派发。 下面是这道题需要掌握的核心内容： 面试回答版： 异常安全通常分三档：基本保证是不泄露资源、对象仍可析构；强保证是操作失败后状态回滚到调用前；不抛保证是函数承诺不抛异常。C++ 中用 RAII 管资源、先构造临时对象再交换、移动构造标记 noexcept，都是提高异常安全的常见手段。 追问补充： vector 扩容时如果元素移动构造不是 noexcept，为了强异常安全可能选择拷贝。 代码/伪代码示例 代码见原文 底层原理再往下一层 再往下一层看，C++ 题通常会落到对象模型、ABI、编译器生成的特殊成员函数、栈展开、动态分配器和标准库实现。面试中不要把这些实现细节说成标准强制，但要知道常见实现为什么会这样做。 面试回答版 回答时可以按“三段式”讲： 1. 先给结论，直接回答它是什么或怎么做。 2. 再解释原因，把底层机制或设计动机讲出来。 3. 最后补一个边界，例如什么时候不适用、哪里容易错、工程里怎么验证。 如果只剩 30 秒，可以压缩成：异常安全通常分三档：基本保证是不泄露资源、对象仍可析构；强保证是操作失败后状态回滚到调用前；不抛保证是函数承诺不抛异常。C++ 中用 RAII 管资源、先构造临时对象再交换、移动构造标记 noexcept，都是提高异常安全的常见手段。 易错点 不要把常见实现说成标准保证；也不要只背概念名词，要落到生命周期、所有权和异常安全。 面试官可能继续追问 - 如果发生拷贝/移动/析构，会不会出错？ - 这是标准保证还是某个编译器/库的实现？ - 异常路径下资源会不会泄漏？	C++
string_view 有什么坑？	这题在考什么 考察你是否理解 C++ 的类型语义、对象生命周期、所有权、编译期/运行期边界，而不是只背语法名词。 先用人话理解 这题可以先抓住一句主线：std::string_view 是非拥有的字符串视图，保存指针和长度，适合只读传参，避免拷贝。最大坑是生命周期：它不拥有数据，不能引用已经销毁的临时字符串或局部字符串。它也不保证以 \0 结尾，所以传给 C API 前要小心。 易错点： 返回 string_view 指向函数内局部 std::string 是悬空引用。 学习 C++ 题时，可以先问自己：这个对象是谁创建的、谁销毁的、能不能被拷贝、异常时会不会泄漏。 原理拆开 - 先区分标准语义和常见实现，例如虚表、SSO、容器扩容倍数都属于实现细节。 - 回答时尽量围绕生命周期：对象什么时候构造、什么时候析构、谁拥有资源、异常时会怎样。 - 如果涉及性能，要说明减少的是拷贝、分配、锁竞争还是运行期派发。 下面是这道题需要掌握的核心内容： 面试回答版： std::string_view 是非拥有的字符串视图，保存指针和长度，适合只读传参，避免拷贝。最大坑是生命周期：它不拥有数据，不能引用已经销毁的临时字符串或局部字符串。它也不保证以 \0 结尾，所以传给 C API 前要小心。 易错点： 返回 string_view 指向函数内局部 std::string 是悬空引用。 --- 代码/伪代码示例 代码见原文 底层原理再往下一层 再往下一层看，C++ 题通常会落到对象模型、ABI、编译器生成的特殊成员函数、栈展开、动态分配器和标准库实现。面试中不要把这些实现细节说成标准强制，但要知道常见实现为什么会这样做。 面试回答版 回答时可以按“三段式”讲： 1. 先给结论，直接回答它是什么或怎么做。 2. 再解释原因，把底层机制或设计动机讲出来。 3. 最后补一个边界，例如什么时候不适用、哪里容易错、工程里怎么验证。 如果只剩 30 秒，可以压缩成：std::string_view 是非拥有的字符串视图，保存指针和长度，适合只读传参，避免拷贝。最大坑是生命周期：它不拥有数据，不能引用已经销毁的临时字符串或局部字符串。它也不保证以 \0 结尾，所以传给 C API 前要小心。 易错点： 返回 string_view 指向函数内局部 std::string 是悬空引用。 易错点 不要把常见实现说成标准保证；也不要只背概念名词，要落到生命周期、所有权和异常安全。 面试官可能继续追问 - 如果发生拷贝/移动/析构，会不会出错？ - 这是标准保证还是某个编译器/库的实现？ - 异常路径下资源会不会泄漏？	C++
vector 底层、扩容和迭代器失效？	这题在考什么 考察你对进程、内存、文件描述符、系统调用和性能排查的理解。 先用人话理解 这题可以先抓住一句主线：vector 使用连续内存，支持 O(1) 随机访问，尾插均摊 O(1)。容量不足时会重新分配更大的连续空间，把旧元素移动或拷贝过去，再释放旧空间。扩容会导致所有指针、引用、迭代器失效；非尾部插入/删除也会让插入/删除位置及其后的迭代器失效。 追问补充： - 增长倍数是实现策略，常见为 1.5 或 2，不是标准规定。 vector 像一排连续座位。座位不够时要整体搬家，所以旧座位号、旧指针和旧迭代器会失效。 原理拆开 - 先区分用户态看到的抽象和内核里的真实资源，例如 fd、页表、虚拟内存。 - 再说明为什么这个机制能提升隔离性、性能或可管理性。 - 排查类问题要按指标、工具、现象、根因的顺序讲。 下面是这道题需要掌握的核心内容： 面试回答版： vector 使用连续内存，支持 O(1) 随机访问，尾插均摊 O(1)。容量不足时会重新分配更大的连续空间，把旧元素移动或拷贝过去，再释放旧空间。扩容会导致所有指针、引用、迭代器失效；非尾部插入/删除也会让插入/删除位置及其后的迭代器失效。 追问补充： - 增长倍数是实现策略，常见为 1.5 或 2，不是标准规定。 - 已知规模时用 reserve 减少扩容次数。 - resize 改变元素个数，reserve 只改变容量。 代码/伪代码示例 代码见原文 底层原理再往下一层 再往下一层看，Linux 把很多东西都抽象成文件描述符、虚拟内存区域和内核对象。理解 fd 表、页表、调度和系统调用边界，很多现象就能解释清楚。 vector 的连续内存让 CPU 预取和缓存命中更好。扩容时需要分配新内存并移动/拷贝元素，所以旧地址失效。增长倍数是库实现策略，不是标准规定。 面试回答版 回答时可以按“三段式”讲： 1. 先给结论，直接回答它是什么或怎么做。 2. 再解释原因，把底层机制或设计动机讲出来。 3. 最后补一个边界，例如什么时候不适用、哪里容易错、工程里怎么验证。 如果只剩 30 秒，可以压缩成：vector 使用连续内存，支持 O(1) 随机访问，尾插均摊 O(1)。容量不足时会重新分配更大的连续空间，把旧元素移动或拷贝过去，再释放旧空间。扩容会导致所有指针、引用、迭代器失效；非尾部插入/删除也会让插入/删除位置及其后的迭代器失效。 追问补充： - 增长倍数是实现策略，常见为 1.5 或 2，不是标准规定。 易错点 不要把用户态现象和内核机制混在一起。比如内存增长不一定是泄漏，缺页也不一定是错误。 面试官可能继续追问 - 这个现象用什么命令或工具排查？ - 用户态和内核态各发生了什么？ - 资源限制在哪里配置？	Linux_OS
list、deque、vector 怎么选？	这题在考什么 考察你对进程、内存、文件描述符、系统调用和性能排查的理解。 先用人话理解 这题可以先抓住一句主线：默认优先 vector，因为连续内存缓存友好，遍历快。list 是双向链表，任意位置插入删除迭代器稳定，但随机访问差、内存额外开销大、缓存不友好。deque 是分段连续结构，支持头尾高效插入删除，随机访问也可以，但局部性通常不如 vector。 vector 像一排连续座位。座位不够时要整体搬家，所以旧座位号、旧指针和旧迭代器会失效。 原理拆开 - 先区分用户态看到的抽象和内核里的真实资源，例如 fd、页表、虚拟内存。 - 再说明为什么这个机制能提升隔离性、性能或可管理性。 - 排查类问题要按指标、工具、现象、根因的顺序讲。 下面是这道题需要掌握的核心内容： 面试回答版： 默认优先 vector，因为连续内存缓存友好，遍历快。list 是双向链表，任意位置插入删除迭代器稳定，但随机访问差、内存额外开销大、缓存不友好。deque 是分段连续结构，支持头尾高效插入删除，随机访问也可以，但局部性通常不如 vector。 追问补充： 真正频繁在中间插删且已经有迭代器定位时，list 才有优势；如果还需要查找位置，整体可能仍不快。 代码/伪代码示例 代码见原文 底层原理再往下一层 再往下一层看，Linux 把很多东西都抽象成文件描述符、虚拟内存区域和内核对象。理解 fd 表、页表、调度和系统调用边界，很多现象就能解释清楚。 vector 的连续内存让 CPU 预取和缓存命中更好。扩容时需要分配新内存并移动/拷贝元素，所以旧地址失效。增长倍数是库实现策略，不是标准规定。 面试回答版 回答时可以按“三段式”讲： 1. 先给结论，直接回答它是什么或怎么做。 2. 再解释原因，把底层机制或设计动机讲出来。 3. 最后补一个边界，例如什么时候不适用、哪里容易错、工程里怎么验证。 如果只剩 30 秒，可以压缩成：默认优先 vector，因为连续内存缓存友好，遍历快。list 是双向链表，任意位置插入删除迭代器稳定，但随机访问差、内存额外开销大、缓存不友好。deque 是分段连续结构，支持头尾高效插入删除，随机访问也可以，但局部性通常不如 vector。 易错点 不要把用户态现象和内核机制混在一起。比如内存增长不一定是泄漏，缺页也不一定是错误。 面试官可能继续追问 - 这个现象用什么命令或工具排查？ - 用户态和内核态各发生了什么？ - 资源限制在哪里配置？	Linux_OS
map 和 unordered_map 区别？	这题在考什么 考察你对进程、内存、文件描述符、系统调用和性能排查的理解。 先用人话理解 这题可以先抓住一句主线：map 通常基于红黑树，按 key 有序，查找/插入/删除 O(log n)，迭代有序。unordered_map 基于哈希表，平均 O(1)，最坏可能退化，迭代无序。需要范围查询、有序遍历、稳定复杂度时选 map；追求平均查找性能且 key 哈希可靠时选 unordered_map。 unordered_map 像按哈希分柜子。平均查找快，但柜子分布不好或扩柜 rehash 时会有成本。 原理拆开 - 先区分用户态看到的抽象和内核里的真实资源，例如 fd、页表、虚拟内存。 - 再说明为什么这个机制能提升隔离性、性能或可管理性。 - 排查类问题要按指标、工具、现象、根因的顺序讲。 下面是这道题需要掌握的核心内容： 面试回答版： map 通常基于红黑树，按 key 有序，查找/插入/删除 O(log n)，迭代有序。unordered_map 基于哈希表，平均 O(1)，最坏可能退化，迭代无序。需要范围查询、有序遍历、稳定复杂度时选 map；追求平均查找性能且 key 哈希可靠时选 unordered_map。 追问补充： - unordered_map rehash 会使迭代器失效。 - 自定义 key 要提供 hash 和相等比较。 - 哈希冲突过多会影响性能，工程中要注意负载因子和攻击性输入。 代码/伪代码示例 代码见原文 底层原理再往下一层 再往下一层看，Linux 把很多东西都抽象成文件描述符、虚拟内存区域和内核对象。理解 fd 表、页表、调度和系统调用边界，很多现象就能解释清楚。 面试回答版 回答时可以按“三段式”讲： 1. 先给结论，直接回答它是什么或怎么做。 2. 再解释原因，把底层机制或设计动机讲出来。 3. 最后补一个边界，例如什么时候不适用、哪里容易错、工程里怎么验证。 如果只剩 30 秒，可以压缩成：map 通常基于红黑树，按 key 有序，查找/插入/删除 O(log n)，迭代有序。unordered_map 基于哈希表，平均 O(1)，最坏可能退化，迭代无序。需要范围查询、有序遍历、稳定复杂度时选 map；追求平均查找性能且 key 哈希可靠时选 unordered_map。 易错点 不要把用户态现象和内核机制混在一起。比如内存增长不一定是泄漏，缺页也不一定是错误。 面试官可能继续追问 - 这个现象用什么命令或工具排查？ - 用户态和内核态各发生了什么？ - 资源限制在哪里配置？	Linux_OS
红黑树为什么常用于 map？	这题在考什么 考察你对进程、内存、文件描述符、系统调用和性能排查的理解。 先用人话理解 这题可以先抓住一句主线：红黑树是近似平衡二叉搜索树，插入删除通过旋转和颜色调整保持高度 O(log n)，因此查找、插入、删除都有稳定 O(log n) 复杂度。相比 AVL 树，它平衡要求更宽松，插入删除调整成本通常更低，适合通用关联容器。 易错点： 标准没有强制 map 必须用红黑树，只规定接口和复杂度要求；红黑树是主流实现。 map 像有序目录，查找不是最快的平均 O(1)，但顺序稳定，范围查询自然。 原理拆开 - 先区分用户态看到的抽象和内核里的真实资源，例如 fd、页表、虚拟内存。 - 再说明为什么这个机制能提升隔离性、性能或可管理性。 - 排查类问题要按指标、工具、现象、根因的顺序讲。 下面是这道题需要掌握的核心内容： 面试回答版： 红黑树是近似平衡二叉搜索树，插入删除通过旋转和颜色调整保持高度 O(log n)，因此查找、插入、删除都有稳定 O(log n) 复杂度。相比 AVL 树，它平衡要求更宽松，插入删除调整成本通常更低，适合通用关联容器。 易错点： 标准没有强制 map 必须用红黑树，只规定接口和复杂度要求；红黑树是主流实现。 代码/伪代码示例 代码见原文 底层原理再往下一层 再往下一层看，Linux 把很多东西都抽象成文件描述符、虚拟内存区域和内核对象。理解 fd 表、页表、调度和系统调用边界，很多现象就能解释清楚。 面试回答版 回答时可以按“三段式”讲： 1. 先给结论，直接回答它是什么或怎么做。 2. 再解释原因，把底层机制或设计动机讲出来。 3. 最后补一个边界，例如什么时候不适用、哪里容易错、工程里怎么验证。 如果只剩 30 秒，可以压缩成：红黑树是近似平衡二叉搜索树，插入删除通过旋转和颜色调整保持高度 O(log n)，因此查找、插入、删除都有稳定 O(log n) 复杂度。相比 AVL 树，它平衡要求更宽松，插入删除调整成本通常更低，适合通用关联容器。 易错点： 标准没有强制 map 必须用红黑树，只规定接口和复杂度要求；红黑树是主流实现。 易错点 不要把用户态现象和内核机制混在一起。比如内存增长不一定是泄漏，缺页也不一定是错误。 面试官可能继续追问 - 这个现象用什么命令或工具排查？ - 用户态和内核态各发生了什么？ - 资源限制在哪里配置？	Linux_OS
set 里元素为什么不能随便改？	这题在考什么 考察你对进程、内存、文件描述符、系统调用和性能排查的理解。 先用人话理解 这题可以先抓住一句主线：set 的元素本身就是 key，容器内部依赖 key 的排序关系维护树结构。如果直接修改元素导致排序关系变化，容器结构会被破坏。因此 set 迭代器通常提供只读访问。要修改 key，应先删除旧元素再插入新元素。 这类题先抓主线，再补边界；不要一开始把所有分支都铺开。 原理拆开 - 先区分用户态看到的抽象和内核里的真实资源，例如 fd、页表、虚拟内存。 - 再说明为什么这个机制能提升隔离性、性能或可管理性。 - 排查类问题要按指标、工具、现象、根因的顺序讲。 下面是这道题需要掌握的核心内容： 面试回答版： set 的元素本身就是 key，容器内部依赖 key 的排序关系维护树结构。如果直接修改元素导致排序关系变化，容器结构会被破坏。因此 set 迭代器通常提供只读访问。要修改 key，应先删除旧元素再插入新元素。 代码/伪代码示例 代码见原文 底层原理再往下一层 再往下一层看，Linux 把很多东西都抽象成文件描述符、虚拟内存区域和内核对象。理解 fd 表、页表、调度和系统调用边界，很多现象就能解释清楚。 面试回答版 回答时可以按“三段式”讲： 1. 先给结论，直接回答它是什么或怎么做。 2. 再解释原因，把底层机制或设计动机讲出来。 3. 最后补一个边界，例如什么时候不适用、哪里容易错、工程里怎么验证。 如果只剩 30 秒，可以压缩成：set 的元素本身就是 key，容器内部依赖 key 的排序关系维护树结构。如果直接修改元素导致排序关系变化，容器结构会被破坏。因此 set 迭代器通常提供只读访问。要修改 key，应先删除旧元素再插入新元素。 易错点 不要把用户态现象和内核机制混在一起。比如内存增长不一定是泄漏，缺页也不一定是错误。 面试官可能继续追问 - 这个现象用什么命令或工具排查？ - 用户态和内核态各发生了什么？ - 资源限制在哪里配置？	Linux_OS
智能指针怎么选？	这题在考什么 考察你对进程、内存、文件描述符、系统调用和性能排查的理解。 先用人话理解 这题可以先抓住一句主线：unique_ptr 表示唯一所有权，不能拷贝，可以移动，默认首选。shared_ptr 表示共享所有权，通过引用计数管理生命周期，最后一个引用释放时析构对象。weak_ptr 不拥有对象，用于观察 shared_ptr 管理的对象，常用于打破循环引用。 这类题先抓主线，再补边界；不要一开始把所有分支都铺开。 原理拆开 - 先区分用户态看到的抽象和内核里的真实资源，例如 fd、页表、虚拟内存。 - 再说明为什么这个机制能提升隔离性、性能或可管理性。 - 排查类问题要按指标、工具、现象、根因的顺序讲。 下面是这道题需要掌握的核心内容： 面试回答版： unique_ptr 表示唯一所有权，不能拷贝，可以移动，默认首选。shared_ptr 表示共享所有权，通过引用计数管理生命周期，最后一个引用释放时析构对象。weak_ptr 不拥有对象，用于观察 shared_ptr 管理的对象，常用于打破循环引用。 追问补充： - 能用 unique_ptr 就不要上来用 shared_ptr，共享所有权会让生命周期变复杂。 - make_unique、make_shared 通常更安全，异常安全更好。 - shared_ptr 控制块里通常有强引用计数、弱引用计数、删除器等。 代码/伪代码示例 代码见原文 底层原理再往下一层 再往下一层看，Linux 把很多东西都抽象成文件描述符、虚拟内存区域和内核对象。理解 fd 表、页表、调度和系统调用边界，很多现象就能解释清楚。 面试回答版 回答时可以按“三段式”讲： 1. 先给结论，直接回答它是什么或怎么做。 2. 再解释原因，把底层机制或设计动机讲出来。 3. 最后补一个边界，例如什么时候不适用、哪里容易错、工程里怎么验证。 如果只剩 30 秒，可以压缩成：unique_ptr 表示唯一所有权，不能拷贝，可以移动，默认首选。shared_ptr 表示共享所有权，通过引用计数管理生命周期，最后一个引用释放时析构对象。weak_ptr 不拥有对象，用于观察 shared_ptr 管理的对象，常用于打破循环引用。 易错点 不要把用户态现象和内核机制混在一起。比如内存增长不一定是泄漏，缺页也不一定是错误。 面试官可能继续追问 - 这个现象用什么命令或工具排查？ - 用户态和内核态各发生了什么？ - 资源限制在哪里配置？	Linux_OS
shared_ptr 的线程安全怎么说？	这题在考什么 考察你是否能把共享状态、同步关系、线程生命周期和异常退出讲清楚。 先用人话理解 这题可以先抓住一句主线：不同 shared_ptr 对象共同管理同一控制块时，引用计数增减通常是线程安全的；但被管理对象本身不是自动线程安全的。多个线程同时读写同一个 shared_ptr 实例也需要同步，或者使用专门的原子 shared_ptr 操作。 可以把 shared_ptr 想成“对象 + 账本”。对象是真正的数据，账本是控制块，记录还有多少人拥有它。 原理拆开 - 先找共享状态：哪些数据会被多个线程同时访问。 - 再找同步手段：锁、条件变量、原子、队列、线程封闭。 - 最后说退出和异常：线程怎么停、任务失败怎么办、资源谁释放。 下面是这道题需要掌握的核心内容： 面试回答版： 不同 shared_ptr 对象共同管理同一控制块时，引用计数增减通常是线程安全的；但被管理对象本身不是自动线程安全的。多个线程同时读写同一个 shared_ptr 实例也需要同步，或者使用专门的原子 shared_ptr 操作。 易错点： 不要说“shared_ptr 是线程安全的”就结束，要区分控制块、指针对象本身、被管理对象三层。 代码/伪代码示例 代码见原文 底层原理再往下一层 再往下一层看，并发问题最终会落到 CPU 缓存一致性、内存可见性、阻塞/唤醒、调度和锁竞争。代码写对优先于追求无锁，除非你能验证性能瓶颈。 shared_ptr 的关键不是指针本身，而是控制块。控制块里的强引用计数决定对象何时析构，弱引用计数决定控制块何时释放。计数增减通常要用原子操作，所以 shared_ptr 有一定并发和性能成本。 面试回答版 回答时可以按“三段式”讲： 1. 先给结论，直接回答它是什么或怎么做。 2. 再解释原因，把底层机制或设计动机讲出来。 3. 最后补一个边界，例如什么时候不适用、哪里容易错、工程里怎么验证。 如果只剩 30 秒，可以压缩成：不同 shared_ptr 对象共同管理同一控制块时，引用计数增减通常是线程安全的；但被管理对象本身不是自动线程安全的。多个线程同时读写同一个 shared_ptr 实例也需要同步，或者使用专门的原子 shared_ptr 操作。 易错点 不要只说加锁。面试官通常会继续问虚假唤醒、死锁、退出条件、异常和性能。 面试官可能继续追问 - 如果多个线程同时进来会怎样？ - 如何优雅退出？ - 锁粒度和性能瓶颈在哪里？	并发
shared_ptr 循环引用怎么解决？	这题在考什么 考察你对进程、内存、文件描述符、系统调用和性能排查的理解。 先用人话理解 这题可以先抓住一句主线：两个对象互相持有 shared_ptr 时，强引用计数都不会归零，导致内存泄漏。解决方法是把其中一个方向改为 weak_ptr，表达“观察关系”而不是所有权关系。使用时通过 lock() 临时获得 shared_ptr，并检查对象是否还存在。 示例： 代码见原文。 可以把 shared_ptr 想成“对象 + 账本”。对象是真正的数据，账本是控制块，记录还有多少人拥有它。 原理拆开 - 先区分用户态看到的抽象和内核里的真实资源，例如 fd、页表、虚拟内存。 - 再说明为什么这个机制能提升隔离性、性能或可管理性。 - 排查类问题要按指标、工具、现象、根因的顺序讲。 下面是这道题需要掌握的核心内容： 面试回答版： 两个对象互相持有 shared_ptr 时，强引用计数都不会归零，导致内存泄漏。解决方法是把其中一个方向改为 weak_ptr，表达“观察关系”而不是所有权关系。使用时通过 lock() 临时获得 shared_ptr，并检查对象是否还存在。 示例： 代码见原文 代码/伪代码示例 代码见原文 底层原理再往下一层 再往下一层看，Linux 把很多东西都抽象成文件描述符、虚拟内存区域和内核对象。理解 fd 表、页表、调度和系统调用边界，很多现象就能解释清楚。 shared_ptr 的关键不是指针本身，而是控制块。控制块里的强引用计数决定对象何时析构，弱引用计数决定控制块何时释放。计数增减通常要用原子操作，所以 shared_ptr 有一定并发和性能成本。 面试回答版 回答时可以按“三段式”讲： 1. 先给结论，直接回答它是什么或怎么做。 2. 再解释原因，把底层机制或设计动机讲出来。 3. 最后补一个边界，例如什么时候不适用、哪里容易错、工程里怎么验证。 如果只剩 30 秒，可以压缩成：两个对象互相持有 shared_ptr 时，强引用计数都不会归零，导致内存泄漏。解决方法是把其中一个方向改为 weak_ptr，表达“观察关系”而不是所有权关系。使用时通过 lock() 临时获得 shared_ptr，并检查对象是否还存在。 示例： 代码见原文。 易错点 不要把用户态现象和内核机制混在一起。比如内存增长不一定是泄漏，缺页也不一定是错误。 面试官可能继续追问 - 这个现象用什么命令或工具排查？ - 用户态和内核态各发生了什么？ - 资源限制在哪里配置？	Linux_OS
make_shared 有什么优缺点？	这题在考什么 考察你对进程、内存、文件描述符、系统调用和性能排查的理解。 先用人话理解 这题可以先抓住一句主线：make_shared 通常一次分配控制块和对象，减少分配次数，异常安全也更好。缺点是对象和控制块同一块内存，若还有 weak_ptr 存在，即使对象已析构，整块内存可能要等弱引用计数归零后才释放；自定义删除器、私有构造等场景也可能不适合。 这类题先抓主线，再补边界；不要一开始把所有分支都铺开。 原理拆开 - 先区分用户态看到的抽象和内核里的真实资源，例如 fd、页表、虚拟内存。 - 再说明为什么这个机制能提升隔离性、性能或可管理性。 - 排查类问题要按指标、工具、现象、根因的顺序讲。 下面是这道题需要掌握的核心内容： 面试回答版： make_shared 通常一次分配控制块和对象，减少分配次数，异常安全也更好。缺点是对象和控制块同一块内存，若还有 weak_ptr 存在，即使对象已析构，整块内存可能要等弱引用计数归零后才释放；自定义删除器、私有构造等场景也可能不适合。 代码/伪代码示例 代码见原文 底层原理再往下一层 再往下一层看，Linux 把很多东西都抽象成文件描述符、虚拟内存区域和内核对象。理解 fd 表、页表、调度和系统调用边界，很多现象就能解释清楚。 面试回答版 回答时可以按“三段式”讲： 1. 先给结论，直接回答它是什么或怎么做。 2. 再解释原因，把底层机制或设计动机讲出来。 3. 最后补一个边界，例如什么时候不适用、哪里容易错、工程里怎么验证。 如果只剩 30 秒，可以压缩成：make_shared 通常一次分配控制块和对象，减少分配次数，异常安全也更好。缺点是对象和控制块同一块内存，若还有 weak_ptr 存在，即使对象已析构，整块内存可能要等弱引用计数归零后才释放；自定义删除器、私有构造等场景也可能不适合。 易错点 不要把用户态现象和内核机制混在一起。比如内存增长不一定是泄漏，缺页也不一定是错误。 面试官可能继续追问 - 这个现象用什么命令或工具排查？ - 用户态和内核态各发生了什么？ - 资源限制在哪里配置？	Linux_OS
迭代器失效怎么系统回答？	这题在考什么 考察你对进程、内存、文件描述符、系统调用和性能排查的理解。 先用人话理解 这题可以先抓住一句主线：要按容器类型讲。vector 扩容会使全部迭代器/引用/指针失效，插删位置及之后也会失效。deque 在头尾插入通常比中间插入稳定，但迭代器失效规则更复杂。list 插入删除通常不影响其他元素迭代器。关联容器如 map/set 插入通常不影响已有迭代器，删除只影响被删元素。无序容器 rehash 会使迭代器失效。 这类题先抓主线，再补边界；不要一开始把所有分支都铺开。 原理拆开 - 先区分用户态看到的抽象和内核里的真实资源，例如 fd、页表、虚拟内存。 - 再说明为什么这个机制能提升隔离性、性能或可管理性。 - 排查类问题要按指标、工具、现象、根因的顺序讲。 下面是这道题需要掌握的核心内容： 面试回答版： 要按容器类型讲。vector 扩容会使全部迭代器/引用/指针失效，插删位置及之后也会失效。deque 在头尾插入通常比中间插入稳定，但迭代器失效规则更复杂。list 插入删除通常不影响其他元素迭代器。关联容器如 map/set 插入通常不影响已有迭代器，删除只影响被删元素。无序容器 rehash 会使迭代器失效。 易错点： 循环中边遍历边删除要使用 it = container.erase(it) 这类返回值，不能删除后继续用旧迭代器。 代码/伪代码示例 代码见原文 底层原理再往下一层 再往下一层看，Linux 把很多东西都抽象成文件描述符、虚拟内存区域和内核对象。理解 fd 表、页表、调度和系统调用边界，很多现象就能解释清楚。 面试回答版 回答时可以按“三段式”讲： 1. 先给结论，直接回答它是什么或怎么做。 2. 再解释原因，把底层机制或设计动机讲出来。 3. 最后补一个边界，例如什么时候不适用、哪里容易错、工程里怎么验证。 如果只剩 30 秒，可以压缩成：要按容器类型讲。vector 扩容会使全部迭代器/引用/指针失效，插删位置及之后也会失效。deque 在头尾插入通常比中间插入稳定，但迭代器失效规则更复杂。list 插入删除通常不影响其他元素迭代器。关联容器如 map/set 插入通常不影响已有迭代器，删除只影响被删元素。无序容器 rehash 会使迭代器失效。 易错点 不要把用户态现象和内核机制混在一起。比如内存增长不一定是泄漏，缺页也不一定是错误。 面试官可能继续追问 - 这个现象用什么命令或工具排查？ - 用户态和内核态各发生了什么？ - 资源限制在哪里配置？	Linux_OS
emplace_back 一定比 push_back 快吗？	这题在考什么 考察你对进程、内存、文件描述符、系统调用和性能排查的理解。 先用人话理解 这题可以先抓住一句主线：不一定。emplace_back 在容器内直接构造元素，可以避免临时对象构造/移动，适合传构造参数。若已经有一个对象，push_back(std::move(obj)) 和 emplace_back(std::move(obj)) 差异可能很小。可读性和语义也要考虑。 这类题先抓主线，再补边界；不要一开始把所有分支都铺开。 原理拆开 - 先区分用户态看到的抽象和内核里的真实资源，例如 fd、页表、虚拟内存。 - 再说明为什么这个机制能提升隔离性、性能或可管理性。 - 排查类问题要按指标、工具、现象、根因的顺序讲。 下面是这道题需要掌握的核心内容： 面试回答版： 不一定。emplace_back 在容器内直接构造元素，可以避免临时对象构造/移动，适合传构造参数。若已经有一个对象，push_back(std::move(obj)) 和 emplace_back(std::move(obj)) 差异可能很小。可读性和语义也要考虑。 易错点： emplace_back 可能触发更意外的隐式构造，复杂场景下不总是更清晰。 代码/伪代码示例 代码见原文 底层原理再往下一层 再往下一层看，Linux 把很多东西都抽象成文件描述符、虚拟内存区域和内核对象。理解 fd 表、页表、调度和系统调用边界，很多现象就能解释清楚。 面试回答版 回答时可以按“三段式”讲： 1. 先给结论，直接回答它是什么或怎么做。 2. 再解释原因，把底层机制或设计动机讲出来。 3. 最后补一个边界，例如什么时候不适用、哪里容易错、工程里怎么验证。 如果只剩 30 秒，可以压缩成：不一定。emplace_back 在容器内直接构造元素，可以避免临时对象构造/移动，适合传构造参数。若已经有一个对象，push_back(std::move(obj)) 和 emplace_back(std::move(obj)) 差异可能很小。可读性和语义也要考虑。 易错点 不要把用户态现象和内核机制混在一起。比如内存增长不一定是泄漏，缺页也不一定是错误。 面试官可能继续追问 - 这个现象用什么命令或工具排查？ - 用户态和内核态各发生了什么？ - 资源限制在哪里配置？	Linux_OS
std::sort 和稳定排序？	这题在考什么 考察你对进程、内存、文件描述符、系统调用和性能排查的理解。 先用人话理解 这题可以先抓住一句主线：std::sort 要求平均 O(n log n)，不保证稳定性；主流实现常用 introsort，结合快排、堆排、插入排序。std::stable_sort 保证相等元素相对顺序不变，通常需要额外内存，常见复杂度 O(n log n)。 这类题先抓主线，再补边界；不要一开始把所有分支都铺开。 原理拆开 - 先区分用户态看到的抽象和内核里的真实资源，例如 fd、页表、虚拟内存。 - 再说明为什么这个机制能提升隔离性、性能或可管理性。 - 排查类问题要按指标、工具、现象、根因的顺序讲。 下面是这道题需要掌握的核心内容： 面试回答版： std::sort 要求平均 O(n log n)，不保证稳定性；主流实现常用 introsort，结合快排、堆排、插入排序。std::stable_sort 保证相等元素相对顺序不变，通常需要额外内存，常见复杂度 O(n log n)。 代码/伪代码示例 代码见原文 底层原理再往下一层 再往下一层看，Linux 把很多东西都抽象成文件描述符、虚拟内存区域和内核对象。理解 fd 表、页表、调度和系统调用边界，很多现象就能解释清楚。 面试回答版 回答时可以按“三段式”讲： 1. 先给结论，直接回答它是什么或怎么做。 2. 再解释原因，把底层机制或设计动机讲出来。 3. 最后补一个边界，例如什么时候不适用、哪里容易错、工程里怎么验证。 如果只剩 30 秒，可以压缩成：std::sort 要求平均 O(n log n)，不保证稳定性；主流实现常用 introsort，结合快排、堆排、插入排序。std::stable_sort 保证相等元素相对顺序不变，通常需要额外内存，常见复杂度 O(n log n)。 易错点 不要把用户态现象和内核机制混在一起。比如内存增长不一定是泄漏，缺页也不一定是错误。 面试官可能继续追问 - 这个现象用什么命令或工具排查？ - 用户态和内核态各发生了什么？ - 资源限制在哪里配置？	Linux_OS
std::string 的 SSO 是什么？	这题在考什么 考察你对进程、内存、文件描述符、系统调用和性能排查的理解。 先用人话理解 这题可以先抓住一句主线：SSO 是 Small String Optimization，小字符串优化。许多标准库实现会把短字符串直接存在 std::string 对象内部，避免堆分配，提高性能。但 C++ 标准不强制 SSO，也不规定具体阈值，所以面试中要说“常见实现”。 易错点： 不要依赖 SSO 的长度阈值写业务逻辑。 这类题先抓主线，再补边界；不要一开始把所有分支都铺开。 原理拆开 - 先区分用户态看到的抽象和内核里的真实资源，例如 fd、页表、虚拟内存。 - 再说明为什么这个机制能提升隔离性、性能或可管理性。 - 排查类问题要按指标、工具、现象、根因的顺序讲。 下面是这道题需要掌握的核心内容： 面试回答版： SSO 是 Small String Optimization，小字符串优化。许多标准库实现会把短字符串直接存在 std::string 对象内部，避免堆分配，提高性能。但 C++ 标准不强制 SSO，也不规定具体阈值，所以面试中要说“常见实现”。 易错点： 不要依赖 SSO 的长度阈值写业务逻辑。 代码/伪代码示例 代码见原文 底层原理再往下一层 再往下一层看，Linux 把很多东西都抽象成文件描述符、虚拟内存区域和内核对象。理解 fd 表、页表、调度和系统调用边界，很多现象就能解释清楚。 面试回答版 回答时可以按“三段式”讲： 1. 先给结论，直接回答它是什么或怎么做。 2. 再解释原因，把底层机制或设计动机讲出来。 3. 最后补一个边界，例如什么时候不适用、哪里容易错、工程里怎么验证。 如果只剩 30 秒，可以压缩成：SSO 是 Small String Optimization，小字符串优化。许多标准库实现会把短字符串直接存在 std::string 对象内部，避免堆分配，提高性能。但 C++ 标准不强制 SSO，也不规定具体阈值，所以面试中要说“常见实现”。 易错点： 不要依赖 SSO 的长度阈值写业务逻辑。 易错点 不要把用户态现象和内核机制混在一起。比如内存增长不一定是泄漏，缺页也不一定是错误。 面试官可能继续追问 - 这个现象用什么命令或工具排查？ - 用户态和内核态各发生了什么？ - 资源限制在哪里配置？	Linux_OS
内存泄漏怎么定位？	这题在考什么 考察你对进程、内存、文件描述符、系统调用和性能排查的理解。 先用人话理解 这题可以先抓住一句主线：先从所有权设计上减少泄漏：RAII、智能指针、容器管理资源。定位时可以用 AddressSanitizer、LeakSanitizer、Valgrind、heap profiler、日志统计分配释放、重载 new/delete 或 jemalloc/tcmalloc 工具。 这类题先抓主线，再补边界；不要一开始把所有分支都铺开。 原理拆开 - 先区分用户态看到的抽象和内核里的真实资源，例如 fd、页表、虚拟内存。 - 再说明为什么这个机制能提升隔离性、性能或可管理性。 - 排查类问题要按指标、工具、现象、根因的顺序讲。 下面是这道题需要掌握的核心内容： 面试回答版： 先从所有权设计上减少泄漏：RAII、智能指针、容器管理资源。定位时可以用 AddressSanitizer、LeakSanitizer、Valgrind、heap profiler、日志统计分配释放、重载 new/delete 或 jemalloc/tcmalloc 工具。工程上还要关注长期增长、缓存未淘汰、循环引用、线程未退出、句柄泄漏。 易错点： 内存持续增长不一定是泄漏，也可能是缓存、内存池、高水位未归还给 OS，需要结合业务和分配栈判断。 代码/伪代码示例 代码见原文 底层原理再往下一层 再往下一层看，Linux 把很多东西都抽象成文件描述符、虚拟内存区域和内核对象。理解 fd 表、页表、调度和系统调用边界，很多现象就能解释清楚。 面试回答版 回答时可以按“三段式”讲： 1. 先给结论，直接回答它是什么或怎么做。 2. 再解释原因，把底层机制或设计动机讲出来。 3. 最后补一个边界，例如什么时候不适用、哪里容易错、工程里怎么验证。 如果只剩 30 秒，可以压缩成：先从所有权设计上减少泄漏：RAII、智能指针、容器管理资源。定位时可以用 AddressSanitizer、LeakSanitizer、Valgrind、heap profiler、日志统计分配释放、重载 new/delete 或 jemalloc/tcmalloc 工具。 易错点 不要把用户态现象和内核机制混在一起。比如内存增长不一定是泄漏，缺页也不一定是错误。 面试官可能继续追问 - 这个现象用什么命令或工具排查？ - 用户态和内核态各发生了什么？ - 资源限制在哪里配置？	Linux_OS
野指针、悬空指针、内存越界怎么避免？	这题在考什么 考察你对进程、内存、文件描述符、系统调用和性能排查的理解。 先用人话理解 这题可以先抓住一句主线：野指针通常是未初始化指针；悬空指针是指向已释放或已销毁对象；越界是访问超出对象有效范围。避免方法包括初始化指针，释放后置空但不依赖置空解决所有问题，使用智能指针和容器，避免返回局部对象地址，打开 ASan/UBSan，代码评审重点看生命周期。 这类题先抓主线，再补边界；不要一开始把所有分支都铺开。 原理拆开 - 先区分用户态看到的抽象和内核里的真实资源，例如 fd、页表、虚拟内存。 - 再说明为什么这个机制能提升隔离性、性能或可管理性。 - 排查类问题要按指标、工具、现象、根因的顺序讲。 下面是这道题需要掌握的核心内容： 面试回答版： 野指针通常是未初始化指针；悬空指针是指向已释放或已销毁对象；越界是访问超出对象有效范围。避免方法包括初始化指针，释放后置空但不依赖置空解决所有问题，使用智能指针和容器，避免返回局部对象地址，打开 ASan/UBSan，代码评审重点看生命周期。 代码/伪代码示例 代码见原文 底层原理再往下一层 再往下一层看，Linux 把很多东西都抽象成文件描述符、虚拟内存区域和内核对象。理解 fd 表、页表、调度和系统调用边界，很多现象就能解释清楚。 面试回答版 回答时可以按“三段式”讲： 1. 先给结论，直接回答它是什么或怎么做。 2. 再解释原因，把底层机制或设计动机讲出来。 3. 最后补一个边界，例如什么时候不适用、哪里容易错、工程里怎么验证。 如果只剩 30 秒，可以压缩成：野指针通常是未初始化指针；悬空指针是指向已释放或已销毁对象；越界是访问超出对象有效范围。避免方法包括初始化指针，释放后置空但不依赖置空解决所有问题，使用智能指针和容器，避免返回局部对象地址，打开 ASan/UBSan，代码评审重点看生命周期。 易错点 不要把用户态现象和内核机制混在一起。比如内存增长不一定是泄漏，缺页也不一定是错误。 面试官可能继续追问 - 这个现象用什么命令或工具排查？ - 用户态和内核态各发生了什么？ - 资源限制在哪里配置？	Linux_OS
delete this 可以吗？	这题在考什么 考察你对进程、内存、文件描述符、系统调用和性能排查的理解。 先用人话理解 这题可以先抓住一句主线：语法上可以，但非常危险。前提是对象必须确实由 new 创建，并且 delete this 后不能再访问任何成员，也不能让外部继续使用该对象。工程上一般不建议，除非在引用计数对象、异步回调对象等非常受控的生命周期模型中。 这类题先抓主线，再补边界；不要一开始把所有分支都铺开。 原理拆开 - 先区分用户态看到的抽象和内核里的真实资源，例如 fd、页表、虚拟内存。 - 再说明为什么这个机制能提升隔离性、性能或可管理性。 - 排查类问题要按指标、工具、现象、根因的顺序讲。 下面是这道题需要掌握的核心内容： 面试回答版： 语法上可以，但非常危险。前提是对象必须确实由 new 创建，并且 delete this 后不能再访问任何成员，也不能让外部继续使用该对象。工程上一般不建议，除非在引用计数对象、异步回调对象等非常受控的生命周期模型中。 代码/伪代码示例 代码见原文 底层原理再往下一层 再往下一层看，Linux 把很多东西都抽象成文件描述符、虚拟内存区域和内核对象。理解 fd 表、页表、调度和系统调用边界，很多现象就能解释清楚。 malloc 底层通常不是每次都直接向操作系统要内存。常见分配器会维护不同大小的空闲块，小对象从用户态堆缓存里切块；大块内存可能通过 mmap；堆不够时再用 brk/sbrk 或 mmap 扩展。new 通常会先调用 operator new 拿原始内存，再调用构造函数。 面试回答版 回答时可以按“三段式”讲： 1. 先给结论，直接回答它是什么或怎么做。 2. 再解释原因，把底层机制或设计动机讲出来。 3. 最后补一个边界，例如什么时候不适用、哪里容易错、工程里怎么验证。 如果只剩 30 秒，可以压缩成：语法上可以，但非常危险。前提是对象必须确实由 new 创建，并且 delete this 后不能再访问任何成员，也不能让外部继续使用该对象。工程上一般不建议，除非在引用计数对象、异步回调对象等非常受控的生命周期模型中。 易错点 不要把用户态现象和内核机制混在一起。比如内存增长不一定是泄漏，缺页也不一定是错误。 面试官可能继续追问 - 这个现象用什么命令或工具排查？ - 用户态和内核态各发生了什么？ - 资源限制在哪里配置？	Linux_OS
placement new 用在什么场景？	这题在考什么 考察你对进程、内存、文件描述符、系统调用和性能排查的理解。 先用人话理解 这题可以先抓住一句主线：placement new 在已分配的原始内存上构造对象，常用于内存池、容器实现、共享内存对象构造等。它只调用构造函数，不分配内存；对象销毁时要显式调用析构函数，原始内存释放由外部负责。 示例： 代码见原文。 --- 这类题先抓主线，再补边界；不要一开始把所有分支都铺开。 原理拆开 - 先区分用户态看到的抽象和内核里的真实资源，例如 fd、页表、虚拟内存。 - 再说明为什么这个机制能提升隔离性、性能或可管理性。 - 排查类问题要按指标、工具、现象、根因的顺序讲。 下面是这道题需要掌握的核心内容： 面试回答版： placement new 在已分配的原始内存上构造对象，常用于内存池、容器实现、共享内存对象构造等。它只调用构造函数，不分配内存；对象销毁时要显式调用析构函数，原始内存释放由外部负责。 示例： 代码见原文 --- 代码/伪代码示例 代码见原文 底层原理再往下一层 再往下一层看，Linux 把很多东西都抽象成文件描述符、虚拟内存区域和内核对象。理解 fd 表、页表、调度和系统调用边界，很多现象就能解释清楚。 malloc 底层通常不是每次都直接向操作系统要内存。常见分配器会维护不同大小的空闲块，小对象从用户态堆缓存里切块；大块内存可能通过 mmap；堆不够时再用 brk/sbrk 或 mmap 扩展。new 通常会先调用 operator new 拿原始内存，再调用构造函数。 面试回答版 回答时可以按“三段式”讲： 1. 先给结论，直接回答它是什么或怎么做。 2. 再解释原因，把底层机制或设计动机讲出来。 3. 最后补一个边界，例如什么时候不适用、哪里容易错、工程里怎么验证。 如果只剩 30 秒，可以压缩成：placement new 在已分配的原始内存上构造对象，常用于内存池、容器实现、共享内存对象构造等。它只调用构造函数，不分配内存；对象销毁时要显式调用析构函数，原始内存释放由外部负责。 示例： 代码见原文。 --- 易错点 不要把用户态现象和内核机制混在一起。比如内存增长不一定是泄漏，缺页也不一定是错误。 面试官可能继续追问 - 这个现象用什么命令或工具排查？ - 用户态和内核态各发生了什么？ - 资源限制在哪里配置？	Linux_OS
进程和线程区别？	这题在考什么 考察你是否能把共享状态、同步关系、线程生命周期和异常退出讲清楚。 先用人话理解 这题可以先抓住一句主线：进程是资源分配的基本单位，拥有独立虚拟地址空间、文件描述符表等资源；线程是 CPU 调度的基本执行流，同一进程内线程共享地址空间和大部分进程资源，但有各自的栈、寄存器上下文、线程局部存储等。进程隔离性更好，线程通信成本低但同步复杂。 追问补充： 崩溃影响范围、上下文切换开销、通信方式、资源隔离是常见追问方向。 学习并发题时，可以先找共享变量，再问这几个变量是否可能被两个线程同时读写。 原理拆开 - 先找共享状态：哪些数据会被多个线程同时访问。 - 再找同步手段：锁、条件变量、原子、队列、线程封闭。 - 最后说退出和异常：线程怎么停、任务失败怎么办、资源谁释放。 下面是这道题需要掌握的核心内容： 面试回答版： 进程是资源分配的基本单位，拥有独立虚拟地址空间、文件描述符表等资源；线程是 CPU 调度的基本执行流，同一进程内线程共享地址空间和大部分进程资源，但有各自的栈、寄存器上下文、线程局部存储等。进程隔离性更好，线程通信成本低但同步复杂。 追问补充： 崩溃影响范围、上下文切换开销、通信方式、资源隔离是常见追问方向。 代码/伪代码示例 代码见原文 底层原理再往下一层 再往下一层看，并发问题最终会落到 CPU 缓存一致性、内存可见性、阻塞/唤醒、调度和锁竞争。代码写对优先于追求无锁，除非你能验证性能瓶颈。 面试回答版 回答时可以按“三段式”讲： 1. 先给结论，直接回答它是什么或怎么做。 2. 再解释原因，把底层机制或设计动机讲出来。 3. 最后补一个边界，例如什么时候不适用、哪里容易错、工程里怎么验证。 如果只剩 30 秒，可以压缩成：进程是资源分配的基本单位，拥有独立虚拟地址空间、文件描述符表等资源；线程是 CPU 调度的基本执行流，同一进程内线程共享地址空间和大部分进程资源，但有各自的栈、寄存器上下文、线程局部存储等。进程隔离性更好，线程通信成本低但同步复杂。 追问补充： 崩溃影响范围、上下文切换开销、通信方式、资源隔离是常见追问方向。 易错点 不要只说加锁。面试官通常会继续问虚假唤醒、死锁、退出条件、异常和性能。 面试官可能继续追问 - 如果多个线程同时进来会怎样？ - 如何优雅退出？ - 锁粒度和性能瓶颈在哪里？	并发
协程和线程区别？	这题在考什么 考察你是否能把共享状态、同步关系、线程生命周期和异常退出讲清楚。 先用人话理解 这题可以先抓住一句主线：线程由操作系统调度，切换需要内核参与；协程通常在用户态由运行时或程序主动挂起/恢复，切换更轻量。协程适合大量 IO 等待型任务，但不能自动利用多核，除非配合多线程调度器。 易错点： 协程不是让 CPU 计算更快，它主要减少并发等待场景的线程切换和栈开销。 学习并发题时，可以先找共享变量，再问这几个变量是否可能被两个线程同时读写。 原理拆开 - 先找共享状态：哪些数据会被多个线程同时访问。 - 再找同步手段：锁、条件变量、原子、队列、线程封闭。 - 最后说退出和异常：线程怎么停、任务失败怎么办、资源谁释放。 下面是这道题需要掌握的核心内容： 面试回答版： 线程由操作系统调度，切换需要内核参与；协程通常在用户态由运行时或程序主动挂起/恢复，切换更轻量。协程适合大量 IO 等待型任务，但不能自动利用多核，除非配合多线程调度器。 易错点： 协程不是让 CPU 计算更快，它主要减少并发等待场景的线程切换和栈开销。 代码/伪代码示例 代码见原文 底层原理再往下一层 再往下一层看，并发问题最终会落到 CPU 缓存一致性、内存可见性、阻塞/唤醒、调度和锁竞争。代码写对优先于追求无锁，除非你能验证性能瓶颈。 面试回答版 回答时可以按“三段式”讲： 1. 先给结论，直接回答它是什么或怎么做。 2. 再解释原因，把底层机制或设计动机讲出来。 3. 最后补一个边界，例如什么时候不适用、哪里容易错、工程里怎么验证。 如果只剩 30 秒，可以压缩成：线程由操作系统调度，切换需要内核参与；协程通常在用户态由运行时或程序主动挂起/恢复，切换更轻量。协程适合大量 IO 等待型任务，但不能自动利用多核，除非配合多线程调度器。 易错点： 协程不是让 CPU 计算更快，它主要减少并发等待场景的线程切换和栈开销。 易错点 不要只说加锁。面试官通常会继续问虚假唤醒、死锁、退出条件、异常和性能。 面试官可能继续追问 - 如果多个线程同时进来会怎样？ - 如何优雅退出？ - 锁粒度和性能瓶颈在哪里？	并发
fork 后父子进程发生什么？	这题在考什么 考察你是否能把共享状态、同步关系、线程生命周期和异常退出讲清楚。 先用人话理解 这题可以先抓住一句主线：fork 创建子进程，子进程几乎复制父进程的进程上下文。父子返回值不同：父进程返回子进程 pid，子进程返回 0，失败返回 -1。现代系统通常使用写时复制，父子开始共享物理页，只有某方写入时才复制页面。 追问补充： - 文件描述符会被继承，父子共享打开文件描述的文件偏移等状态。 学习并发题时，可以先找共享变量，再问这几个变量是否可能被两个线程同时读写。 原理拆开 - 先找共享状态：哪些数据会被多个线程同时访问。 - 再找同步手段：锁、条件变量、原子、队列、线程封闭。 - 最后说退出和异常：线程怎么停、任务失败怎么办、资源谁释放。 下面是这道题需要掌握的核心内容： 面试回答版： fork 创建子进程，子进程几乎复制父进程的进程上下文。父子返回值不同：父进程返回子进程 pid，子进程返回 0，失败返回 -1。现代系统通常使用写时复制，父子开始共享物理页，只有某方写入时才复制页面。 追问补充： - 文件描述符会被继承，父子共享打开文件描述的文件偏移等状态。 - 多线程程序中 fork 后子进程只保留调用 fork 的线程，锁状态可能危险。 代码/伪代码示例 代码见原文 底层原理再往下一层 再往下一层看，并发问题最终会落到 CPU 缓存一致性、内存可见性、阻塞/唤醒、调度和锁竞争。代码写对优先于追求无锁，除非你能验证性能瓶颈。 面试回答版 回答时可以按“三段式”讲： 1. 先给结论，直接回答它是什么或怎么做。 2. 再解释原因，把底层机制或设计动机讲出来。 3. 最后补一个边界，例如什么时候不适用、哪里容易错、工程里怎么验证。 如果只剩 30 秒，可以压缩成：fork 创建子进程，子进程几乎复制父进程的进程上下文。父子返回值不同：父进程返回子进程 pid，子进程返回 0，失败返回 -1。现代系统通常使用写时复制，父子开始共享物理页，只有某方写入时才复制页面。 追问补充： - 文件描述符会被继承，父子共享打开文件描述的文件偏移等状态。 易错点 不要只说加锁。面试官通常会继续问虚假唤醒、死锁、退出条件、异常和性能。 面试官可能继续追问 - 如果多个线程同时进来会怎样？ - 如何优雅退出？ - 锁粒度和性能瓶颈在哪里？	并发
虚拟内存有什么作用？	这题在考什么 考察你是否能把共享状态、同步关系、线程生命周期和异常退出讲清楚。 先用人话理解 这题可以先抓住一句主线：虚拟内存给每个进程提供独立连续的地址空间，通过页表映射到物理内存。它实现了进程隔离、按需分页、内存保护、共享库映射、文件映射和写时复制。程序看到的是虚拟地址，CPU 通过 MMU 和页表转换为物理地址。 追问补充： TLB 缓存虚拟页到物理页的转换，减少页表访问开销；缺页异常可能触发加载页面、分配物理页或非法访问信号。 学习并发题时，可以先找共享变量，再问这几个变量是否可能被两个线程同时读写。 原理拆开 - 先找共享状态：哪些数据会被多个线程同时访问。 - 再找同步手段：锁、条件变量、原子、队列、线程封闭。 - 最后说退出和异常：线程怎么停、任务失败怎么办、资源谁释放。 下面是这道题需要掌握的核心内容： 面试回答版： 虚拟内存给每个进程提供独立连续的地址空间，通过页表映射到物理内存。它实现了进程隔离、按需分页、内存保护、共享库映射、文件映射和写时复制。程序看到的是虚拟地址，CPU 通过 MMU 和页表转换为物理地址。 追问补充： TLB 缓存虚拟页到物理页的转换，减少页表访问开销；缺页异常可能触发加载页面、分配物理页或非法访问信号。 代码/伪代码示例 代码见原文 底层原理再往下一层 再往下一层看，并发问题最终会落到 CPU 缓存一致性、内存可见性、阻塞/唤醒、调度和锁竞争。代码写对优先于追求无锁，除非你能验证性能瓶颈。 面试回答版 回答时可以按“三段式”讲： 1. 先给结论，直接回答它是什么或怎么做。 2. 再解释原因，把底层机制或设计动机讲出来。 3. 最后补一个边界，例如什么时候不适用、哪里容易错、工程里怎么验证。 如果只剩 30 秒，可以压缩成：虚拟内存给每个进程提供独立连续的地址空间，通过页表映射到物理内存。它实现了进程隔离、按需分页、内存保护、共享库映射、文件映射和写时复制。程序看到的是虚拟地址，CPU 通过 MMU 和页表转换为物理地址。 追问补充： TLB 缓存虚拟页到物理页的转换，减少页表访问开销；缺页异常可能触发加载页面、分配物理页或非法访问信号。 易错点 不要只说加锁。面试官通常会继续问虚假唤醒、死锁、退出条件、异常和性能。 面试官可能继续追问 - 如果多个线程同时进来会怎样？ - 如何优雅退出？ - 锁粒度和性能瓶颈在哪里？	并发
堆和栈区别？	这题在考什么 考察你是否能把共享状态、同步关系、线程生命周期和异常退出讲清楚。 先用人话理解 这题可以先抓住一句主线：栈由编译器和运行时自动管理，函数调用创建栈帧，局部自动变量离开作用域自动销毁；堆由程序显式申请释放或由库封装管理，生命周期更灵活但容易泄漏和碎片。栈空间通常较小、分配快；堆空间更大但分配释放成本更高。 易错点： 大数组不要随便放栈上，可能栈溢出。 学习并发题时，可以先找共享变量，再问这几个变量是否可能被两个线程同时读写。 原理拆开 - 先找共享状态：哪些数据会被多个线程同时访问。 - 再找同步手段：锁、条件变量、原子、队列、线程封闭。 - 最后说退出和异常：线程怎么停、任务失败怎么办、资源谁释放。 下面是这道题需要掌握的核心内容： 面试回答版： 栈由编译器和运行时自动管理，函数调用创建栈帧，局部自动变量离开作用域自动销毁；堆由程序显式申请释放或由库封装管理，生命周期更灵活但容易泄漏和碎片。栈空间通常较小、分配快；堆空间更大但分配释放成本更高。 易错点： 大数组不要随便放栈上，可能栈溢出。 代码/伪代码示例 代码见原文 底层原理再往下一层 再往下一层看，并发问题最终会落到 CPU 缓存一致性、内存可见性、阻塞/唤醒、调度和锁竞争。代码写对优先于追求无锁，除非你能验证性能瓶颈。 面试回答版 回答时可以按“三段式”讲： 1. 先给结论，直接回答它是什么或怎么做。 2. 再解释原因，把底层机制或设计动机讲出来。 3. 最后补一个边界，例如什么时候不适用、哪里容易错、工程里怎么验证。 如果只剩 30 秒，可以压缩成：栈由编译器和运行时自动管理，函数调用创建栈帧，局部自动变量离开作用域自动销毁；堆由程序显式申请释放或由库封装管理，生命周期更灵活但容易泄漏和碎片。栈空间通常较小、分配快；堆空间更大但分配释放成本更高。 易错点： 大数组不要随便放栈上，可能栈溢出。 易错点 不要只说加锁。面试官通常会继续问虚假唤醒、死锁、退出条件、异常和性能。 面试官可能继续追问 - 如果多个线程同时进来会怎样？ - 如何优雅退出？ - 锁粒度和性能瓶颈在哪里？	并发
互斥锁、自旋锁、读写锁怎么选？	这题在考什么 考察你是否能把共享状态、同步关系、线程生命周期和异常退出讲清楚。 先用人话理解 这题可以先抓住一句主线：互斥锁竞争失败会阻塞线程，适合临界区较长或竞争较明显的场景。自旋锁竞争失败时忙等，适合临界区极短且等待时间可控的场景，否则浪费 CPU。读写锁允许多个读者并发、写者独占，适合读多写少，但要注意写者饥饿或读写优先策略。 学习并发题时，可以先找共享变量，再问这几个变量是否可能被两个线程同时读写。 原理拆开 - 先找共享状态：哪些数据会被多个线程同时访问。 - 再找同步手段：锁、条件变量、原子、队列、线程封闭。 - 最后说退出和异常：线程怎么停、任务失败怎么办、资源谁释放。 下面是这道题需要掌握的核心内容： 面试回答版： 互斥锁竞争失败会阻塞线程，适合临界区较长或竞争较明显的场景。自旋锁竞争失败时忙等，适合临界区极短且等待时间可控的场景，否则浪费 CPU。读写锁允许多个读者并发、写者独占，适合读多写少，但要注意写者饥饿或读写优先策略。 追问补充： 在用户态 C++ 中优先使用 std::mutex、std::shared_mutex 等标准设施，除非有明确性能证据再自定义锁。 代码/伪代码示例 代码见原文 底层原理再往下一层 再往下一层看，并发问题最终会落到 CPU 缓存一致性、内存可见性、阻塞/唤醒、调度和锁竞争。代码写对优先于追求无锁，除非你能验证性能瓶颈。 面试回答版 回答时可以按“三段式”讲： 1. 先给结论，直接回答它是什么或怎么做。 2. 再解释原因，把底层机制或设计动机讲出来。 3. 最后补一个边界，例如什么时候不适用、哪里容易错、工程里怎么验证。 如果只剩 30 秒，可以压缩成：互斥锁竞争失败会阻塞线程，适合临界区较长或竞争较明显的场景。自旋锁竞争失败时忙等，适合临界区极短且等待时间可控的场景，否则浪费 CPU。读写锁允许多个读者并发、写者独占，适合读多写少，但要注意写者饥饿或读写优先策略。 易错点 不要只说加锁。面试官通常会继续问虚假唤醒、死锁、退出条件、异常和性能。 面试官可能继续追问 - 如果多个线程同时进来会怎样？ - 如何优雅退出？ - 锁粒度和性能瓶颈在哪里？	并发
条件变量为什么要配合 while？	这题在考什么 考察你是否能把共享状态、同步关系、线程生命周期和异常退出讲清楚。 先用人话理解 这题可以先抓住一句主线：条件变量可能发生虚假唤醒，也可能多个线程被唤醒后只有一个拿到资源。因此等待时要在持锁状态下用 while 反复检查条件，而不是 if。标准写法是 cv.wait(lock, predicate)，它内部等价于循环检查。 示例： 代码见原文。 条件变量被唤醒不等于条件满足，所以醒来必须重新检查条件。 原理拆开 - 先找共享状态：哪些数据会被多个线程同时访问。 - 再找同步手段：锁、条件变量、原子、队列、线程封闭。 - 最后说退出和异常：线程怎么停、任务失败怎么办、资源谁释放。 下面是这道题需要掌握的核心内容： 面试回答版： 条件变量可能发生虚假唤醒，也可能多个线程被唤醒后只有一个拿到资源。因此等待时要在持锁状态下用 while 反复检查条件，而不是 if。标准写法是 cv.wait(lock, predicate)，它内部等价于循环检查。 示例： 代码见原文 代码/伪代码示例 代码见原文 底层原理再往下一层 再往下一层看，并发问题最终会落到 CPU 缓存一致性、内存可见性、阻塞/唤醒、调度和锁竞争。代码写对优先于追求无锁，除非你能验证性能瓶颈。 面试回答版 回答时可以按“三段式”讲： 1. 先给结论，直接回答它是什么或怎么做。 2. 再解释原因，把底层机制或设计动机讲出来。 3. 最后补一个边界，例如什么时候不适用、哪里容易错、工程里怎么验证。 如果只剩 30 秒，可以压缩成：条件变量可能发生虚假唤醒，也可能多个线程被唤醒后只有一个拿到资源。因此等待时要在持锁状态下用 while 反复检查条件，而不是 if。标准写法是 cv.wait(lock, predicate)，它内部等价于循环检查。 示例： 代码见原文。 易错点 不要只说加锁。面试官通常会继续问虚假唤醒、死锁、退出条件、异常和性能。 面试官可能继续追问 - 如果多个线程同时进来会怎样？ - 如何优雅退出？ - 锁粒度和性能瓶颈在哪里？	并发
死锁产生条件和避免方式？	这题在考什么 考察你是否能把共享状态、同步关系、线程生命周期和异常退出讲清楚。 先用人话理解 这题可以先抓住一句主线：经典必要条件是互斥、占有且等待、不可抢占、循环等待。避免方式包括固定加锁顺序、减少锁粒度和持锁时间、使用 std::lock 同时加多把锁、超时锁、避免持锁调用外部回调、用 RAII 管理锁释放。定位时看线程栈、锁等待图、日志和 core dump。 学习并发题时，可以先找共享变量，再问这几个变量是否可能被两个线程同时读写。 原理拆开 - 先找共享状态：哪些数据会被多个线程同时访问。 - 再找同步手段：锁、条件变量、原子、队列、线程封闭。 - 最后说退出和异常：线程怎么停、任务失败怎么办、资源谁释放。 下面是这道题需要掌握的核心内容： 面试回答版： 经典必要条件是互斥、占有且等待、不可抢占、循环等待。避免方式包括固定加锁顺序、减少锁粒度和持锁时间、使用 std::lock 同时加多把锁、超时锁、避免持锁调用外部回调、用 RAII 管理锁释放。定位时看线程栈、锁等待图、日志和 core dump。 代码/伪代码示例 代码见原文 底层原理再往下一层 再往下一层看，并发问题最终会落到 CPU 缓存一致性、内存可见性、阻塞/唤醒、调度和锁竞争。代码写对优先于追求无锁，除非你能验证性能瓶颈。 面试回答版 回答时可以按“三段式”讲： 1. 先给结论，直接回答它是什么或怎么做。 2. 再解释原因，把底层机制或设计动机讲出来。 3. 最后补一个边界，例如什么时候不适用、哪里容易错、工程里怎么验证。 如果只剩 30 秒，可以压缩成：经典必要条件是互斥、占有且等待、不可抢占、循环等待。避免方式包括固定加锁顺序、减少锁粒度和持锁时间、使用 std::lock 同时加多把锁、超时锁、避免持锁调用外部回调、用 RAII 管理锁释放。定位时看线程栈、锁等待图、日志和 core dump。 易错点 不要只说加锁。面试官通常会继续问虚假唤醒、死锁、退出条件、异常和性能。 面试官可能继续追问 - 如果多个线程同时进来会怎样？ - 如何优雅退出？ - 锁粒度和性能瓶颈在哪里？	并发
原子操作和内存序怎么回答？	这题在考什么 考察你是否能把共享状态、同步关系、线程生命周期和异常退出讲清楚。 先用人话理解 这题可以先抓住一句主线：std::atomic 保证对该对象的原子访问，避免数据竞争。默认 memory_order_seq_cst 最强，容易理解但可能更贵。memory_order_relaxed 只保证原子性不保证同步顺序。 学习并发题时，可以先找共享变量，再问这几个变量是否可能被两个线程同时读写。 原理拆开 - 先找共享状态：哪些数据会被多个线程同时访问。 - 再找同步手段：锁、条件变量、原子、队列、线程封闭。 - 最后说退出和异常：线程怎么停、任务失败怎么办、资源谁释放。 下面是这道题需要掌握的核心内容： 面试回答版： std::atomic 保证对该对象的原子访问，避免数据竞争。默认 memory_order_seq_cst 最强，容易理解但可能更贵。memory_order_relaxed 只保证原子性不保证同步顺序。release/acquire 常用于发布数据：写线程先写普通数据，再 release 存标志；读线程 acquire 读到标志后，就能看到之前写入的数据。 追问补充： 如果说不清内存序，面试中可以诚实说工程默认用锁或默认原子序，只有性能热点在充分测试后才降级内存序。 代码/伪代码示例 代码见原文 底层原理再往下一层 再往下一层看，并发问题最终会落到 CPU 缓存一致性、内存可见性、阻塞/唤醒、调度和锁竞争。代码写对优先于追求无锁，除非你能验证性能瓶颈。 原子操作不仅是“不能被打断”，还涉及 CPU 缓存之间的可见性和编译器/CPU 重排约束。不同 memory_order 本质是在性能和顺序保证之间取舍。 面试回答版 回答时可以按“三段式”讲： 1. 先给结论，直接回答它是什么或怎么做。 2. 再解释原因，把底层机制或设计动机讲出来。 3. 最后补一个边界，例如什么时候不适用、哪里容易错、工程里怎么验证。 如果只剩 30 秒，可以压缩成：std::atomic 保证对该对象的原子访问，避免数据竞争。默认 memory_order_seq_cst 最强，容易理解但可能更贵。memory_order_relaxed 只保证原子性不保证同步顺序。 易错点 不要只说加锁。面试官通常会继续问虚假唤醒、死锁、退出条件、异常和性能。 面试官可能继续追问 - 如果多个线程同时进来会怎样？ - 如何优雅退出？ - 锁粒度和性能瓶颈在哪里？	并发
什么是数据竞争？	这题在考什么 考察你是否能把共享状态、同步关系、线程生命周期和异常退出讲清楚。 先用人话理解 这题可以先抓住一句主线：多个线程并发访问同一内存位置，至少一个是写，并且没有同步关系，就构成数据竞争。C++ 中数据竞争会导致未定义行为，不只是读到旧值这么简单。解决方式是互斥锁、原子变量、线程封闭、消息队列等。 学习并发题时，可以先找共享变量，再问这几个变量是否可能被两个线程同时读写。 原理拆开 - 先找共享状态：哪些数据会被多个线程同时访问。 - 再找同步手段：锁、条件变量、原子、队列、线程封闭。 - 最后说退出和异常：线程怎么停、任务失败怎么办、资源谁释放。 下面是这道题需要掌握的核心内容： 面试回答版： 多个线程并发访问同一内存位置，至少一个是写，并且没有同步关系，就构成数据竞争。C++ 中数据竞争会导致未定义行为，不只是读到旧值这么简单。解决方式是互斥锁、原子变量、线程封闭、消息队列等。 代码/伪代码示例 代码见原文 底层原理再往下一层 再往下一层看，并发问题最终会落到 CPU 缓存一致性、内存可见性、阻塞/唤醒、调度和锁竞争。代码写对优先于追求无锁，除非你能验证性能瓶颈。 面试回答版 回答时可以按“三段式”讲： 1. 先给结论，直接回答它是什么或怎么做。 2. 再解释原因，把底层机制或设计动机讲出来。 3. 最后补一个边界，例如什么时候不适用、哪里容易错、工程里怎么验证。 如果只剩 30 秒，可以压缩成：多个线程并发访问同一内存位置，至少一个是写，并且没有同步关系，就构成数据竞争。C++ 中数据竞争会导致未定义行为，不只是读到旧值这么简单。解决方式是互斥锁、原子变量、线程封闭、消息队列等。 易错点 不要只说加锁。面试官通常会继续问虚假唤醒、死锁、退出条件、异常和性能。 面试官可能继续追问 - 如果多个线程同时进来会怎样？ - 如何优雅退出？ - 锁粒度和性能瓶颈在哪里？	并发
线程池怎么设计？	这题在考什么 考察你能不能用稳定的数据结构和不变量写出可解释、可维护的代码。 先用人话理解 这题可以先抓住一句主线：线程池一般包括固定或可伸缩工作线程、任务队列、互斥锁和条件变量、停止标志、任务提交接口。提交任务时入队并唤醒 worker；worker 循环等待任务，取出后执行；析构时设置停止标志、唤醒所有线程并 join。关键点是停止语义、异常处理、队列容量、任务返回值、避免析构时丢任务。 线程池像固定工人加任务队列。重点不只是开几个线程，而是队列、退出、异常和背压。 原理拆开 - 先讲不变量：数据结构在任意时刻必须满足什么条件。 - 再讲操作如何维护不变量，例如插入、删除、移动、扩容、关闭。 - 最后检查边界：空输入、容量 0、重复 key、异常、线程退出。 下面是这道题需要掌握的核心内容： 面试回答版： 线程池一般包括固定或可伸缩工作线程、任务队列、互斥锁和条件变量、停止标志、任务提交接口。提交任务时入队并唤醒 worker；worker 循环等待任务，取出后执行；析构时设置停止标志、唤醒所有线程并 join。关键点是停止语义、异常处理、队列容量、任务返回值、避免析构时丢任务。 追问补充： 高性能版本还会考虑 work stealing、无锁队列、CPU 亲和性、优先级队列、背压和监控指标。 代码/伪代码示例 代码见原文 底层原理再往下一层 再往下一层看，代码题要抓不变量和边界。每次插入、删除、移动、扩容、退出，都必须维护数据结构不变量，否则复杂度再好也不可靠。 线程池底层依赖条件变量的阻塞/唤醒和任务队列的互斥保护。真正容易错的是停止状态与队列状态的组合，而不是创建线程本身。 面试回答版 回答时可以按“三段式”讲： 1. 先给结论，直接回答它是什么或怎么做。 2. 再解释原因，把底层机制或设计动机讲出来。 3. 最后补一个边界，例如什么时候不适用、哪里容易错、工程里怎么验证。 如果只剩 30 秒，可以压缩成：线程池一般包括固定或可伸缩工作线程、任务队列、互斥锁和条件变量、停止标志、任务提交接口。提交任务时入队并唤醒 worker；worker 循环等待任务，取出后执行；析构时设置停止标志、唤醒所有线程并 join。关键点是停止语义、异常处理、队列容量、任务返回值、避免析构时丢任务。 易错点 不要只写出大概逻辑。边界条件和不变量讲不清楚，面试官会认为代码不稳。 面试官可能继续追问 - 复杂度是多少？ - 边界条件怎么处理？ - 如果要求线程安全或高性能怎么改？	代码
select、poll、epoll 区别？	这题在考什么 考察你是否理解协议边界、连接状态、缓冲区、可靠性和服务端处理流程。 先用人话理解 这题可以先抓住一句主线：select 用固定大小 fd 集合，每次调用要从用户态拷贝集合，且通常有 fd 数量限制。poll 用数组，没有固定 fd 上限，但每次仍要线性扫描。epoll 在内核维护关注 fd 集合，事件就绪后返回活跃 fd，适合大量连接少量活跃的场景。 追问补充： epoll 有 LT 水平触发和 ET 边缘触发。 epoll 像把关注列表交给内核保管，事件来了只把活跃 fd 告诉你，而不是每次让你重新扫描所有 fd。 原理拆开 - 先说明协议提供什么、不提供什么，例如 TCP 提供字节流可靠传输，但不提供消息边界。 - 再把状态变化讲清楚，例如握手、挥手、缓冲区可读可写。 - 服务端问题要落到非阻塞 IO、缓冲区、超时、背压和连接生命周期。 下面是这道题需要掌握的核心内容： 面试回答版： select 用固定大小 fd 集合，每次调用要从用户态拷贝集合，且通常有 fd 数量限制。poll 用数组，没有固定 fd 上限，但每次仍要线性扫描。epoll 在内核维护关注 fd 集合，事件就绪后返回活跃 fd，适合大量连接少量活跃的场景。 追问补充： epoll 有 LT 水平触发和 ET 边缘触发。ET 模式通知少，但必须配合非阻塞 IO，并一次读/写到 EAGAIN，否则可能丢事件。 代码/伪代码示例 代码见原文 底层原理再往下一层 再往下一层看，网络代码的关键是内核 socket 缓冲区、状态机、重传、拥塞控制和应用层协议边界。服务端 bug 常常不是协议不会背，而是缓冲区和状态没处理好。 epoll 把关注的 fd 集合留在内核中，事件到来时把就绪项挂到就绪队列。ET 模式减少重复通知，但要求用户态一次处理到 EAGAIN，否则内核不一定再次提醒。 面试回答版 回答时可以按“三段式”讲： 1. 先给结论，直接回答它是什么或怎么做。 2. 再解释原因，把底层机制或设计动机讲出来。 3. 最后补一个边界，例如什么时候不适用、哪里容易错、工程里怎么验证。 如果只剩 30 秒，可以压缩成：select 用固定大小 fd 集合，每次调用要从用户态拷贝集合，且通常有 fd 数量限制。poll 用数组，没有固定 fd 上限，但每次仍要线性扫描。epoll 在内核维护关注 fd 集合，事件就绪后返回活跃 fd，适合大量连接少量活跃的场景。 追问补充： epoll 有 LT 水平触发和 ET 边缘触发。 易错点 不要把 TCP 当成消息协议。粘包、半包、超时、CLOSE_WAIT 这类问题都要回到连接和缓冲区。 面试官可能继续追问 - 如果读不完/写不完怎么办？ - 超时、断连、半包如何处理？ - 大量连接时瓶颈在哪里？	网络
同步/异步、阻塞/非阻塞怎么区分？	这题在考什么 考察你是否能把共享状态、同步关系、线程生命周期和异常退出讲清楚。 先用人话理解 这题可以先抓住一句主线：阻塞/非阻塞关注调用线程在操作未完成时是否等待。同步/异步关注完成结果由谁推进和通知。同步非阻塞是调用立即返回但需要应用自己轮询；异步通常是提交操作后由内核或运行时完成，再通过回调、事件或完成队列通知。 易错点： 非阻塞不等于异步，epoll 管理非阻塞 fd 的模式本质仍常被称为同步 IO 多路复用。 学习并发题时，可以先找共享变量，再问这几个变量是否可能被两个线程同时读写。 原理拆开 - 先找共享状态：哪些数据会被多个线程同时访问。 - 再找同步手段：锁、条件变量、原子、队列、线程封闭。 - 最后说退出和异常：线程怎么停、任务失败怎么办、资源谁释放。 下面是这道题需要掌握的核心内容： 面试回答版： 阻塞/非阻塞关注调用线程在操作未完成时是否等待。同步/异步关注完成结果由谁推进和通知。同步非阻塞是调用立即返回但需要应用自己轮询；异步通常是提交操作后由内核或运行时完成，再通过回调、事件或完成队列通知。 易错点： 非阻塞不等于异步，epoll 管理非阻塞 fd 的模式本质仍常被称为同步 IO 多路复用。 代码/伪代码示例 代码见原文 底层原理再往下一层 再往下一层看，并发问题最终会落到 CPU 缓存一致性、内存可见性、阻塞/唤醒、调度和锁竞争。代码写对优先于追求无锁，除非你能验证性能瓶颈。 面试回答版 回答时可以按“三段式”讲： 1. 先给结论，直接回答它是什么或怎么做。 2. 再解释原因，把底层机制或设计动机讲出来。 3. 最后补一个边界，例如什么时候不适用、哪里容易错、工程里怎么验证。 如果只剩 30 秒，可以压缩成：阻塞/非阻塞关注调用线程在操作未完成时是否等待。同步/异步关注完成结果由谁推进和通知。同步非阻塞是调用立即返回但需要应用自己轮询；异步通常是提交操作后由内核或运行时完成，再通过回调、事件或完成队列通知。 易错点： 非阻塞不等于异步，epoll 管理非阻塞 fd 的模式本质仍常被称为同步 IO 多路复用。 易错点 不要只说加锁。面试官通常会继续问虚假唤醒、死锁、退出条件、异常和性能。 面试官可能继续追问 - 如果多个线程同时进来会怎样？ - 如何优雅退出？ - 锁粒度和性能瓶颈在哪里？	并发
Reactor 和 Proactor 区别？	这题在考什么 考察你是否能把共享状态、同步关系、线程生命周期和异常退出讲清楚。 先用人话理解 这题可以先抓住一句主线：Reactor 是“就绪事件通知”：内核告诉你 fd 可读/可写，应用自己执行 read/write。Proactor 是“完成事件通知”：应用提交异步 IO，内核完成后通知结果。Linux 上常见高性能网络库多是 Reactor 模型，Windows IOCP 更接近 Proactor。 学习并发题时，可以先找共享变量，再问这几个变量是否可能被两个线程同时读写。 原理拆开 - 先找共享状态：哪些数据会被多个线程同时访问。 - 再找同步手段：锁、条件变量、原子、队列、线程封闭。 - 最后说退出和异常：线程怎么停、任务失败怎么办、资源谁释放。 下面是这道题需要掌握的核心内容： 面试回答版： Reactor 是“就绪事件通知”：内核告诉你 fd 可读/可写，应用自己执行 read/write。Proactor 是“完成事件通知”：应用提交异步 IO，内核完成后通知结果。Linux 上常见高性能网络库多是 Reactor 模型，Windows IOCP 更接近 Proactor。 代码/伪代码示例 代码见原文 底层原理再往下一层 再往下一层看，并发问题最终会落到 CPU 缓存一致性、内存可见性、阻塞/唤醒、调度和锁竞争。代码写对优先于追求无锁，除非你能验证性能瓶颈。 面试回答版 回答时可以按“三段式”讲： 1. 先给结论，直接回答它是什么或怎么做。 2. 再解释原因，把底层机制或设计动机讲出来。 3. 最后补一个边界，例如什么时候不适用、哪里容易错、工程里怎么验证。 如果只剩 30 秒，可以压缩成：Reactor 是“就绪事件通知”：内核告诉你 fd 可读/可写，应用自己执行 read/write。Proactor 是“完成事件通知”：应用提交异步 IO，内核完成后通知结果。Linux 上常见高性能网络库多是 Reactor 模型，Windows IOCP 更接近 Proactor。 易错点 不要只说加锁。面试官通常会继续问虚假唤醒、死锁、退出条件、异常和性能。 面试官可能继续追问 - 如果多个线程同时进来会怎样？ - 如何优雅退出？ - 锁粒度和性能瓶颈在哪里？	并发
用户态和内核态为什么要区分？	这题在考什么 考察你是否能把共享状态、同步关系、线程生命周期和异常退出讲清楚。 先用人话理解 这题可以先抓住一句主线：内核态有更高权限，可以访问硬件和内核数据结构；用户态权限受限，普通程序运行其中。区分可以保护系统稳定和安全。系统调用、中断、异常会导致从用户态切到内核态，但切换有成本，所以高性能程序会减少不必要系统调用和上下文切换。 学习并发题时，可以先找共享变量，再问这几个变量是否可能被两个线程同时读写。 原理拆开 - 先找共享状态：哪些数据会被多个线程同时访问。 - 再找同步手段：锁、条件变量、原子、队列、线程封闭。 - 最后说退出和异常：线程怎么停、任务失败怎么办、资源谁释放。 下面是这道题需要掌握的核心内容： 面试回答版： 内核态有更高权限，可以访问硬件和内核数据结构；用户态权限受限，普通程序运行其中。区分可以保护系统稳定和安全。系统调用、中断、异常会导致从用户态切到内核态，但切换有成本，所以高性能程序会减少不必要系统调用和上下文切换。 代码/伪代码示例 代码见原文 底层原理再往下一层 再往下一层看，并发问题最终会落到 CPU 缓存一致性、内存可见性、阻塞/唤醒、调度和锁竞争。代码写对优先于追求无锁，除非你能验证性能瓶颈。 面试回答版 回答时可以按“三段式”讲： 1. 先给结论，直接回答它是什么或怎么做。 2. 再解释原因，把底层机制或设计动机讲出来。 3. 最后补一个边界，例如什么时候不适用、哪里容易错、工程里怎么验证。 如果只剩 30 秒，可以压缩成：内核态有更高权限，可以访问硬件和内核数据结构；用户态权限受限，普通程序运行其中。区分可以保护系统稳定和安全。系统调用、中断、异常会导致从用户态切到内核态，但切换有成本，所以高性能程序会减少不必要系统调用和上下文切换。 易错点 不要只说加锁。面试官通常会继续问虚假唤醒、死锁、退出条件、异常和性能。 面试官可能继续追问 - 如果多个线程同时进来会怎样？ - 如何优雅退出？ - 锁粒度和性能瓶颈在哪里？	并发
mmap 和普通 read/write 区别？	这题在考什么 考察你是否能把共享状态、同步关系、线程生命周期和异常退出讲清楚。 先用人话理解 这题可以先抓住一句主线：mmap 把文件映射到进程虚拟地址空间，程序像访问内存一样访问文件内容，适合随机访问、大文件、进程共享等场景。普通 read/write 通过系统调用在用户缓冲区和内核页缓存之间复制。mmap 也不是没有拷贝，它减少的是显式 read/write 的数据拷贝和系统调用次数。 map 像有序目录，查找不是最快的平均 O(1)，但顺序稳定，范围查询自然。 原理拆开 - 先找共享状态：哪些数据会被多个线程同时访问。 - 再找同步手段：锁、条件变量、原子、队列、线程封闭。 - 最后说退出和异常：线程怎么停、任务失败怎么办、资源谁释放。 下面是这道题需要掌握的核心内容： 面试回答版： mmap 把文件映射到进程虚拟地址空间，程序像访问内存一样访问文件内容，适合随机访问、大文件、进程共享等场景。普通 read/write 通过系统调用在用户缓冲区和内核页缓存之间复制。mmap 也不是没有拷贝，它减少的是显式 read/write 的数据拷贝和系统调用次数。 易错点： 访问 mmap 区域可能触发缺页异常；文件被截断后继续访问映射区域可能出错。 --- 代码/伪代码示例 代码见原文 底层原理再往下一层 再往下一层看，并发问题最终会落到 CPU 缓存一致性、内存可见性、阻塞/唤醒、调度和锁竞争。代码写对优先于追求无锁，除非你能验证性能瓶颈。 面试回答版 回答时可以按“三段式”讲： 1. 先给结论，直接回答它是什么或怎么做。 2. 再解释原因，把底层机制或设计动机讲出来。 3. 最后补一个边界，例如什么时候不适用、哪里容易错、工程里怎么验证。 如果只剩 30 秒，可以压缩成：mmap 把文件映射到进程虚拟地址空间，程序像访问内存一样访问文件内容，适合随机访问、大文件、进程共享等场景。普通 read/write 通过系统调用在用户缓冲区和内核页缓存之间复制。mmap 也不是没有拷贝，它减少的是显式 read/write 的数据拷贝和系统调用次数。 易错点 不要只说加锁。面试官通常会继续问虚假唤醒、死锁、退出条件、异常和性能。 面试官可能继续追问 - 如果多个线程同时进来会怎样？ - 如何优雅退出？ - 锁粒度和性能瓶颈在哪里？	并发
TCP 三次握手为什么不是两次？	这题在考什么 考察你是否理解协议边界、连接状态、缓冲区、可靠性和服务端处理流程。 先用人话理解 这题属于已经单独写过的核心详解卡。学习时先抓住它解决的问题，再看下面的拆解，不要直接背最后的面试回答。 TCP 只保证一条可靠字节流，不知道你的业务消息从哪里开始、到哪里结束。 原理拆开 - 先说明协议提供什么、不提供什么，例如 TCP 提供字节流可靠传输，但不提供消息边界。 - 再把状态变化讲清楚，例如握手、挥手、缓冲区可读可写。 - 服务端问题要落到非阻塞 IO、缓冲区、超时、背压和连接生命周期。 下面是这道题的完整学习版解释： 人话理解： 建立连接不是单方面说“我来了”就够了，而是双方都要确认：我能发、我能收、你能发、你能收。三次握手刚好把这些确认补齐。 原理拆开： 1. 客户端发 SYN：服务端知道客户端能发。 2. 服务端发 SYN+ACK：客户端知道服务端能收、能发，也知道自己能发。 3. 客户端发 ACK：服务端知道客户端能收。 同时双方交换初始序列号。 面试回答版： 三次握手用于确认双方收发能力并同步初始序列号。两次握手无法让服务端确认客户端收到了自己的 SYN+ACK，也更容易受历史失效连接请求影响。 代码/伪代码示例 代码见原文 底层原理再往下一层 再往下一层看，网络代码的关键是内核 socket 缓冲区、状态机、重传、拥塞控制和应用层协议边界。服务端 bug 常常不是协议不会背，而是缓冲区和状态没处理好。 TCP 的可靠性依赖序列号、ACK、重传、滑动窗口和拥塞控制。应用层看到的是有序字节流，但内核内部维护发送/接收缓冲区和连接状态机。 面试官可能继续追问 - 如果读不完/写不完怎么办？ - 超时、断连、半包如何处理？ - 大量连接时瓶颈在哪里？	网络
TCP 四次挥手和 TIME_WAIT？	这题在考什么 考察你是否理解协议边界、连接状态、缓冲区、可靠性和服务端处理流程。 先用人话理解 这题可以先抓住一句主线：TCP 是全双工，双方发送方向要分别关闭。主动关闭方发 FIN，对方 ACK；对方数据发完后再发 FIN，主动关闭方 ACK，所以常见是四次。主动关闭方进入 TIME_WAIT，等待 2MSL，目的是确保最后 ACK 能重传，并让旧连接中的延迟报文在网络中消失，避免影响相同四元组的新连接。 TCP 只保证一条可靠字节流，不知道你的业务消息从哪里开始、到哪里结束。 原理拆开 - 先说明协议提供什么、不提供什么，例如 TCP 提供字节流可靠传输，但不提供消息边界。 - 再把状态变化讲清楚，例如握手、挥手、缓冲区可读可写。 - 服务端问题要落到非阻塞 IO、缓冲区、超时、背压和连接生命周期。 下面是这道题需要掌握的核心内容： 面试回答版： TCP 是全双工，双方发送方向要分别关闭。主动关闭方发 FIN，对方 ACK；对方数据发完后再发 FIN，主动关闭方 ACK，所以常见是四次。主动关闭方进入 TIME_WAIT，等待 2MSL，目的是确保最后 ACK 能重传，并让旧连接中的延迟报文在网络中消失，避免影响相同四元组的新连接。 追问补充： 大量 TIME_WAIT 不一定是错误，要看连接模式和内核参数；服务端如果主动关闭大量短连接，也可能积累 TIME_WAIT。 代码/伪代码示例 代码见原文 底层原理再往下一层 再往下一层看，网络代码的关键是内核 socket 缓冲区、状态机、重传、拥塞控制和应用层协议边界。服务端 bug 常常不是协议不会背，而是缓冲区和状态没处理好。 TCP 的可靠性依赖序列号、ACK、重传、滑动窗口和拥塞控制。应用层看到的是有序字节流，但内核内部维护发送/接收缓冲区和连接状态机。 面试回答版 回答时可以按“三段式”讲： 1. 先给结论，直接回答它是什么或怎么做。 2. 再解释原因，把底层机制或设计动机讲出来。 3. 最后补一个边界，例如什么时候不适用、哪里容易错、工程里怎么验证。 如果只剩 30 秒，可以压缩成：TCP 是全双工，双方发送方向要分别关闭。主动关闭方发 FIN，对方 ACK；对方数据发完后再发 FIN，主动关闭方 ACK，所以常见是四次。主动关闭方进入 TIME_WAIT，等待 2MSL，目的是确保最后 ACK 能重传，并让旧连接中的延迟报文在网络中消失，避免影响相同四元组的新连接。 易错点 不要把 TCP 当成消息协议。粘包、半包、超时、CLOSE_WAIT 这类问题都要回到连接和缓冲区。 面试官可能继续追问 - 如果读不完/写不完怎么办？ - 超时、断连、半包如何处理？ - 大量连接时瓶颈在哪里？	网络
TCP 如何保证可靠传输？	这题在考什么 考察你是否理解协议边界、连接状态、缓冲区、可靠性和服务端处理流程。 先用人话理解 这题可以先抓住一句主线：TCP 通过序列号、确认应答、超时重传、快速重传、校验和、滑动窗口、流量控制、拥塞控制等机制保证字节流可靠、有序、不重复地交付给应用层。 追问补充： 流量控制保护接收方，核心是接收窗口；拥塞控制保护网络，典型阶段包括慢启动、拥塞避免、快重传、快恢复。 TCP 只保证一条可靠字节流，不知道你的业务消息从哪里开始、到哪里结束。 原理拆开 - 先说明协议提供什么、不提供什么，例如 TCP 提供字节流可靠传输，但不提供消息边界。 - 再把状态变化讲清楚，例如握手、挥手、缓冲区可读可写。 - 服务端问题要落到非阻塞 IO、缓冲区、超时、背压和连接生命周期。 下面是这道题需要掌握的核心内容： 面试回答版： TCP 通过序列号、确认应答、超时重传、快速重传、校验和、滑动窗口、流量控制、拥塞控制等机制保证字节流可靠、有序、不重复地交付给应用层。 追问补充： 流量控制保护接收方，核心是接收窗口；拥塞控制保护网络，典型阶段包括慢启动、拥塞避免、快重传、快恢复。 代码/伪代码示例 代码见原文 底层原理再往下一层 再往下一层看，网络代码的关键是内核 socket 缓冲区、状态机、重传、拥塞控制和应用层协议边界。服务端 bug 常常不是协议不会背，而是缓冲区和状态没处理好。 TCP 的可靠性依赖序列号、ACK、重传、滑动窗口和拥塞控制。应用层看到的是有序字节流，但内核内部维护发送/接收缓冲区和连接状态机。 面试回答版 回答时可以按“三段式”讲： 1. 先给结论，直接回答它是什么或怎么做。 2. 再解释原因，把底层机制或设计动机讲出来。 3. 最后补一个边界，例如什么时候不适用、哪里容易错、工程里怎么验证。 如果只剩 30 秒，可以压缩成：TCP 通过序列号、确认应答、超时重传、快速重传、校验和、滑动窗口、流量控制、拥塞控制等机制保证字节流可靠、有序、不重复地交付给应用层。 追问补充： 流量控制保护接收方，核心是接收窗口；拥塞控制保护网络，典型阶段包括慢启动、拥塞避免、快重传、快恢复。 易错点 不要把 TCP 当成消息协议。粘包、半包、超时、CLOSE_WAIT 这类问题都要回到连接和缓冲区。 面试官可能继续追问 - 如果读不完/写不完怎么办？ - 超时、断连、半包如何处理？ - 大量连接时瓶颈在哪里？	网络
TCP 粘包/拆包是什么？怎么解决？	这题在考什么 考察你是否理解协议边界、连接状态、缓冲区、可靠性和服务端处理流程。 先用人话理解 这题可以先抓住一句主线：TCP 是字节流协议，没有消息边界。应用一次 send 的数据，接收方可能分多次收到；多次 send 也可能一次收到，看起来就是拆包/粘包。解决要在应用层设计协议边界：固定长度、分隔符、长度字段、TLV、HTTP chunk 等。 易错点： UDP 有报文边界，但也可能丢包、乱序、截断；TCP 不丢边界是错误说法。 TCP 只保证一条可靠字节流，不知道你的业务消息从哪里开始、到哪里结束。 原理拆开 - 先说明协议提供什么、不提供什么，例如 TCP 提供字节流可靠传输，但不提供消息边界。 - 再把状态变化讲清楚，例如握手、挥手、缓冲区可读可写。 - 服务端问题要落到非阻塞 IO、缓冲区、超时、背压和连接生命周期。 下面是这道题需要掌握的核心内容： 面试回答版： TCP 是字节流协议，没有消息边界。应用一次 send 的数据，接收方可能分多次收到；多次 send 也可能一次收到，看起来就是拆包/粘包。解决要在应用层设计协议边界：固定长度、分隔符、长度字段、TLV、HTTP chunk 等。 易错点： UDP 有报文边界，但也可能丢包、乱序、截断；TCP 不丢边界是错误说法。 代码/伪代码示例 代码见原文 底层原理再往下一层 再往下一层看，网络代码的关键是内核 socket 缓冲区、状态机、重传、拥塞控制和应用层协议边界。服务端 bug 常常不是协议不会背，而是缓冲区和状态没处理好。 TCP 的可靠性依赖序列号、ACK、重传、滑动窗口和拥塞控制。应用层看到的是有序字节流，但内核内部维护发送/接收缓冲区和连接状态机。 面试回答版 回答时可以按“三段式”讲： 1. 先给结论，直接回答它是什么或怎么做。 2. 再解释原因，把底层机制或设计动机讲出来。 3. 最后补一个边界，例如什么时候不适用、哪里容易错、工程里怎么验证。 如果只剩 30 秒，可以压缩成：TCP 是字节流协议，没有消息边界。应用一次 send 的数据，接收方可能分多次收到；多次 send 也可能一次收到，看起来就是拆包/粘包。解决要在应用层设计协议边界：固定长度、分隔符、长度字段、TLV、HTTP chunk 等。 易错点： UDP 有报文边界，但也可能丢包、乱序、截断；TCP 不丢边界是错误说法。 易错点 不要把 TCP 当成消息协议。粘包、半包、超时、CLOSE_WAIT 这类问题都要回到连接和缓冲区。 面试官可能继续追问 - 如果读不完/写不完怎么办？ - 超时、断连、半包如何处理？ - 大量连接时瓶颈在哪里？	网络
TCP 和 UDP 区别？	这题在考什么 考察你是否理解协议边界、连接状态、缓冲区、可靠性和服务端处理流程。 先用人话理解 这题可以先抓住一句主线：TCP 面向连接、可靠、有序、字节流，有拥塞控制，适合文件传输、HTTP、数据库连接等可靠性要求高的场景。UDP 无连接、尽力而为、保留报文边界、开销小、延迟低，适合 DNS、实时音视频、游戏、QUIC 底层等场景，可靠性可由应用层按需实现。 TCP 只保证一条可靠字节流，不知道你的业务消息从哪里开始、到哪里结束。 原理拆开 - 先说明协议提供什么、不提供什么，例如 TCP 提供字节流可靠传输，但不提供消息边界。 - 再把状态变化讲清楚，例如握手、挥手、缓冲区可读可写。 - 服务端问题要落到非阻塞 IO、缓冲区、超时、背压和连接生命周期。 下面是这道题需要掌握的核心内容： 面试回答版： TCP 面向连接、可靠、有序、字节流，有拥塞控制，适合文件传输、HTTP、数据库连接等可靠性要求高的场景。UDP 无连接、尽力而为、保留报文边界、开销小、延迟低，适合 DNS、实时音视频、游戏、QUIC 底层等场景，可靠性可由应用层按需实现。 代码/伪代码示例 代码见原文 底层原理再往下一层 再往下一层看，网络代码的关键是内核 socket 缓冲区、状态机、重传、拥塞控制和应用层协议边界。服务端 bug 常常不是协议不会背，而是缓冲区和状态没处理好。 TCP 的可靠性依赖序列号、ACK、重传、滑动窗口和拥塞控制。应用层看到的是有序字节流，但内核内部维护发送/接收缓冲区和连接状态机。 面试回答版 回答时可以按“三段式”讲： 1. 先给结论，直接回答它是什么或怎么做。 2. 再解释原因，把底层机制或设计动机讲出来。 3. 最后补一个边界，例如什么时候不适用、哪里容易错、工程里怎么验证。 如果只剩 30 秒，可以压缩成：TCP 面向连接、可靠、有序、字节流，有拥塞控制，适合文件传输、HTTP、数据库连接等可靠性要求高的场景。UDP 无连接、尽力而为、保留报文边界、开销小、延迟低，适合 DNS、实时音视频、游戏、QUIC 底层等场景，可靠性可由应用层按需实现。 易错点 不要把 TCP 当成消息协议。粘包、半包、超时、CLOSE_WAIT 这类问题都要回到连接和缓冲区。 面试官可能继续追问 - 如果读不完/写不完怎么办？ - 超时、断连、半包如何处理？ - 大量连接时瓶颈在哪里？	网络
HTTP 和 HTTPS 区别？	这题在考什么 考察你是否理解协议边界、连接状态、缓冲区、可靠性和服务端处理流程。 先用人话理解 这题可以先抓住一句主线：HTTP 明文传输，HTTPS 是 HTTP over TLS，提供加密、身份认证和完整性保护。HTTPS 握手中客户端验证服务端证书，协商密钥，后续用对称加密传输数据。代价是握手和加解密开销，但现代硬件和 TLS 1.3 已大幅降低。 学习网络题时，可以先区分传输层保证了什么，应用层还需要自己补什么。 原理拆开 - 先说明协议提供什么、不提供什么，例如 TCP 提供字节流可靠传输，但不提供消息边界。 - 再把状态变化讲清楚，例如握手、挥手、缓冲区可读可写。 - 服务端问题要落到非阻塞 IO、缓冲区、超时、背压和连接生命周期。 下面是这道题需要掌握的核心内容： 面试回答版： HTTP 明文传输，HTTPS 是 HTTP over TLS，提供加密、身份认证和完整性保护。HTTPS 握手中客户端验证服务端证书，协商密钥，后续用对称加密传输数据。代价是握手和加解密开销，但现代硬件和 TLS 1.3 已大幅降低。 代码/伪代码示例 代码见原文 底层原理再往下一层 再往下一层看，网络代码的关键是内核 socket 缓冲区、状态机、重传、拥塞控制和应用层协议边界。服务端 bug 常常不是协议不会背，而是缓冲区和状态没处理好。 面试回答版 回答时可以按“三段式”讲： 1. 先给结论，直接回答它是什么或怎么做。 2. 再解释原因，把底层机制或设计动机讲出来。 3. 最后补一个边界，例如什么时候不适用、哪里容易错、工程里怎么验证。 如果只剩 30 秒，可以压缩成：HTTP 明文传输，HTTPS 是 HTTP over TLS，提供加密、身份认证和完整性保护。HTTPS 握手中客户端验证服务端证书，协商密钥，后续用对称加密传输数据。代价是握手和加解密开销，但现代硬件和 TLS 1.3 已大幅降低。 易错点 不要把 TCP 当成消息协议。粘包、半包、超时、CLOSE_WAIT 这类问题都要回到连接和缓冲区。 面试官可能继续追问 - 如果读不完/写不完怎么办？ - 超时、断连、半包如何处理？ - 大量连接时瓶颈在哪里？	网络
HTTP/1.1、HTTP/2、HTTP/3 区别？	这题在考什么 考察你是否理解协议边界、连接状态、缓冲区、可靠性和服务端处理流程。 先用人话理解 这题可以先抓住一句主线：HTTP/1.1 支持长连接和管线化，但队头阻塞问题明显。HTTP/2 基于二进制帧、多路复用、头部压缩、流优先级，在一个 TCP 连接上并发多个流，但仍受 TCP 层队头阻塞影响。HTTP/3 基于 QUIC/UDP，把多路复用和可靠性放在 QUIC，减少 TCP 队头阻塞，并优化连接建立。 学习网络题时，可以先区分传输层保证了什么，应用层还需要自己补什么。 原理拆开 - 先说明协议提供什么、不提供什么，例如 TCP 提供字节流可靠传输，但不提供消息边界。 - 再把状态变化讲清楚，例如握手、挥手、缓冲区可读可写。 - 服务端问题要落到非阻塞 IO、缓冲区、超时、背压和连接生命周期。 下面是这道题需要掌握的核心内容： 面试回答版： HTTP/1.1 支持长连接和管线化，但队头阻塞问题明显。HTTP/2 基于二进制帧、多路复用、头部压缩、流优先级，在一个 TCP 连接上并发多个流，但仍受 TCP 层队头阻塞影响。HTTP/3 基于 QUIC/UDP，把多路复用和可靠性放在 QUIC，减少 TCP 队头阻塞，并优化连接建立。 代码/伪代码示例 代码见原文 底层原理再往下一层 再往下一层看，网络代码的关键是内核 socket 缓冲区、状态机、重传、拥塞控制和应用层协议边界。服务端 bug 常常不是协议不会背，而是缓冲区和状态没处理好。 面试回答版 回答时可以按“三段式”讲： 1. 先给结论，直接回答它是什么或怎么做。 2. 再解释原因，把底层机制或设计动机讲出来。 3. 最后补一个边界，例如什么时候不适用、哪里容易错、工程里怎么验证。 如果只剩 30 秒，可以压缩成：HTTP/1.1 支持长连接和管线化，但队头阻塞问题明显。HTTP/2 基于二进制帧、多路复用、头部压缩、流优先级，在一个 TCP 连接上并发多个流，但仍受 TCP 层队头阻塞影响。HTTP/3 基于 QUIC/UDP，把多路复用和可靠性放在 QUIC，减少 TCP 队头阻塞，并优化连接建立。 易错点 不要把 TCP 当成消息协议。粘包、半包、超时、CLOSE_WAIT 这类问题都要回到连接和缓冲区。 面试官可能继续追问 - 如果读不完/写不完怎么办？ - 超时、断连、半包如何处理？ - 大量连接时瓶颈在哪里？	网络
HTTPS 证书验证大概流程？	这题在考什么 考察你是否理解协议边界、连接状态、缓冲区、可靠性和服务端处理流程。 先用人话理解 这题可以先抓住一句主线：客户端收到服务端证书后，会检查证书链是否能追溯到受信任 CA，证书域名是否匹配，是否过期或被吊销，签名是否有效。验证通过后，握手协商出的密钥才用于后续加密通信。 学习网络题时，可以先区分传输层保证了什么，应用层还需要自己补什么。 原理拆开 - 先说明协议提供什么、不提供什么，例如 TCP 提供字节流可靠传输，但不提供消息边界。 - 再把状态变化讲清楚，例如握手、挥手、缓冲区可读可写。 - 服务端问题要落到非阻塞 IO、缓冲区、超时、背压和连接生命周期。 下面是这道题需要掌握的核心内容： 面试回答版： 客户端收到服务端证书后，会检查证书链是否能追溯到受信任 CA，证书域名是否匹配，是否过期或被吊销，签名是否有效。验证通过后，握手协商出的密钥才用于后续加密通信。 代码/伪代码示例 代码见原文 底层原理再往下一层 再往下一层看，网络代码的关键是内核 socket 缓冲区、状态机、重传、拥塞控制和应用层协议边界。服务端 bug 常常不是协议不会背，而是缓冲区和状态没处理好。 面试回答版 回答时可以按“三段式”讲： 1. 先给结论，直接回答它是什么或怎么做。 2. 再解释原因，把底层机制或设计动机讲出来。 3. 最后补一个边界，例如什么时候不适用、哪里容易错、工程里怎么验证。 如果只剩 30 秒，可以压缩成：客户端收到服务端证书后，会检查证书链是否能追溯到受信任 CA，证书域名是否匹配，是否过期或被吊销，签名是否有效。验证通过后，握手协商出的密钥才用于后续加密通信。 易错点 不要把 TCP 当成消息协议。粘包、半包、超时、CLOSE_WAIT 这类问题都要回到连接和缓冲区。 面试官可能继续追问 - 如果读不完/写不完怎么办？ - 超时、断连、半包如何处理？ - 大量连接时瓶颈在哪里？	网络
DNS 查询过程？	这题在考什么 考察你是否理解协议边界、连接状态、缓冲区、可靠性和服务端处理流程。 先用人话理解 这题可以先抓住一句主线：客户端先查本地 hosts 和缓存，再问本地递归 DNS。递归 DNS 如果没有缓存，会从根 DNS 开始，查询顶级域 DNS、权威 DNS，拿到目标记录后返回给客户端并缓存。记录类型包括 A、AAAA、CNAME、MX、TXT 等。 学习网络题时，可以先区分传输层保证了什么，应用层还需要自己补什么。 原理拆开 - 先说明协议提供什么、不提供什么，例如 TCP 提供字节流可靠传输，但不提供消息边界。 - 再把状态变化讲清楚，例如握手、挥手、缓冲区可读可写。 - 服务端问题要落到非阻塞 IO、缓冲区、超时、背压和连接生命周期。 下面是这道题需要掌握的核心内容： 面试回答版： 客户端先查本地 hosts 和缓存，再问本地递归 DNS。递归 DNS 如果没有缓存，会从根 DNS 开始，查询顶级域 DNS、权威 DNS，拿到目标记录后返回给客户端并缓存。记录类型包括 A、AAAA、CNAME、MX、TXT 等。 代码/伪代码示例 代码见原文 底层原理再往下一层 再往下一层看，网络代码的关键是内核 socket 缓冲区、状态机、重传、拥塞控制和应用层协议边界。服务端 bug 常常不是协议不会背，而是缓冲区和状态没处理好。 面试回答版 回答时可以按“三段式”讲： 1. 先给结论，直接回答它是什么或怎么做。 2. 再解释原因，把底层机制或设计动机讲出来。 3. 最后补一个边界，例如什么时候不适用、哪里容易错、工程里怎么验证。 如果只剩 30 秒，可以压缩成：客户端先查本地 hosts 和缓存，再问本地递归 DNS。递归 DNS 如果没有缓存，会从根 DNS 开始，查询顶级域 DNS、权威 DNS，拿到目标记录后返回给客户端并缓存。记录类型包括 A、AAAA、CNAME、MX、TXT 等。 易错点 不要把 TCP 当成消息协议。粘包、半包、超时、CLOSE_WAIT 这类问题都要回到连接和缓冲区。 面试官可能继续追问 - 如果读不完/写不完怎么办？ - 超时、断连、半包如何处理？ - 大量连接时瓶颈在哪里？	网络
socket 服务端基本流程？	这题在考什么 考察你是否理解协议边界、连接状态、缓冲区、可靠性和服务端处理流程。 先用人话理解 这题可以先抓住一句主线：TCP 服务端通常是 socket 创建 fd，bind 绑定 IP/端口，listen 进入监听，accept 接收连接，之后 read/write 或 recv/send 通信，最后 close。高并发场景会把监听 fd 和连接 fd 设置非阻塞，并用 epoll 管理事件。 学习网络题时，可以先区分传输层保证了什么，应用层还需要自己补什么。 原理拆开 - 先说明协议提供什么、不提供什么，例如 TCP 提供字节流可靠传输，但不提供消息边界。 - 再把状态变化讲清楚，例如握手、挥手、缓冲区可读可写。 - 服务端问题要落到非阻塞 IO、缓冲区、超时、背压和连接生命周期。 下面是这道题需要掌握的核心内容： 面试回答版： TCP 服务端通常是 socket 创建 fd，bind 绑定 IP/端口，listen 进入监听，accept 接收连接，之后 read/write 或 recv/send 通信，最后 close。高并发场景会把监听 fd 和连接 fd 设置非阻塞，并用 epoll 管理事件。 代码/伪代码示例 代码见原文 底层原理再往下一层 再往下一层看，网络代码的关键是内核 socket 缓冲区、状态机、重传、拥塞控制和应用层协议边界。服务端 bug 常常不是协议不会背，而是缓冲区和状态没处理好。 面试回答版 回答时可以按“三段式”讲： 1. 先给结论，直接回答它是什么或怎么做。 2. 再解释原因，把底层机制或设计动机讲出来。 3. 最后补一个边界，例如什么时候不适用、哪里容易错、工程里怎么验证。 如果只剩 30 秒，可以压缩成：TCP 服务端通常是 socket 创建 fd，bind 绑定 IP/端口，listen 进入监听，accept 接收连接，之后 read/write 或 recv/send 通信，最后 close。高并发场景会把监听 fd 和连接 fd 设置非阻塞，并用 epoll 管理事件。 易错点 不要把 TCP 当成消息协议。粘包、半包、超时、CLOSE_WAIT 这类问题都要回到连接和缓冲区。 面试官可能继续追问 - 如果读不完/写不完怎么办？ - 超时、断连、半包如何处理？ - 大量连接时瓶颈在哪里？	网络
Nagle 算法和 TCP_NODELAY？	这题在考什么 考察你是否理解协议边界、连接状态、缓冲区、可靠性和服务端处理流程。 先用人话理解 这题可以先抓住一句主线：Nagle 算法用于减少小包数量：在未收到前一个小包 ACK 前，尽量合并后续小数据。它能提高网络利用率，但可能增加交互延迟。低延迟场景如实时游戏、RPC 小包请求可能设置 TCP_NODELAY 关闭 Nagle。 TCP 只保证一条可靠字节流，不知道你的业务消息从哪里开始、到哪里结束。 原理拆开 - 先说明协议提供什么、不提供什么，例如 TCP 提供字节流可靠传输，但不提供消息边界。 - 再把状态变化讲清楚，例如握手、挥手、缓冲区可读可写。 - 服务端问题要落到非阻塞 IO、缓冲区、超时、背压和连接生命周期。 下面是这道题需要掌握的核心内容： 面试回答版： Nagle 算法用于减少小包数量：在未收到前一个小包 ACK 前，尽量合并后续小数据。它能提高网络利用率，但可能增加交互延迟。低延迟场景如实时游戏、RPC 小包请求可能设置 TCP_NODELAY 关闭 Nagle。 代码/伪代码示例 代码见原文 底层原理再往下一层 再往下一层看，网络代码的关键是内核 socket 缓冲区、状态机、重传、拥塞控制和应用层协议边界。服务端 bug 常常不是协议不会背，而是缓冲区和状态没处理好。 TCP 的可靠性依赖序列号、ACK、重传、滑动窗口和拥塞控制。应用层看到的是有序字节流，但内核内部维护发送/接收缓冲区和连接状态机。 面试回答版 回答时可以按“三段式”讲： 1. 先给结论，直接回答它是什么或怎么做。 2. 再解释原因，把底层机制或设计动机讲出来。 3. 最后补一个边界，例如什么时候不适用、哪里容易错、工程里怎么验证。 如果只剩 30 秒，可以压缩成：Nagle 算法用于减少小包数量：在未收到前一个小包 ACK 前，尽量合并后续小数据。它能提高网络利用率，但可能增加交互延迟。低延迟场景如实时游戏、RPC 小包请求可能设置 TCP_NODELAY 关闭 Nagle。 易错点 不要把 TCP 当成消息协议。粘包、半包、超时、CLOSE_WAIT 这类问题都要回到连接和缓冲区。 面试官可能继续追问 - 如果读不完/写不完怎么办？ - 超时、断连、半包如何处理？ - 大量连接时瓶颈在哪里？	网络
服务端连接数上不去可能查什么？	这题在考什么 考察你是否理解协议边界、连接状态、缓冲区、可靠性和服务端处理流程。 先用人话理解 这题可以先抓住一句主线：从系统限制、程序模型和网络状态排查：ulimit -n、进程 fd 数、listen backlog、SYN backlog、端口耗尽、TIME_WAIT、线程数、内存、epoll 是否 ET 漏读、accept 是否及时、业务处理是否阻塞 IO 线程、数据库/下游是否拖慢。 --- 学习网络题时，可以先区分传输层保证了什么，应用层还需要自己补什么。 原理拆开 - 先说明协议提供什么、不提供什么，例如 TCP 提供字节流可靠传输，但不提供消息边界。 - 再把状态变化讲清楚，例如握手、挥手、缓冲区可读可写。 - 服务端问题要落到非阻塞 IO、缓冲区、超时、背压和连接生命周期。 下面是这道题需要掌握的核心内容： 面试回答版： 从系统限制、程序模型和网络状态排查：ulimit -n、进程 fd 数、listen backlog、SYN backlog、端口耗尽、TIME_WAIT、线程数、内存、epoll 是否 ET 漏读、accept 是否及时、业务处理是否阻塞 IO 线程、数据库/下游是否拖慢。 --- 代码/伪代码示例 代码见原文 底层原理再往下一层 再往下一层看，网络代码的关键是内核 socket 缓冲区、状态机、重传、拥塞控制和应用层协议边界。服务端 bug 常常不是协议不会背，而是缓冲区和状态没处理好。 面试回答版 回答时可以按“三段式”讲： 1. 先给结论，直接回答它是什么或怎么做。 2. 再解释原因，把底层机制或设计动机讲出来。 3. 最后补一个边界，例如什么时候不适用、哪里容易错、工程里怎么验证。 如果只剩 30 秒，可以压缩成：从系统限制、程序模型和网络状态排查：ulimit -n、进程 fd 数、listen backlog、SYN backlog、端口耗尽、TIME_WAIT、线程数、内存、epoll 是否 ET 漏读、accept 是否及时、业务处理是否阻塞 IO 线程、数据库/下游是否拖慢。 --- 易错点 不要把 TCP 当成消息协议。粘包、半包、超时、CLOSE_WAIT 这类问题都要回到连接和缓冲区。 面试官可能继续追问 - 如果读不完/写不完怎么办？ - 超时、断连、半包如何处理？ - 大量连接时瓶颈在哪里？	网络
InnoDB 为什么用 B+ 树索引？	这题在考什么 考察你对索引、事务、锁、日志和一致性的理解，重点不是背术语，而是能解释为什么这样设计。 先用人话理解 这题可以先抓住一句主线：B+ 树扇出高，树高低，适合磁盘/页式存储，能减少 IO 次数。非叶子节点只存 key 和指针，叶子节点存数据或主键，并通过链表支持范围查询。相比二叉树，B+ 树更适合数据库页；相比哈希，B+ 树支持范围查询和有序扫描。 B+ 树适合数据库，是因为数据库按页读写。一个节点放很多 key，树矮，磁盘 IO 少。 原理拆开 - 先说明数据结构或机制服务于什么目标：减少 IO、保证隔离、支持恢复。 - 再解释读写路径，例如是否回表、是否加锁、是否读快照。 - 最后联系 SQL 写法和索引设计，避免只讲存储引擎内部术语。 下面是这道题需要掌握的核心内容： 面试回答版： B+ 树扇出高，树高低，适合磁盘/页式存储，能减少 IO 次数。非叶子节点只存 key 和指针，叶子节点存数据或主键，并通过链表支持范围查询。相比二叉树，B+ 树更适合数据库页；相比哈希，B+ 树支持范围查询和有序扫描。 代码/伪代码示例 代码见原文 底层原理再往下一层 再往下一层看，数据库问题往往落到页、B+ 树、undo/redo 日志、锁、事务可见性和执行计划。要能把一个 SQL 从索引扫描到回表再到加锁讲出来。 InnoDB 的索引节点按页组织，查询不是访问单个 key，而是加载页。B+ 树扇出高，树高通常较低，所以一次查找需要的随机 IO 更少。 面试回答版 回答时可以按“三段式”讲： 1. 先给结论，直接回答它是什么或怎么做。 2. 再解释原因，把底层机制或设计动机讲出来。 3. 最后补一个边界，例如什么时候不适用、哪里容易错、工程里怎么验证。 如果只剩 30 秒，可以压缩成：B+ 树扇出高，树高低，适合磁盘/页式存储，能减少 IO 次数。非叶子节点只存 key 和指针，叶子节点存数据或主键，并通过链表支持范围查询。相比二叉树，B+ 树更适合数据库页；相比哈希，B+ 树支持范围查询和有序扫描。 易错点 不要只背 B+ 树/MVCC，要能说明查询怎么走、为什么会回表、为什么会加锁。 面试官可能继续追问 - 这条 SQL 会不会走索引？ - 并发事务下会不会加锁或产生幻读？ - 如何用 explain 或日志验证？	数据库
聚簇索引和二级索引区别？	这题在考什么 考察你对索引、事务、锁、日志和一致性的理解，重点不是背术语，而是能解释为什么这样设计。 先用人话理解 这题可以先抓住一句主线：InnoDB 表数据按主键聚簇索引组织，叶子节点保存整行数据。二级索引叶子节点保存索引列和主键值，查到后如果需要其他列，要再通过主键回表查聚簇索引。覆盖索引是查询列都在二级索引里，可以避免回表。 学习数据库题时，可以把一次查询拆成：走哪个索引、读多少行、是否回表、是否加锁。 原理拆开 - 先说明数据结构或机制服务于什么目标：减少 IO、保证隔离、支持恢复。 - 再解释读写路径，例如是否回表、是否加锁、是否读快照。 - 最后联系 SQL 写法和索引设计，避免只讲存储引擎内部术语。 下面是这道题需要掌握的核心内容： 面试回答版： InnoDB 表数据按主键聚簇索引组织，叶子节点保存整行数据。二级索引叶子节点保存索引列和主键值，查到后如果需要其他列，要再通过主键回表查聚簇索引。覆盖索引是查询列都在二级索引里，可以避免回表。 代码/伪代码示例 代码见原文 底层原理再往下一层 再往下一层看，数据库问题往往落到页、B+ 树、undo/redo 日志、锁、事务可见性和执行计划。要能把一个 SQL 从索引扫描到回表再到加锁讲出来。 InnoDB 的索引节点按页组织，查询不是访问单个 key，而是加载页。B+ 树扇出高，树高通常较低，所以一次查找需要的随机 IO 更少。 面试回答版 回答时可以按“三段式”讲： 1. 先给结论，直接回答它是什么或怎么做。 2. 再解释原因，把底层机制或设计动机讲出来。 3. 最后补一个边界，例如什么时候不适用、哪里容易错、工程里怎么验证。 如果只剩 30 秒，可以压缩成：InnoDB 表数据按主键聚簇索引组织，叶子节点保存整行数据。二级索引叶子节点保存索引列和主键值，查到后如果需要其他列，要再通过主键回表查聚簇索引。覆盖索引是查询列都在二级索引里，可以避免回表。 易错点 不要只背 B+ 树/MVCC，要能说明查询怎么走、为什么会回表、为什么会加锁。 面试官可能继续追问 - 这条 SQL 会不会走索引？ - 并发事务下会不会加锁或产生幻读？ - 如何用 explain 或日志验证？	数据库
最左前缀原则怎么讲？	这题在考什么 考察你对索引、事务、锁、日志和一致性的理解，重点不是背术语，而是能解释为什么这样设计。 先用人话理解 这题可以先抓住一句主线：联合索引按索引列顺序排序，例如 (a,b,c) 先按 a，再按 b，再按 c。查询必须从最左列开始连续使用，才能充分利用索引。遇到范围条件后，范围列右侧列通常不能继续用于有序定位，但可能用于索引下推或覆盖。 易错点： 优化器会重排等值条件顺序，但不能凭空跳过联合索引最左列。 学习数据库题时，可以把一次查询拆成：走哪个索引、读多少行、是否回表、是否加锁。 原理拆开 - 先说明数据结构或机制服务于什么目标：减少 IO、保证隔离、支持恢复。 - 再解释读写路径，例如是否回表、是否加锁、是否读快照。 - 最后联系 SQL 写法和索引设计，避免只讲存储引擎内部术语。 下面是这道题需要掌握的核心内容： 面试回答版： 联合索引按索引列顺序排序，例如 (a,b,c) 先按 a，再按 b，再按 c。查询必须从最左列开始连续使用，才能充分利用索引。遇到范围条件后，范围列右侧列通常不能继续用于有序定位，但可能用于索引下推或覆盖。 易错点： 优化器会重排等值条件顺序，但不能凭空跳过联合索引最左列。 代码/伪代码示例 代码见原文 底层原理再往下一层 再往下一层看，数据库问题往往落到页、B+ 树、undo/redo 日志、锁、事务可见性和执行计划。要能把一个 SQL 从索引扫描到回表再到加锁讲出来。 面试回答版 回答时可以按“三段式”讲： 1. 先给结论，直接回答它是什么或怎么做。 2. 再解释原因，把底层机制或设计动机讲出来。 3. 最后补一个边界，例如什么时候不适用、哪里容易错、工程里怎么验证。 如果只剩 30 秒，可以压缩成：联合索引按索引列顺序排序，例如 (a,b,c) 先按 a，再按 b，再按 c。查询必须从最左列开始连续使用，才能充分利用索引。遇到范围条件后，范围列右侧列通常不能继续用于有序定位，但可能用于索引下推或覆盖。 易错点： 优化器会重排等值条件顺序，但不能凭空跳过联合索引最左列。 易错点 不要只背 B+ 树/MVCC，要能说明查询怎么走、为什么会回表、为什么会加锁。 面试官可能继续追问 - 这条 SQL 会不会走索引？ - 并发事务下会不会加锁或产生幻读？ - 如何用 explain 或日志验证？	数据库
MySQL 事务 ACID？	这题在考什么 考察你对索引、事务、锁、日志和一致性的理解，重点不是背术语，而是能解释为什么这样设计。 先用人话理解 这题可以先抓住一句主线：原子性保证事务内操作要么都成功要么都回滚；一致性是事务前后数据满足约束和业务规则；隔离性是并发事务之间互不干扰的程度；持久性是提交后数据即使崩溃也能恢复。InnoDB 通过 undo log、redo log、锁、MVCC 等机制共同实现。 学习数据库题时，可以把一次查询拆成：走哪个索引、读多少行、是否回表、是否加锁。 原理拆开 - 先说明数据结构或机制服务于什么目标：减少 IO、保证隔离、支持恢复。 - 再解释读写路径，例如是否回表、是否加锁、是否读快照。 - 最后联系 SQL 写法和索引设计，避免只讲存储引擎内部术语。 下面是这道题需要掌握的核心内容： 面试回答版： 原子性保证事务内操作要么都成功要么都回滚；一致性是事务前后数据满足约束和业务规则；隔离性是并发事务之间互不干扰的程度；持久性是提交后数据即使崩溃也能恢复。InnoDB 通过 undo log、redo log、锁、MVCC 等机制共同实现。 代码/伪代码示例 代码见原文 底层原理再往下一层 再往下一层看，数据库问题往往落到页、B+ 树、undo/redo 日志、锁、事务可见性和执行计划。要能把一个 SQL 从索引扫描到回表再到加锁讲出来。 面试回答版 回答时可以按“三段式”讲： 1. 先给结论，直接回答它是什么或怎么做。 2. 再解释原因，把底层机制或设计动机讲出来。 3. 最后补一个边界，例如什么时候不适用、哪里容易错、工程里怎么验证。 如果只剩 30 秒，可以压缩成：原子性保证事务内操作要么都成功要么都回滚；一致性是事务前后数据满足约束和业务规则；隔离性是并发事务之间互不干扰的程度；持久性是提交后数据即使崩溃也能恢复。InnoDB 通过 undo log、redo log、锁、MVCC 等机制共同实现。 易错点 不要只背 B+ 树/MVCC，要能说明查询怎么走、为什么会回表、为什么会加锁。 面试官可能继续追问 - 这条 SQL 会不会走索引？ - 并发事务下会不会加锁或产生幻读？ - 如何用 explain 或日志验证？	数据库
MVCC 是什么？	这题在考什么 考察你对索引、事务、锁、日志和一致性的理解，重点不是背术语，而是能解释为什么这样设计。 先用人话理解 这题可以先抓住一句主线：MVCC 是多版本并发控制。InnoDB 为记录维护隐藏字段和 undo log 版本链，事务读取时根据 read view 判断哪个版本可见。它让读写并发能力更好，普通一致性读不需要阻塞写。 追问补充： 可重复读隔离级别下，同一事务内一致性读通常复用 read view；读已提交每次语句生成新的 read view。 MVCC 像给数据保留历史版本。读事务按自己的时间点看合适的版本，写事务继续写新版本。 原理拆开 - 先说明数据结构或机制服务于什么目标：减少 IO、保证隔离、支持恢复。 - 再解释读写路径，例如是否回表、是否加锁、是否读快照。 - 最后联系 SQL 写法和索引设计，避免只讲存储引擎内部术语。 下面是这道题需要掌握的核心内容： 面试回答版： MVCC 是多版本并发控制。InnoDB 为记录维护隐藏字段和 undo log 版本链，事务读取时根据 read view 判断哪个版本可见。它让读写并发能力更好，普通一致性读不需要阻塞写。 追问补充： 可重复读隔离级别下，同一事务内一致性读通常复用 read view；读已提交每次语句生成新的 read view。 代码/伪代码示例 代码见原文 底层原理再往下一层 再往下一层看，数据库问题往往落到页、B+ 树、undo/redo 日志、锁、事务可见性和执行计划。要能把一个 SQL 从索引扫描到回表再到加锁讲出来。 MVCC 的底层关键是 undo log 版本链和 read view。读事务不是简单读当前值，而是沿版本链找到对自己可见的版本。 面试回答版 回答时可以按“三段式”讲： 1. 先给结论，直接回答它是什么或怎么做。 2. 再解释原因，把底层机制或设计动机讲出来。 3. 最后补一个边界，例如什么时候不适用、哪里容易错、工程里怎么验证。 如果只剩 30 秒，可以压缩成：MVCC 是多版本并发控制。InnoDB 为记录维护隐藏字段和 undo log 版本链，事务读取时根据 read view 判断哪个版本可见。它让读写并发能力更好，普通一致性读不需要阻塞写。 追问补充： 可重复读隔离级别下，同一事务内一致性读通常复用 read view；读已提交每次语句生成新的 read view。 易错点 不要只背 B+ 树/MVCC，要能说明查询怎么走、为什么会回表、为什么会加锁。 面试官可能继续追问 - 这条 SQL 会不会走索引？ - 并发事务下会不会加锁或产生幻读？ - 如何用 explain 或日志验证？	数据库
快照读和当前读？	这题在考什么 考察你对索引、事务、锁、日志和一致性的理解，重点不是背术语，而是能解释为什么这样设计。 先用人话理解 这题可以先抓住一句主线：普通 select 通常是快照读，读取符合 read view 的历史版本，不加锁。select ... for update、select ... lock in share mode、update/delete/insert 属于当前读，读取最新已提交版本并加锁，保证后续修改安全。 学习数据库题时，可以把一次查询拆成：走哪个索引、读多少行、是否回表、是否加锁。 原理拆开 - 先说明数据结构或机制服务于什么目标：减少 IO、保证隔离、支持恢复。 - 再解释读写路径，例如是否回表、是否加锁、是否读快照。 - 最后联系 SQL 写法和索引设计，避免只讲存储引擎内部术语。 下面是这道题需要掌握的核心内容： 面试回答版： 普通 select 通常是快照读，读取符合 read view 的历史版本，不加锁。select ... for update、select ... lock in share mode、update/delete/insert 属于当前读，读取最新已提交版本并加锁，保证后续修改安全。 代码/伪代码示例 代码见原文 底层原理再往下一层 再往下一层看，数据库问题往往落到页、B+ 树、undo/redo 日志、锁、事务可见性和执行计划。要能把一个 SQL 从索引扫描到回表再到加锁讲出来。 面试回答版 回答时可以按“三段式”讲： 1. 先给结论，直接回答它是什么或怎么做。 2. 再解释原因，把底层机制或设计动机讲出来。 3. 最后补一个边界，例如什么时候不适用、哪里容易错、工程里怎么验证。 如果只剩 30 秒，可以压缩成：普通 select 通常是快照读，读取符合 read view 的历史版本，不加锁。select ... for update、select ... lock in share mode、update/delete/insert 属于当前读，读取最新已提交版本并加锁，保证后续修改安全。 易错点 不要只背 B+ 树/MVCC，要能说明查询怎么走、为什么会回表、为什么会加锁。 面试官可能继续追问 - 这条 SQL 会不会走索引？ - 并发事务下会不会加锁或产生幻读？ - 如何用 explain 或日志验证？	数据库
间隙锁、临键锁解决什么？	这题在考什么 考察你对索引、事务、锁、日志和一致性的理解，重点不是背术语，而是能解释为什么这样设计。 先用人话理解 这题可以先抓住一句主线：InnoDB 在可重复读下为了防止幻读，会用 record lock 锁记录、gap lock 锁记录之间的间隙、next-key lock 锁记录加前面的间隙。这样范围查询加锁后，其他事务不能在范围内插入新记录，从而避免当前读场景的幻读。 易错点： MVCC 解决的是普通快照读的幻读表现；当前读要靠锁机制。 学习数据库题时，可以把一次查询拆成：走哪个索引、读多少行、是否回表、是否加锁。 原理拆开 - 先说明数据结构或机制服务于什么目标：减少 IO、保证隔离、支持恢复。 - 再解释读写路径，例如是否回表、是否加锁、是否读快照。 - 最后联系 SQL 写法和索引设计，避免只讲存储引擎内部术语。 下面是这道题需要掌握的核心内容： 面试回答版： InnoDB 在可重复读下为了防止幻读，会用 record lock 锁记录、gap lock 锁记录之间的间隙、next-key lock 锁记录加前面的间隙。这样范围查询加锁后，其他事务不能在范围内插入新记录，从而避免当前读场景的幻读。 易错点： MVCC 解决的是普通快照读的幻读表现；当前读要靠锁机制。 代码/伪代码示例 代码见原文 底层原理再往下一层 再往下一层看，数据库问题往往落到页、B+ 树、undo/redo 日志、锁、事务可见性和执行计划。要能把一个 SQL 从索引扫描到回表再到加锁讲出来。 面试回答版 回答时可以按“三段式”讲： 1. 先给结论，直接回答它是什么或怎么做。 2. 再解释原因，把底层机制或设计动机讲出来。 3. 最后补一个边界，例如什么时候不适用、哪里容易错、工程里怎么验证。 如果只剩 30 秒，可以压缩成：InnoDB 在可重复读下为了防止幻读，会用 record lock 锁记录、gap lock 锁记录之间的间隙、next-key lock 锁记录加前面的间隙。这样范围查询加锁后，其他事务不能在范围内插入新记录，从而避免当前读场景的幻读。 易错点： MVCC 解决的是普通快照读的幻读表现；当前读要靠锁机制。 易错点 不要只背 B+ 树/MVCC，要能说明查询怎么走、为什么会回表、为什么会加锁。 面试官可能继续追问 - 这条 SQL 会不会走索引？ - 并发事务下会不会加锁或产生幻读？ - 如何用 explain 或日志验证？	数据库
索引失效常见原因？	这题在考什么 考察你对索引、事务、锁、日志和一致性的理解，重点不是背术语，而是能解释为什么这样设计。 先用人话理解 这题可以先抓住一句主线：常见原因包括：对索引列使用函数或表达式、隐式类型转换、前导通配符 like '%xx'、不满足联合索引最左前缀、范围条件后继续期望完全利用后续列、低选择性导致优化器放弃索引、返回行太多、统计信息不准。 学习数据库题时，可以把一次查询拆成：走哪个索引、读多少行、是否回表、是否加锁。 原理拆开 - 先说明数据结构或机制服务于什么目标：减少 IO、保证隔离、支持恢复。 - 再解释读写路径，例如是否回表、是否加锁、是否读快照。 - 最后联系 SQL 写法和索引设计，避免只讲存储引擎内部术语。 下面是这道题需要掌握的核心内容： 面试回答版： 常见原因包括：对索引列使用函数或表达式、隐式类型转换、前导通配符 like '%xx'、不满足联合索引最左前缀、范围条件后继续期望完全利用后续列、低选择性导致优化器放弃索引、返回行太多、统计信息不准。 代码/伪代码示例 代码见原文 底层原理再往下一层 再往下一层看，数据库问题往往落到页、B+ 树、undo/redo 日志、锁、事务可见性和执行计划。要能把一个 SQL 从索引扫描到回表再到加锁讲出来。 InnoDB 的索引节点按页组织，查询不是访问单个 key，而是加载页。B+ 树扇出高，树高通常较低，所以一次查找需要的随机 IO 更少。 面试回答版 回答时可以按“三段式”讲： 1. 先给结论，直接回答它是什么或怎么做。 2. 再解释原因，把底层机制或设计动机讲出来。 3. 最后补一个边界，例如什么时候不适用、哪里容易错、工程里怎么验证。 如果只剩 30 秒，可以压缩成：常见原因包括：对索引列使用函数或表达式、隐式类型转换、前导通配符 like '%xx'、不满足联合索引最左前缀、范围条件后继续期望完全利用后续列、低选择性导致优化器放弃索引、返回行太多、统计信息不准。 易错点 不要只背 B+ 树/MVCC，要能说明查询怎么走、为什么会回表、为什么会加锁。 面试官可能继续追问 - 这条 SQL 会不会走索引？ - 并发事务下会不会加锁或产生幻读？ - 如何用 explain 或日志验证？	数据库
Redis 常见数据结构和场景？	这题在考什么 考察你对索引、事务、锁、日志和一致性的理解，重点不是背术语，而是能解释为什么这样设计。 先用人话理解 这题可以先抓住一句主线：String 用于缓存、计数、分布式锁值；Hash 用于对象字段；List 用于简单队列；Set 用于去重、共同好友；Sorted Set 用于排行榜、延迟队列；Bitmap 用于签到、活跃统计；HyperLogLog 用于 UV 估算；Stream 用于消息流。 Redis 快不代表所有命令都快。大 key、慢 Lua、阻塞命令会让单线程事件循环卡住。 原理拆开 - 先说明数据结构或机制服务于什么目标：减少 IO、保证隔离、支持恢复。 - 再解释读写路径，例如是否回表、是否加锁、是否读快照。 - 最后联系 SQL 写法和索引设计，避免只讲存储引擎内部术语。 下面是这道题需要掌握的核心内容： 面试回答版： String 用于缓存、计数、分布式锁值；Hash 用于对象字段；List 用于简单队列；Set 用于去重、共同好友；Sorted Set 用于排行榜、延迟队列；Bitmap 用于签到、活跃统计；HyperLogLog 用于 UV 估算；Stream 用于消息流。 追问补充： Redis 对外的数据类型和内部编码不同，内部编码会随版本、元素数量、大小变化而变化，面试中不要把旧版本 ziplist/listpack 等说死。 代码/伪代码示例 代码见原文 底层原理再往下一层 再往下一层看，数据库问题往往落到页、B+ 树、undo/redo 日志、锁、事务可见性和执行计划。要能把一个 SQL 从索引扫描到回表再到加锁讲出来。 Redis 命令执行主路径通常在事件循环中完成。大 key 或慢命令会占住事件循环，让其他连接也等待，所以 Redis 快的前提是单次命令足够短。 面试回答版 回答时可以按“三段式”讲： 1. 先给结论，直接回答它是什么或怎么做。 2. 再解释原因，把底层机制或设计动机讲出来。 3. 最后补一个边界，例如什么时候不适用、哪里容易错、工程里怎么验证。 如果只剩 30 秒，可以压缩成：String 用于缓存、计数、分布式锁值；Hash 用于对象字段；List 用于简单队列；Set 用于去重、共同好友；Sorted Set 用于排行榜、延迟队列；Bitmap 用于签到、活跃统计；HyperLogLog 用于 UV 估算；Stream 用于消息流。 易错点 不要只背 B+ 树/MVCC，要能说明查询怎么走、为什么会回表、为什么会加锁。 面试官可能继续追问 - 这条 SQL 会不会走索引？ - 并发事务下会不会加锁或产生幻读？ - 如何用 explain 或日志验证？	数据库
Redis 为什么快？	这题在考什么 考察你对索引、事务、锁、日志和一致性的理解，重点不是背术语，而是能解释为什么这样设计。 先用人话理解 这题可以先抓住一句主线：主要原因是数据在内存中；核心命令执行模型简单，避免复杂锁竞争；使用 IO 多路复用处理大量连接；数据结构针对常见操作优化；协议简单。Redis 不是所有操作都快，大 key、阻塞命令、慢 Lua、持久化压力、网络瓶颈都会拖慢。 Redis 快不代表所有命令都快。大 key、慢 Lua、阻塞命令会让单线程事件循环卡住。 原理拆开 - 先说明数据结构或机制服务于什么目标：减少 IO、保证隔离、支持恢复。 - 再解释读写路径，例如是否回表、是否加锁、是否读快照。 - 最后联系 SQL 写法和索引设计，避免只讲存储引擎内部术语。 下面是这道题需要掌握的核心内容： 面试回答版： 主要原因是数据在内存中；核心命令执行模型简单，避免复杂锁竞争；使用 IO 多路复用处理大量连接；数据结构针对常见操作优化；协议简单。Redis 不是所有操作都快，大 key、阻塞命令、慢 Lua、持久化压力、网络瓶颈都会拖慢。 代码/伪代码示例 代码见原文 底层原理再往下一层 再往下一层看，数据库问题往往落到页、B+ 树、undo/redo 日志、锁、事务可见性和执行计划。要能把一个 SQL 从索引扫描到回表再到加锁讲出来。 Redis 命令执行主路径通常在事件循环中完成。大 key 或慢命令会占住事件循环，让其他连接也等待，所以 Redis 快的前提是单次命令足够短。 面试回答版 回答时可以按“三段式”讲： 1. 先给结论，直接回答它是什么或怎么做。 2. 再解释原因，把底层机制或设计动机讲出来。 3. 最后补一个边界，例如什么时候不适用、哪里容易错、工程里怎么验证。 如果只剩 30 秒，可以压缩成：主要原因是数据在内存中；核心命令执行模型简单，避免复杂锁竞争；使用 IO 多路复用处理大量连接；数据结构针对常见操作优化；协议简单。Redis 不是所有操作都快，大 key、阻塞命令、慢 Lua、持久化压力、网络瓶颈都会拖慢。 易错点 不要只背 B+ 树/MVCC，要能说明查询怎么走、为什么会回表、为什么会加锁。 面试官可能继续追问 - 这条 SQL 会不会走索引？ - 并发事务下会不会加锁或产生幻读？ - 如何用 explain 或日志验证？	数据库
缓存穿透、击穿、雪崩？	这题在考什么 考察你对索引、事务、锁、日志和一致性的理解，重点不是背术语，而是能解释为什么这样设计。 先用人话理解 这题可以先抓住一句主线：缓存穿透是查询不存在的数据，每次都打到数据库，可用布隆过滤器、缓存空值、参数校验解决。缓存击穿是热点 key 过期瞬间大量请求打到数据库，可用互斥重建、逻辑过期、热点 key 不过期解决。缓存雪崩是大量 key 同时失效或 Redis 故障，解决包括过期时间加随机、分级缓存、限流降级、Redis 高可用。 学习数据库题时，可以把一次查询拆成：走哪个索引、读多少行、是否回表、是否加锁。 原理拆开 - 先说明数据结构或机制服务于什么目标：减少 IO、保证隔离、支持恢复。 - 再解释读写路径，例如是否回表、是否加锁、是否读快照。 - 最后联系 SQL 写法和索引设计，避免只讲存储引擎内部术语。 下面是这道题需要掌握的核心内容： 面试回答版： 缓存穿透是查询不存在的数据，每次都打到数据库，可用布隆过滤器、缓存空值、参数校验解决。缓存击穿是热点 key 过期瞬间大量请求打到数据库，可用互斥重建、逻辑过期、热点 key 不过期解决。缓存雪崩是大量 key 同时失效或 Redis 故障，解决包括过期时间加随机、分级缓存、限流降级、Redis 高可用。 代码/伪代码示例 代码见原文 底层原理再往下一层 再往下一层看，数据库问题往往落到页、B+ 树、undo/redo 日志、锁、事务可见性和执行计划。要能把一个 SQL 从索引扫描到回表再到加锁讲出来。 面试回答版 回答时可以按“三段式”讲： 1. 先给结论，直接回答它是什么或怎么做。 2. 再解释原因，把底层机制或设计动机讲出来。 3. 最后补一个边界，例如什么时候不适用、哪里容易错、工程里怎么验证。 如果只剩 30 秒，可以压缩成：缓存穿透是查询不存在的数据，每次都打到数据库，可用布隆过滤器、缓存空值、参数校验解决。缓存击穿是热点 key 过期瞬间大量请求打到数据库，可用互斥重建、逻辑过期、热点 key 不过期解决。缓存雪崩是大量 key 同时失效或 Redis 故障，解决包括过期时间加随机、分级缓存、限流降级、Redis 高可用。 易错点 不要只背 B+ 树/MVCC，要能说明查询怎么走、为什么会回表、为什么会加锁。 面试官可能继续追问 - 这条 SQL 会不会走索引？ - 并发事务下会不会加锁或产生幻读？ - 如何用 explain 或日志验证？	数据库
Redis 分布式锁怎么写才相对可靠？	这题在考什么 考察你对索引、事务、锁、日志和一致性的理解，重点不是背术语，而是能解释为什么这样设计。 先用人话理解 这题可以先抓住一句主线：单 Redis 节点常见写法是 SET key value NX EX seconds，保证加锁和过期原子。释放锁时要先校验 value 是自己持有的随机值，再删除，通常用 Lua 保证检查和删除原子。业务执行时间可能超过过期时间时，要考虑续期或把锁粒度设计得更短。 追问补充： Redis 分布式锁不等于强一致锁。 Redis 快不代表所有命令都快。大 key、慢 Lua、阻塞命令会让单线程事件循环卡住。 原理拆开 - 先说明数据结构或机制服务于什么目标：减少 IO、保证隔离、支持恢复。 - 再解释读写路径，例如是否回表、是否加锁、是否读快照。 - 最后联系 SQL 写法和索引设计，避免只讲存储引擎内部术语。 下面是这道题需要掌握的核心内容： 面试回答版： 单 Redis 节点常见写法是 SET key value NX EX seconds，保证加锁和过期原子。释放锁时要先校验 value 是自己持有的随机值，再删除，通常用 Lua 保证检查和删除原子。业务执行时间可能超过过期时间时，要考虑续期或把锁粒度设计得更短。 追问补充： Redis 分布式锁不等于强一致锁。跨主从故障切换可能有安全问题，强一致场景要考虑数据库事务锁、ZooKeeper/etcd 等。 代码/伪代码示例 代码见原文 底层原理再往下一层 再往下一层看，数据库问题往往落到页、B+ 树、undo/redo 日志、锁、事务可见性和执行计划。要能把一个 SQL 从索引扫描到回表再到加锁讲出来。 Redis 命令执行主路径通常在事件循环中完成。大 key 或慢命令会占住事件循环，让其他连接也等待，所以 Redis 快的前提是单次命令足够短。 面试回答版 回答时可以按“三段式”讲： 1. 先给结论，直接回答它是什么或怎么做。 2. 再解释原因，把底层机制或设计动机讲出来。 3. 最后补一个边界，例如什么时候不适用、哪里容易错、工程里怎么验证。 如果只剩 30 秒，可以压缩成：单 Redis 节点常见写法是 SET key value NX EX seconds，保证加锁和过期原子。释放锁时要先校验 value 是自己持有的随机值，再删除，通常用 Lua 保证检查和删除原子。业务执行时间可能超过过期时间时，要考虑续期或把锁粒度设计得更短。 追问补充： Redis 分布式锁不等于强一致锁。 易错点 不要只背 B+ 树/MVCC，要能说明查询怎么走、为什么会回表、为什么会加锁。 面试官可能继续追问 - 这条 SQL 会不会走索引？ - 并发事务下会不会加锁或产生幻读？ - 如何用 explain 或日志验证？	数据库
Redis RDB 和 AOF？	这题在考什么 考察你对索引、事务、锁、日志和一致性的理解，重点不是背术语，而是能解释为什么这样设计。 先用人话理解 这题可以先抓住一句主线：RDB 是某个时间点的数据快照，文件紧凑、恢复快，但两次快照之间的数据可能丢失。AOF 记录写命令，持久性更好，可配置每秒 fsync 或每次 fsync，但文件更大，需要 rewrite 压缩。实际常组合使用。 Redis 快不代表所有命令都快。大 key、慢 Lua、阻塞命令会让单线程事件循环卡住。 原理拆开 - 先说明数据结构或机制服务于什么目标：减少 IO、保证隔离、支持恢复。 - 再解释读写路径，例如是否回表、是否加锁、是否读快照。 - 最后联系 SQL 写法和索引设计，避免只讲存储引擎内部术语。 下面是这道题需要掌握的核心内容： 面试回答版： RDB 是某个时间点的数据快照，文件紧凑、恢复快，但两次快照之间的数据可能丢失。AOF 记录写命令，持久性更好，可配置每秒 fsync 或每次 fsync，但文件更大，需要 rewrite 压缩。实际常组合使用。 代码/伪代码示例 代码见原文 底层原理再往下一层 再往下一层看，数据库问题往往落到页、B+ 树、undo/redo 日志、锁、事务可见性和执行计划。要能把一个 SQL 从索引扫描到回表再到加锁讲出来。 Redis 命令执行主路径通常在事件循环中完成。大 key 或慢命令会占住事件循环，让其他连接也等待，所以 Redis 快的前提是单次命令足够短。 面试回答版 回答时可以按“三段式”讲： 1. 先给结论，直接回答它是什么或怎么做。 2. 再解释原因，把底层机制或设计动机讲出来。 3. 最后补一个边界，例如什么时候不适用、哪里容易错、工程里怎么验证。 如果只剩 30 秒，可以压缩成：RDB 是某个时间点的数据快照，文件紧凑、恢复快，但两次快照之间的数据可能丢失。AOF 记录写命令，持久性更好，可配置每秒 fsync 或每次 fsync，但文件更大，需要 rewrite 压缩。实际常组合使用。 易错点 不要只背 B+ 树/MVCC，要能说明查询怎么走、为什么会回表、为什么会加锁。 面试官可能继续追问 - 这条 SQL 会不会走索引？ - 并发事务下会不会加锁或产生幻读？ - 如何用 explain 或日志验证？	数据库
Redis 过期删除和内存淘汰？	这题在考什么 考察你对索引、事务、锁、日志和一致性的理解，重点不是背术语，而是能解释为什么这样设计。 先用人话理解 这题可以先抓住一句主线：过期删除通常结合惰性删除和定期删除：访问 key 时发现过期就删，后台周期性抽样删除过期 key。内存达到上限时触发淘汰策略，例如 noeviction、allkeys-lru、volatile-lru、allkeys-random、volatile-ttl 等，具体策略要按业务选择。 Redis 快不代表所有命令都快。大 key、慢 Lua、阻塞命令会让单线程事件循环卡住。 原理拆开 - 先说明数据结构或机制服务于什么目标：减少 IO、保证隔离、支持恢复。 - 再解释读写路径，例如是否回表、是否加锁、是否读快照。 - 最后联系 SQL 写法和索引设计，避免只讲存储引擎内部术语。 下面是这道题需要掌握的核心内容： 面试回答版： 过期删除通常结合惰性删除和定期删除：访问 key 时发现过期就删，后台周期性抽样删除过期 key。内存达到上限时触发淘汰策略，例如 noeviction、allkeys-lru、volatile-lru、allkeys-random、volatile-ttl 等，具体策略要按业务选择。 代码/伪代码示例 代码见原文 底层原理再往下一层 再往下一层看，数据库问题往往落到页、B+ 树、undo/redo 日志、锁、事务可见性和执行计划。要能把一个 SQL 从索引扫描到回表再到加锁讲出来。 Redis 命令执行主路径通常在事件循环中完成。大 key 或慢命令会占住事件循环，让其他连接也等待，所以 Redis 快的前提是单次命令足够短。 面试回答版 回答时可以按“三段式”讲： 1. 先给结论，直接回答它是什么或怎么做。 2. 再解释原因，把底层机制或设计动机讲出来。 3. 最后补一个边界，例如什么时候不适用、哪里容易错、工程里怎么验证。 如果只剩 30 秒，可以压缩成：过期删除通常结合惰性删除和定期删除：访问 key 时发现过期就删，后台周期性抽样删除过期 key。内存达到上限时触发淘汰策略，例如 noeviction、allkeys-lru、volatile-lru、allkeys-random、volatile-ttl 等，具体策略要按业务选择。 易错点 不要只背 B+ 树/MVCC，要能说明查询怎么走、为什么会回表、为什么会加锁。 面试官可能继续追问 - 这条 SQL 会不会走索引？ - 并发事务下会不会加锁或产生幻读？ - 如何用 explain 或日志验证？	数据库
消息队列为什么会被问？	这题在考什么 考察你对索引、事务、锁、日志和一致性的理解，重点不是背术语，而是能解释为什么这样设计。 先用人话理解 这题可以先抓住一句主线：MQ 用于削峰、异步解耦、缓冲、最终一致性。面试常追问消息丢失、重复消费、顺序消费、积压、事务消息和幂等。回答时不要只说“用 MQ”，要说明生产端确认、Broker 持久化、消费端 ack、重试和死信队列、业务幂等键。 学习数据库题时，可以把一次查询拆成：走哪个索引、读多少行、是否回表、是否加锁。 原理拆开 - 先说明数据结构或机制服务于什么目标：减少 IO、保证隔离、支持恢复。 - 再解释读写路径，例如是否回表、是否加锁、是否读快照。 - 最后联系 SQL 写法和索引设计，避免只讲存储引擎内部术语。 下面是这道题需要掌握的核心内容： 面试回答版： MQ 用于削峰、异步解耦、缓冲、最终一致性。面试常追问消息丢失、重复消费、顺序消费、积压、事务消息和幂等。回答时不要只说“用 MQ”，要说明生产端确认、Broker 持久化、消费端 ack、重试和死信队列、业务幂等键。 代码/伪代码示例 代码见原文 底层原理再往下一层 再往下一层看，数据库问题往往落到页、B+ 树、undo/redo 日志、锁、事务可见性和执行计划。要能把一个 SQL 从索引扫描到回表再到加锁讲出来。 面试回答版 回答时可以按“三段式”讲： 1. 先给结论，直接回答它是什么或怎么做。 2. 再解释原因，把底层机制或设计动机讲出来。 3. 最后补一个边界，例如什么时候不适用、哪里容易错、工程里怎么验证。 如果只剩 30 秒，可以压缩成：MQ 用于削峰、异步解耦、缓冲、最终一致性。面试常追问消息丢失、重复消费、顺序消费、积压、事务消息和幂等。回答时不要只说“用 MQ”，要说明生产端确认、Broker 持久化、消费端 ack、重试和死信队列、业务幂等键。 易错点 不要只背 B+ 树/MVCC，要能说明查询怎么走、为什么会回表、为什么会加锁。 面试官可能继续追问 - 这条 SQL 会不会走索引？ - 并发事务下会不会加锁或产生幻读？ - 如何用 explain 或日志验证？	数据库
幂等怎么设计？	这题在考什么 考察你对索引、事务、锁、日志和一致性的理解，重点不是背术语，而是能解释为什么这样设计。 先用人话理解 这题可以先抓住一句主线：幂等是同一请求执行一次和多次结果一致。常见方案包括唯一业务单号、数据库唯一索引、防重表、状态机流转校验、乐观锁版本号、Redis setnx 短期去重。关键是幂等键必须来自业务语义，不能只靠请求时间戳。 学习数据库题时，可以把一次查询拆成：走哪个索引、读多少行、是否回表、是否加锁。 原理拆开 - 先说明数据结构或机制服务于什么目标：减少 IO、保证隔离、支持恢复。 - 再解释读写路径，例如是否回表、是否加锁、是否读快照。 - 最后联系 SQL 写法和索引设计，避免只讲存储引擎内部术语。 下面是这道题需要掌握的核心内容： 面试回答版： 幂等是同一请求执行一次和多次结果一致。常见方案包括唯一业务单号、数据库唯一索引、防重表、状态机流转校验、乐观锁版本号、Redis setnx 短期去重。关键是幂等键必须来自业务语义，不能只靠请求时间戳。 代码/伪代码示例 代码见原文 底层原理再往下一层 再往下一层看，数据库问题往往落到页、B+ 树、undo/redo 日志、锁、事务可见性和执行计划。要能把一个 SQL 从索引扫描到回表再到加锁讲出来。 面试回答版 回答时可以按“三段式”讲： 1. 先给结论，直接回答它是什么或怎么做。 2. 再解释原因，把底层机制或设计动机讲出来。 3. 最后补一个边界，例如什么时候不适用、哪里容易错、工程里怎么验证。 如果只剩 30 秒，可以压缩成：幂等是同一请求执行一次和多次结果一致。常见方案包括唯一业务单号、数据库唯一索引、防重表、状态机流转校验、乐观锁版本号、Redis setnx 短期去重。关键是幂等键必须来自业务语义，不能只靠请求时间戳。 易错点 不要只背 B+ 树/MVCC，要能说明查询怎么走、为什么会回表、为什么会加锁。 面试官可能继续追问 - 这条 SQL 会不会走索引？ - 并发事务下会不会加锁或产生幻读？ - 如何用 explain 或日志验证？	数据库
限流算法有哪些？	这题在考什么 考察你是否真的做过或认真设计过项目，能不能讲清楚边界、指标、瓶颈和取舍。 先用人话理解 这题可以先抓住一句主线：固定窗口简单但边界突刺明显；滑动窗口更平滑；漏桶按固定速率流出，适合平滑流量；令牌桶按固定速率生成令牌，允许一定突发。工程中还要区分单机限流和分布式限流，配合降级和熔断。 学习项目题时，不要先报技术名词，先把一次请求或一次数据流从入口到出口讲完。 原理拆开 - 先讲完整请求或数据流，不要只罗列技术名词。 - 再讲你负责的模块、遇到的问题、定位过程和改动效果。 - 指标要具体，无法给真实线上指标时要说清楚压测环境。 下面是这道题需要掌握的核心内容： 面试回答版： 固定窗口简单但边界突刺明显；滑动窗口更平滑；漏桶按固定速率流出，适合平滑流量；令牌桶按固定速率生成令牌，允许一定突发。工程中还要区分单机限流和分布式限流，配合降级和熔断。 代码/伪代码示例 代码见原文 底层原理再往下一层 再往下一层看，项目题最终会问到数据流、状态机、资源释放、压测指标、错误恢复和可观测性。能讲清楚这些，比说用了什么框架更重要。 面试回答版 回答时可以按“三段式”讲： 1. 先给结论，直接回答它是什么或怎么做。 2. 再解释原因，把底层机制或设计动机讲出来。 3. 最后补一个边界，例如什么时候不适用、哪里容易错、工程里怎么验证。 如果只剩 30 秒，可以压缩成：固定窗口简单但边界突刺明显；滑动窗口更平滑；漏桶按固定速率流出，适合平滑流量；令牌桶按固定速率生成令牌，允许一定突发。工程中还要区分单机限流和分布式限流，配合降级和熔断。 易错点 不要报技术栈。真实项目回答要有流程、边界、指标、问题和取舍。 面试官可能继续追问 - 压测怎么做？ - 线上出问题怎么定位？ - 你负责的边界是什么？	项目
一致性哈希解决什么？	这题在考什么 考察你对索引、事务、锁、日志和一致性的理解，重点不是背术语，而是能解释为什么这样设计。 先用人话理解 这题可以先抓住一句主线：一致性哈希把节点和 key 映射到哈希环上，key 顺时针找到第一个节点。节点增删时只影响相邻区间，减少缓存整体迁移。虚拟节点用于平衡数据分布。适合缓存分片、负载均衡等场景。 --- 学习数据库题时，可以把一次查询拆成：走哪个索引、读多少行、是否回表、是否加锁。 原理拆开 - 先说明数据结构或机制服务于什么目标：减少 IO、保证隔离、支持恢复。 - 再解释读写路径，例如是否回表、是否加锁、是否读快照。 - 最后联系 SQL 写法和索引设计，避免只讲存储引擎内部术语。 下面是这道题需要掌握的核心内容： 面试回答版： 一致性哈希把节点和 key 映射到哈希环上，key 顺时针找到第一个节点。节点增删时只影响相邻区间，减少缓存整体迁移。虚拟节点用于平衡数据分布。适合缓存分片、负载均衡等场景。 --- 代码/伪代码示例 代码见原文 底层原理再往下一层 再往下一层看，数据库问题往往落到页、B+ 树、undo/redo 日志、锁、事务可见性和执行计划。要能把一个 SQL 从索引扫描到回表再到加锁讲出来。 面试回答版 回答时可以按“三段式”讲： 1. 先给结论，直接回答它是什么或怎么做。 2. 再解释原因，把底层机制或设计动机讲出来。 3. 最后补一个边界，例如什么时候不适用、哪里容易错、工程里怎么验证。 如果只剩 30 秒，可以压缩成：一致性哈希把节点和 key 映射到哈希环上，key 顺时针找到第一个节点。节点增删时只影响相邻区间，减少缓存整体迁移。虚拟节点用于平衡数据分布。适合缓存分片、负载均衡等场景。 --- 易错点 不要只背 B+ 树/MVCC，要能说明查询怎么走、为什么会回表、为什么会加锁。 面试官可能继续追问 - 这条 SQL 会不会走索引？ - 并发事务下会不会加锁或产生幻读？ - 如何用 explain 或日志验证？	数据库
C++ WebServer 项目通常怎么介绍？	这题在考什么 考察你是否真的做过或认真设计过项目，能不能讲清楚边界、指标、瓶颈和取舍。 先用人话理解 这题可以先抓住一句主线：可以按架构讲：主线程负责监听 socket 和 epoll 事件循环；连接 fd 非阻塞；采用 Reactor 模型；IO 线程读取请求并解析 HTTP；计算或业务任务投递到线程池；响应写回时处理半包和 EAGAIN；使用 RAII 管理 fd、锁和连接对象；支持定时器清理超时连接；日志异步落盘。 学习项目题时，不要先报技术名词，先把一次请求或一次数据流从入口到出口讲完。 原理拆开 - 先讲完整请求或数据流，不要只罗列技术名词。 - 再讲你负责的模块、遇到的问题、定位过程和改动效果。 - 指标要具体，无法给真实线上指标时要说清楚压测环境。 下面是这道题需要掌握的核心内容： 面试回答版： 可以按架构讲：主线程负责监听 socket 和 epoll 事件循环；连接 fd 非阻塞；采用 Reactor 模型；IO 线程读取请求并解析 HTTP；计算或业务任务投递到线程池；响应写回时处理半包和 EAGAIN；使用 RAII 管理 fd、锁和连接对象；支持定时器清理超时连接；日志异步落盘。 追问补充： 面试官常追问：为什么用 epoll、LT/ET 怎么选、线程池队列满怎么办、如何处理粘包、如何优雅关闭连接、压测 QPS 如何、瓶颈在哪。 代码/伪代码示例 代码见原文 底层原理再往下一层 再往下一层看，项目题最终会问到数据流、状态机、资源释放、压测指标、错误恢复和可观测性。能讲清楚这些，比说用了什么框架更重要。 面试回答版 回答时可以按“三段式”讲： 1. 先给结论，直接回答它是什么或怎么做。 2. 再解释原因，把底层机制或设计动机讲出来。 3. 最后补一个边界，例如什么时候不适用、哪里容易错、工程里怎么验证。 如果只剩 30 秒，可以压缩成：可以按架构讲：主线程负责监听 socket 和 epoll 事件循环；连接 fd 非阻塞；采用 Reactor 模型；IO 线程读取请求并解析 HTTP；计算或业务任务投递到线程池；响应写回时处理半包和 EAGAIN；使用 RAII 管理 fd、锁和连接对象；支持定时器清理超时连接；日志异步落盘。 易错点 不要报技术栈。真实项目回答要有流程、边界、指标、问题和取舍。 面试官可能继续追问 - 压测怎么做？ - 线上出问题怎么定位？ - 你负责的边界是什么？	项目
线程池项目怎么答得像自己写过？	这题在考什么 考察你能不能用稳定的数据结构和不变量写出可解释、可维护的代码。 先用人话理解 这题可以先抓住一句主线：不要只说“用了线程池提高性能”。要说清楚任务队列结构、worker 生命周期、提交接口、停止策略、异常处理和背压。如果支持返回值，可以用 std::packaged_task 和 future；如果是固定业务任务，可以简化为 std::function<void()>。析构时要决定是执行完队列任务再退出，还是快速丢弃。 线程池像固定工人加任务队列。重点不只是开几个线程，而是队列、退出、异常和背压。 原理拆开 - 先讲不变量：数据结构在任意时刻必须满足什么条件。 - 再讲操作如何维护不变量，例如插入、删除、移动、扩容、关闭。 - 最后检查边界：空输入、容量 0、重复 key、异常、线程退出。 下面是这道题需要掌握的核心内容： 面试回答版： 不要只说“用了线程池提高性能”。要说清楚任务队列结构、worker 生命周期、提交接口、停止策略、异常处理和背压。如果支持返回值，可以用 std::packaged_task 和 future；如果是固定业务任务，可以简化为 std::function<void()>。析构时要决定是执行完队列任务再退出，还是快速丢弃。 代码/伪代码示例 代码见原文 底层原理再往下一层 再往下一层看，代码题要抓不变量和边界。每次插入、删除、移动、扩容、退出，都必须维护数据结构不变量，否则复杂度再好也不可靠。 线程池底层依赖条件变量的阻塞/唤醒和任务队列的互斥保护。真正容易错的是停止状态与队列状态的组合，而不是创建线程本身。 面试回答版 回答时可以按“三段式”讲： 1. 先给结论，直接回答它是什么或怎么做。 2. 再解释原因，把底层机制或设计动机讲出来。 3. 最后补一个边界，例如什么时候不适用、哪里容易错、工程里怎么验证。 如果只剩 30 秒，可以压缩成：不要只说“用了线程池提高性能”。要说清楚任务队列结构、worker 生命周期、提交接口、停止策略、异常处理和背压。如果支持返回值，可以用 std::packaged_task 和 future；如果是固定业务任务，可以简化为 std::function<void()>。析构时要决定是执行完队列任务再退出，还是快速丢弃。 易错点 不要只写出大概逻辑。边界条件和不变量讲不清楚，面试官会认为代码不稳。 面试官可能继续追问 - 复杂度是多少？ - 边界条件怎么处理？ - 如果要求线程安全或高性能怎么改？	代码
内存池项目常见追问？	这题在考什么 考察你能不能用稳定的数据结构和不变量写出可解释、可维护的代码。 先用人话理解 这题可以先抓住一句主线：内存池的目标是减少频繁小对象分配释放的系统分配器开销和碎片。常见设计是按大小分级的 free list，申请时从对应空闲链表取块，不够再批量向系统申请；释放时归还到链表。要考虑对齐、线程安全、大对象回退系统分配、调试模式下越界检测和重复释放检测。 学习代码题时，先说数据结构保持什么不变量，再说明每个操作如何维护它。 原理拆开 - 先讲不变量：数据结构在任意时刻必须满足什么条件。 - 再讲操作如何维护不变量，例如插入、删除、移动、扩容、关闭。 - 最后检查边界：空输入、容量 0、重复 key、异常、线程退出。 下面是这道题需要掌握的核心内容： 面试回答版： 内存池的目标是减少频繁小对象分配释放的系统分配器开销和碎片。常见设计是按大小分级的 free list，申请时从对应空闲链表取块，不够再批量向系统申请；释放时归还到链表。要考虑对齐、线程安全、大对象回退系统分配、调试模式下越界检测和重复释放检测。 代码/伪代码示例 代码见原文 底层原理再往下一层 再往下一层看，代码题要抓不变量和边界。每次插入、删除、移动、扩容、退出，都必须维护数据结构不变量，否则复杂度再好也不可靠。 面试回答版 回答时可以按“三段式”讲： 1. 先给结论，直接回答它是什么或怎么做。 2. 再解释原因，把底层机制或设计动机讲出来。 3. 最后补一个边界，例如什么时候不适用、哪里容易错、工程里怎么验证。 如果只剩 30 秒，可以压缩成：内存池的目标是减少频繁小对象分配释放的系统分配器开销和碎片。常见设计是按大小分级的 free list，申请时从对应空闲链表取块，不够再批量向系统申请；释放时归还到链表。要考虑对齐、线程安全、大对象回退系统分配、调试模式下越界检测和重复释放检测。 易错点 不要只写出大概逻辑。边界条件和不变量讲不清楚，面试官会认为代码不稳。 面试官可能继续追问 - 复杂度是多少？ - 边界条件怎么处理？ - 如果要求线程安全或高性能怎么改？	代码
如何回答“项目性能优化做了什么”？	这题在考什么 考察你是否真的做过或认真设计过项目，能不能讲清楚边界、指标、瓶颈和取舍。 先用人话理解 这题可以先抓住一句主线：按证据链回答：先说明指标，例如 QPS、P99 延迟、CPU、内存、连接数；再说用什么工具定位，例如 perf、火焰图、top、strace、日志耗时；然后说改动，例如减少拷贝、连接复用、批量写、缓存热点、锁粒度调整、异步日志；最后给结果和副作用。 易错点： 不要只说“用了多线程/缓存所以变快”，没有基准和瓶颈定位会显得空。 学习项目题时，不要先报技术名词，先把一次请求或一次数据流从入口到出口讲完。 原理拆开 - 先讲完整请求或数据流，不要只罗列技术名词。 - 再讲你负责的模块、遇到的问题、定位过程和改动效果。 - 指标要具体，无法给真实线上指标时要说清楚压测环境。 下面是这道题需要掌握的核心内容： 面试回答版： 按证据链回答：先说明指标，例如 QPS、P99 延迟、CPU、内存、连接数；再说用什么工具定位，例如 perf、火焰图、top、strace、日志耗时；然后说改动，例如减少拷贝、连接复用、批量写、缓存热点、锁粒度调整、异步日志；最后给结果和副作用。 易错点： 不要只说“用了多线程/缓存所以变快”，没有基准和瓶颈定位会显得空。 代码/伪代码示例 代码见原文 底层原理再往下一层 再往下一层看，项目题最终会问到数据流、状态机、资源释放、压测指标、错误恢复和可观测性。能讲清楚这些，比说用了什么框架更重要。 面试回答版 回答时可以按“三段式”讲： 1. 先给结论，直接回答它是什么或怎么做。 2. 再解释原因，把底层机制或设计动机讲出来。 3. 最后补一个边界，例如什么时候不适用、哪里容易错、工程里怎么验证。 如果只剩 30 秒，可以压缩成：按证据链回答：先说明指标，例如 QPS、P99 延迟、CPU、内存、连接数；再说用什么工具定位，例如 perf、火焰图、top、strace、日志耗时；然后说改动，例如减少拷贝、连接复用、批量写、缓存热点、锁粒度调整、异步日志；最后给结果和副作用。 易错点： 不要只说“用了多线程/缓存所以变快”，没有基准和瓶颈定位会显得空。 易错点 不要报技术栈。真实项目回答要有流程、边界、指标、问题和取舍。 面试官可能继续追问 - 压测怎么做？ - 线上出问题怎么定位？ - 你负责的边界是什么？	项目
面试官问“你项目最难的点”怎么答？	这题在考什么 考察你是否真的做过或认真设计过项目，能不能讲清楚边界、指标、瓶颈和取舍。 先用人话理解 这题可以先抓住一句主线：选一个能展开技术细节的问题，例如连接生命周期管理、并发关闭、队列背压、缓存一致性、性能抖动、故障恢复。结构是：背景、约束、踩坑、方案、验证。最好能讲出一个失败方案和为什么放弃。 学习项目题时，不要先报技术名词，先把一次请求或一次数据流从入口到出口讲完。 原理拆开 - 先讲完整请求或数据流，不要只罗列技术名词。 - 再讲你负责的模块、遇到的问题、定位过程和改动效果。 - 指标要具体，无法给真实线上指标时要说清楚压测环境。 下面是这道题需要掌握的核心内容： 面试回答版： 选一个能展开技术细节的问题，例如连接生命周期管理、并发关闭、队列背压、缓存一致性、性能抖动、故障恢复。结构是：背景、约束、踩坑、方案、验证。最好能讲出一个失败方案和为什么放弃。 代码/伪代码示例 代码见原文 底层原理再往下一层 再往下一层看，项目题最终会问到数据流、状态机、资源释放、压测指标、错误恢复和可观测性。能讲清楚这些，比说用了什么框架更重要。 面试回答版 回答时可以按“三段式”讲： 1. 先给结论，直接回答它是什么或怎么做。 2. 再解释原因，把底层机制或设计动机讲出来。 3. 最后补一个边界，例如什么时候不适用、哪里容易错、工程里怎么验证。 如果只剩 30 秒，可以压缩成：选一个能展开技术细节的问题，例如连接生命周期管理、并发关闭、队列背压、缓存一致性、性能抖动、故障恢复。结构是：背景、约束、踩坑、方案、验证。最好能讲出一个失败方案和为什么放弃。 易错点 不要报技术栈。真实项目回答要有流程、边界、指标、问题和取舍。 面试官可能继续追问 - 压测怎么做？ - 线上出问题怎么定位？ - 你负责的边界是什么？	项目
简历项目如何避免被越问越偏？	这题在考什么 考察你是否真的做过或认真设计过项目，能不能讲清楚边界、指标、瓶颈和取舍。 先用人话理解 这题可以先抓住一句主线：主动给面试官一个清晰边界：项目做了什么、你负责什么、没有做什么、为什么这样取舍。如果不会某个方向，可以把话题拉回你真实做过的点，例如“这个模块我没有做到分布式一致性，我当时主要解决的是单机高并发连接管理，里面比较关键的是……” --- 学习项目题时，不要先报技术名词，先把一次请求或一次数据流从入口到出口讲完。 原理拆开 - 先讲完整请求或数据流，不要只罗列技术名词。 - 再讲你负责的模块、遇到的问题、定位过程和改动效果。 - 指标要具体，无法给真实线上指标时要说清楚压测环境。 下面是这道题需要掌握的核心内容： 面试回答版： 主动给面试官一个清晰边界：项目做了什么、你负责什么、没有做什么、为什么这样取舍。如果不会某个方向，可以把话题拉回你真实做过的点，例如“这个模块我没有做到分布式一致性，我当时主要解决的是单机高并发连接管理，里面比较关键的是……” --- 代码/伪代码示例 代码见原文 底层原理再往下一层 再往下一层看，项目题最终会问到数据流、状态机、资源释放、压测指标、错误恢复和可观测性。能讲清楚这些，比说用了什么框架更重要。 面试回答版 回答时可以按“三段式”讲： 1. 先给结论，直接回答它是什么或怎么做。 2. 再解释原因，把底层机制或设计动机讲出来。 3. 最后补一个边界，例如什么时候不适用、哪里容易错、工程里怎么验证。 如果只剩 30 秒，可以压缩成：主动给面试官一个清晰边界：项目做了什么、你负责什么、没有做什么、为什么这样取舍。如果不会某个方向，可以把话题拉回你真实做过的点，例如“这个模块我没有做到分布式一致性，我当时主要解决的是单机高并发连接管理，里面比较关键的是……” --- 易错点 不要报技术栈。真实项目回答要有流程、边界、指标、问题和取舍。 面试官可能继续追问 - 压测怎么做？ - 线上出问题怎么定位？ - 你负责的边界是什么？	项目
static_cast、dynamic_cast、const_cast、reinterpret_cast 区别？	这题在考什么 考察你是否理解 C++ 的类型语义、对象生命周期、所有权、编译期/运行期边界，而不是只背语法名词。 先用人话理解 这题可以先抓住一句主线：答： static_cast 做编译期可检查的类型转换，例如基类/派生类非多态转换、数值转换；dynamic_cast 用于多态类型的安全向下转型，失败时指针返回 nullptr，引用抛异常；const_cast 只改变 cv 限定；reinterpret_cast 做低层二进制解释，风险最高。 学习 C++ 题时，可以先问自己：这个对象是谁创建的、谁销毁的、能不能被拷贝、异常时会不会泄漏。 原理拆开 - 先区分标准语义和常见实现，例如虚表、SSO、容器扩容倍数都属于实现细节。 - 回答时尽量围绕生命周期：对象什么时候构造、什么时候析构、谁拥有资源、异常时会怎样。 - 如果涉及性能，要说明减少的是拷贝、分配、锁竞争还是运行期派发。 下面是这道题需要掌握的核心内容： 答： static_cast 做编译期可检查的类型转换，例如基类/派生类非多态转换、数值转换；dynamic_cast 用于多态类型的安全向下转型，失败时指针返回 nullptr，引用抛异常；const_cast 只改变 cv 限定；reinterpret_cast 做低层二进制解释，风险最高。面试中要强调：能不用 C 风格强转就不用，优先让转换意图明确。 易错点： dynamic_cast 需要基类有虚函数，也就是类型具备 RTTI 多态信息。 代码/伪代码示例 代码见原文 底层原理再往下一层 再往下一层看，C++ 题通常会落到对象模型、ABI、编译器生成的特殊成员函数、栈展开、动态分配器和标准库实现。面试中不要把这些实现细节说成标准强制，但要知道常见实现为什么会这样做。 面试回答版 回答时可以按“三段式”讲： 1. 先给结论，直接回答它是什么或怎么做。 2. 再解释原因，把底层机制或设计动机讲出来。 3. 最后补一个边界，例如什么时候不适用、哪里容易错、工程里怎么验证。 如果只剩 30 秒，可以压缩成：答： static_cast 做编译期可检查的类型转换，例如基类/派生类非多态转换、数值转换；dynamic_cast 用于多态类型的安全向下转型，失败时指针返回 nullptr，引用抛异常；const_cast 只改变 cv 限定；reinterpret_cast 做低层二进制解释，风险最高。 易错点 不要把常见实现说成标准保证；也不要只背概念名词，要落到生命周期、所有权和异常安全。 面试官可能继续追问 - 如果发生拷贝/移动/析构，会不会出错？ - 这是标准保证还是某个编译器/库的实现？ - 异常路径下资源会不会泄漏？	C++
RTTI 是什么？什么时候用？	这题在考什么 考察你是否理解 C++ 的类型语义、对象生命周期、所有权、编译期/运行期边界，而不是只背语法名词。 先用人话理解 这题可以先抓住一句主线：答： RTTI 是运行时类型识别，主要包括 typeid 和 dynamic_cast。它能在运行时判断对象动态类型，但通常说明设计里存在类型分发需求；如果能通过虚函数、多态接口或访问者模式表达行为，通常比到处判断类型更好。 学习 C++ 题时，可以先问自己：这个对象是谁创建的、谁销毁的、能不能被拷贝、异常时会不会泄漏。 原理拆开 - 先区分标准语义和常见实现，例如虚表、SSO、容器扩容倍数都属于实现细节。 - 回答时尽量围绕生命周期：对象什么时候构造、什么时候析构、谁拥有资源、异常时会怎样。 - 如果涉及性能，要说明减少的是拷贝、分配、锁竞争还是运行期派发。 下面是这道题需要掌握的核心内容： 答： RTTI 是运行时类型识别，主要包括 typeid 和 dynamic_cast。它能在运行时判断对象动态类型，但通常说明设计里存在类型分发需求；如果能通过虚函数、多态接口或访问者模式表达行为，通常比到处判断类型更好。 代码/伪代码示例 代码见原文 底层原理再往下一层 再往下一层看，C++ 题通常会落到对象模型、ABI、编译器生成的特殊成员函数、栈展开、动态分配器和标准库实现。面试中不要把这些实现细节说成标准强制，但要知道常见实现为什么会这样做。 面试回答版 回答时可以按“三段式”讲： 1. 先给结论，直接回答它是什么或怎么做。 2. 再解释原因，把底层机制或设计动机讲出来。 3. 最后补一个边界，例如什么时候不适用、哪里容易错、工程里怎么验证。 如果只剩 30 秒，可以压缩成：答： RTTI 是运行时类型识别，主要包括 typeid 和 dynamic_cast。它能在运行时判断对象动态类型，但通常说明设计里存在类型分发需求；如果能通过虚函数、多态接口或访问者模式表达行为，通常比到处判断类型更好。 易错点 不要把常见实现说成标准保证；也不要只背概念名词，要落到生命周期、所有权和异常安全。 面试官可能继续追问 - 如果发生拷贝/移动/析构，会不会出错？ - 这是标准保证还是某个编译器/库的实现？ - 异常路径下资源会不会泄漏？	C++
explicit 解决什么问题？	这题在考什么 考察你是否理解 C++ 的类型语义、对象生命周期、所有权、编译期/运行期边界，而不是只背语法名词。 先用人话理解 这题可以先抓住一句主线：答： explicit 禁止构造函数或转换函数参与隐式转换，避免意外类型转换。单参数构造函数、转换运算符尤其应该考虑加 explicit。 代码见原文。 学习 C++ 题时，可以先问自己：这个对象是谁创建的、谁销毁的、能不能被拷贝、异常时会不会泄漏。 原理拆开 - 先区分标准语义和常见实现，例如虚表、SSO、容器扩容倍数都属于实现细节。 - 回答时尽量围绕生命周期：对象什么时候构造、什么时候析构、谁拥有资源、异常时会怎样。 - 如果涉及性能，要说明减少的是拷贝、分配、锁竞争还是运行期派发。 下面是这道题需要掌握的核心内容： 答： explicit 禁止构造函数或转换函数参与隐式转换，避免意外类型转换。单参数构造函数、转换运算符尤其应该考虑加 explicit。 代码见原文 代码/伪代码示例 代码见原文 底层原理再往下一层 再往下一层看，C++ 题通常会落到对象模型、ABI、编译器生成的特殊成员函数、栈展开、动态分配器和标准库实现。面试中不要把这些实现细节说成标准强制，但要知道常见实现为什么会这样做。 面试回答版 回答时可以按“三段式”讲： 1. 先给结论，直接回答它是什么或怎么做。 2. 再解释原因，把底层机制或设计动机讲出来。 3. 最后补一个边界，例如什么时候不适用、哪里容易错、工程里怎么验证。 如果只剩 30 秒，可以压缩成：答： explicit 禁止构造函数或转换函数参与隐式转换，避免意外类型转换。单参数构造函数、转换运算符尤其应该考虑加 explicit。 代码见原文。 易错点 不要把常见实现说成标准保证；也不要只背概念名词，要落到生命周期、所有权和异常安全。 面试官可能继续追问 - 如果发生拷贝/移动/析构，会不会出错？ - 这是标准保证还是某个编译器/库的实现？ - 异常路径下资源会不会泄漏？	C++
friend 是不是破坏封装？	这题在考什么 考察你是否理解 C++ 的类型语义、对象生命周期、所有权、编译期/运行期边界，而不是只背语法名词。 先用人话理解 这题可以先抓住一句主线：答： friend 允许指定函数或类访问私有成员。它确实扩大了访问权限，但如果用于对称运算符、序列化、测试辅助、工厂构造等明确边界的场景，可以是合理设计。关键是不要把 friend 当成随便绕过封装的工具。 学习 C++ 题时，可以先问自己：这个对象是谁创建的、谁销毁的、能不能被拷贝、异常时会不会泄漏。 原理拆开 - 先区分标准语义和常见实现，例如虚表、SSO、容器扩容倍数都属于实现细节。 - 回答时尽量围绕生命周期：对象什么时候构造、什么时候析构、谁拥有资源、异常时会怎样。 - 如果涉及性能，要说明减少的是拷贝、分配、锁竞争还是运行期派发。 下面是这道题需要掌握的核心内容： 答： friend 允许指定函数或类访问私有成员。它确实扩大了访问权限，但如果用于对称运算符、序列化、测试辅助、工厂构造等明确边界的场景，可以是合理设计。关键是不要把 friend 当成随便绕过封装的工具。 代码/伪代码示例 代码见原文 底层原理再往下一层 再往下一层看，C++ 题通常会落到对象模型、ABI、编译器生成的特殊成员函数、栈展开、动态分配器和标准库实现。面试中不要把这些实现细节说成标准强制，但要知道常见实现为什么会这样做。 面试回答版 回答时可以按“三段式”讲： 1. 先给结论，直接回答它是什么或怎么做。 2. 再解释原因，把底层机制或设计动机讲出来。 3. 最后补一个边界，例如什么时候不适用、哪里容易错、工程里怎么验证。 如果只剩 30 秒，可以压缩成：答： friend 允许指定函数或类访问私有成员。它确实扩大了访问权限，但如果用于对称运算符、序列化、测试辅助、工厂构造等明确边界的场景，可以是合理设计。关键是不要把 friend 当成随便绕过封装的工具。 易错点 不要把常见实现说成标准保证；也不要只背概念名词，要落到生命周期、所有权和异常安全。 面试官可能继续追问 - 如果发生拷贝/移动/析构，会不会出错？ - 这是标准保证还是某个编译器/库的实现？ - 异常路径下资源会不会泄漏？	C++
enum 和 enum class 区别？	这题在考什么 考察你是否理解 C++ 的类型语义、对象生命周期、所有权、编译期/运行期边界，而不是只背语法名词。 先用人话理解 这题可以先抓住一句主线：答： 传统 enum 枚举值会泄漏到外层作用域，并且可隐式转换为整数；enum class 有作用域，不会隐式转整数，类型更安全。现代 C++ 优先使用 enum class。 学习 C++ 题时，可以先问自己：这个对象是谁创建的、谁销毁的、能不能被拷贝、异常时会不会泄漏。 原理拆开 - 先区分标准语义和常见实现，例如虚表、SSO、容器扩容倍数都属于实现细节。 - 回答时尽量围绕生命周期：对象什么时候构造、什么时候析构、谁拥有资源、异常时会怎样。 - 如果涉及性能，要说明减少的是拷贝、分配、锁竞争还是运行期派发。 下面是这道题需要掌握的核心内容： 答： 传统 enum 枚举值会泄漏到外层作用域，并且可隐式转换为整数；enum class 有作用域，不会隐式转整数，类型更安全。现代 C++ 优先使用 enum class。 代码/伪代码示例 代码见原文 底层原理再往下一层 再往下一层看，C++ 题通常会落到对象模型、ABI、编译器生成的特殊成员函数、栈展开、动态分配器和标准库实现。面试中不要把这些实现细节说成标准强制，但要知道常见实现为什么会这样做。 面试回答版 回答时可以按“三段式”讲： 1. 先给结论，直接回答它是什么或怎么做。 2. 再解释原因，把底层机制或设计动机讲出来。 3. 最后补一个边界，例如什么时候不适用、哪里容易错、工程里怎么验证。 如果只剩 30 秒，可以压缩成：答： 传统 enum 枚举值会泄漏到外层作用域，并且可隐式转换为整数；enum class 有作用域，不会隐式转整数，类型更安全。现代 C++ 优先使用 enum class。 易错点 不要把常见实现说成标准保证；也不要只背概念名词，要落到生命周期、所有权和异常安全。 面试官可能继续追问 - 如果发生拷贝/移动/析构，会不会出错？ - 这是标准保证还是某个编译器/库的实现？ - 异常路径下资源会不会泄漏？	C++
C++ 中 sizeof 一个空类为什么通常不是 0？	这题在考什么 考察你是否理解 C++ 的类型语义、对象生命周期、所有权、编译期/运行期边界，而不是只背语法名词。 先用人话理解 这题可以先抓住一句主线：答： 空类对象也必须有唯一地址，所以大小通常是 1 字节。作为基类时，编译器可以做空基类优化 EBO，使空基类子对象不额外占空间。 易错点： “通常是 1”是常见实现结果，不要把所有 ABI 细节都说成标准布局要求。 学习 C++ 题时，可以先问自己：这个对象是谁创建的、谁销毁的、能不能被拷贝、异常时会不会泄漏。 原理拆开 - 先区分标准语义和常见实现，例如虚表、SSO、容器扩容倍数都属于实现细节。 - 回答时尽量围绕生命周期：对象什么时候构造、什么时候析构、谁拥有资源、异常时会怎样。 - 如果涉及性能，要说明减少的是拷贝、分配、锁竞争还是运行期派发。 下面是这道题需要掌握的核心内容： 答： 空类对象也必须有唯一地址，所以大小通常是 1 字节。作为基类时，编译器可以做空基类优化 EBO，使空基类子对象不额外占空间。 易错点： “通常是 1”是常见实现结果，不要把所有 ABI 细节都说成标准布局要求。 代码/伪代码示例 代码见原文 底层原理再往下一层 再往下一层看，C++ 题通常会落到对象模型、ABI、编译器生成的特殊成员函数、栈展开、动态分配器和标准库实现。面试中不要把这些实现细节说成标准强制，但要知道常见实现为什么会这样做。 面试回答版 回答时可以按“三段式”讲： 1. 先给结论，直接回答它是什么或怎么做。 2. 再解释原因，把底层机制或设计动机讲出来。 3. 最后补一个边界，例如什么时候不适用、哪里容易错、工程里怎么验证。 如果只剩 30 秒，可以压缩成：答： 空类对象也必须有唯一地址，所以大小通常是 1 字节。作为基类时，编译器可以做空基类优化 EBO，使空基类子对象不额外占空间。 易错点： “通常是 1”是常见实现结果，不要把所有 ABI 细节都说成标准布局要求。 易错点 不要把常见实现说成标准保证；也不要只背概念名词，要落到生命周期、所有权和异常安全。 面试官可能继续追问 - 如果发生拷贝/移动/析构，会不会出错？ - 这是标准保证还是某个编译器/库的实现？ - 异常路径下资源会不会泄漏？	C++
空基类优化 EBO 是什么？	这题在考什么 考察你是否真的做过或认真设计过项目，能不能讲清楚边界、指标、瓶颈和取舍。 先用人话理解 这题可以先抓住一句主线：答： EBO 是编译器允许空基类子对象不占额外空间的优化。它常用于 STL 分配器、函数对象、策略类组合，帮助模板库在抽象不增加运行时体积的情况下复用能力。 学习项目题时，不要先报技术名词，先把一次请求或一次数据流从入口到出口讲完。 原理拆开 - 先讲完整请求或数据流，不要只罗列技术名词。 - 再讲你负责的模块、遇到的问题、定位过程和改动效果。 - 指标要具体，无法给真实线上指标时要说清楚压测环境。 下面是这道题需要掌握的核心内容： 答： EBO 是编译器允许空基类子对象不占额外空间的优化。它常用于 STL 分配器、函数对象、策略类组合，帮助模板库在抽象不增加运行时体积的情况下复用能力。 代码/伪代码示例 代码见原文 底层原理再往下一层 再往下一层看，项目题最终会问到数据流、状态机、资源释放、压测指标、错误恢复和可观测性。能讲清楚这些，比说用了什么框架更重要。 面试回答版 回答时可以按“三段式”讲： 1. 先给结论，直接回答它是什么或怎么做。 2. 再解释原因，把底层机制或设计动机讲出来。 3. 最后补一个边界，例如什么时候不适用、哪里容易错、工程里怎么验证。 如果只剩 30 秒，可以压缩成：答： EBO 是编译器允许空基类子对象不占额外空间的优化。它常用于 STL 分配器、函数对象、策略类组合，帮助模板库在抽象不增加运行时体积的情况下复用能力。 易错点 不要报技术栈。真实项目回答要有流程、边界、指标、问题和取舍。 面试官可能继续追问 - 压测怎么做？ - 线上出问题怎么定位？ - 你负责的边界是什么？	项目
虚继承解决什么问题？	这题在考什么 考察你是否理解 C++ 的类型语义、对象生命周期、所有权、编译期/运行期边界，而不是只背语法名词。 先用人话理解 这题可以先抓住一句主线：答： 虚继承主要解决菱形继承中基类子对象重复的问题。使用虚继承后，最底层派生类中只有一份虚基类子对象，但对象布局和构造规则更复杂，访问虚基类成员也可能有额外间接开销。 学习 C++ 题时，可以先问自己：这个对象是谁创建的、谁销毁的、能不能被拷贝、异常时会不会泄漏。 原理拆开 - 先区分标准语义和常见实现，例如虚表、SSO、容器扩容倍数都属于实现细节。 - 回答时尽量围绕生命周期：对象什么时候构造、什么时候析构、谁拥有资源、异常时会怎样。 - 如果涉及性能，要说明减少的是拷贝、分配、锁竞争还是运行期派发。 下面是这道题需要掌握的核心内容： 答： 虚继承主要解决菱形继承中基类子对象重复的问题。使用虚继承后，最底层派生类中只有一份虚基类子对象，但对象布局和构造规则更复杂，访问虚基类成员也可能有额外间接开销。 代码/伪代码示例 代码见原文 底层原理再往下一层 再往下一层看，C++ 题通常会落到对象模型、ABI、编译器生成的特殊成员函数、栈展开、动态分配器和标准库实现。面试中不要把这些实现细节说成标准强制，但要知道常见实现为什么会这样做。 面试回答版 回答时可以按“三段式”讲： 1. 先给结论，直接回答它是什么或怎么做。 2. 再解释原因，把底层机制或设计动机讲出来。 3. 最后补一个边界，例如什么时候不适用、哪里容易错、工程里怎么验证。 如果只剩 30 秒，可以压缩成：答： 虚继承主要解决菱形继承中基类子对象重复的问题。使用虚继承后，最底层派生类中只有一份虚基类子对象，但对象布局和构造规则更复杂，访问虚基类成员也可能有额外间接开销。 易错点 不要把常见实现说成标准保证；也不要只背概念名词，要落到生命周期、所有权和异常安全。 面试官可能继续追问 - 如果发生拷贝/移动/析构，会不会出错？ - 这是标准保证还是某个编译器/库的实现？ - 异常路径下资源会不会泄漏？	C++
菱形继承会带来什么问题？	这题在考什么 考察你是否理解 C++ 的类型语义、对象生命周期、所有权、编译期/运行期边界，而不是只背语法名词。 先用人话理解 这题可以先抓住一句主线：答： 普通菱形继承会让最底层派生类包含两份共同基类子对象，导致数据冗余和成员访问二义性。解决方法是虚继承，或者重新设计继承关系，用组合替代复杂继承。 学习 C++ 题时，可以先问自己：这个对象是谁创建的、谁销毁的、能不能被拷贝、异常时会不会泄漏。 原理拆开 - 先区分标准语义和常见实现，例如虚表、SSO、容器扩容倍数都属于实现细节。 - 回答时尽量围绕生命周期：对象什么时候构造、什么时候析构、谁拥有资源、异常时会怎样。 - 如果涉及性能，要说明减少的是拷贝、分配、锁竞争还是运行期派发。 下面是这道题需要掌握的核心内容： 答： 普通菱形继承会让最底层派生类包含两份共同基类子对象，导致数据冗余和成员访问二义性。解决方法是虚继承，或者重新设计继承关系，用组合替代复杂继承。 代码/伪代码示例 代码见原文 底层原理再往下一层 再往下一层看，C++ 题通常会落到对象模型、ABI、编译器生成的特殊成员函数、栈展开、动态分配器和标准库实现。面试中不要把这些实现细节说成标准强制，但要知道常见实现为什么会这样做。 面试回答版 回答时可以按“三段式”讲： 1. 先给结论，直接回答它是什么或怎么做。 2. 再解释原因，把底层机制或设计动机讲出来。 3. 最后补一个边界，例如什么时候不适用、哪里容易错、工程里怎么验证。 如果只剩 30 秒，可以压缩成：答： 普通菱形继承会让最底层派生类包含两份共同基类子对象，导致数据冗余和成员访问二义性。解决方法是虚继承，或者重新设计继承关系，用组合替代复杂继承。 易错点 不要把常见实现说成标准保证；也不要只背概念名词，要落到生命周期、所有权和异常安全。 面试官可能继续追问 - 如果发生拷贝/移动/析构，会不会出错？ - 这是标准保证还是某个编译器/库的实现？ - 异常路径下资源会不会泄漏？	C++
C++ 对象切片是什么？	这题在考什么 考察你是否理解 C++ 的类型语义、对象生命周期、所有权、编译期/运行期边界，而不是只背语法名词。 先用人话理解 这题可以先抓住一句主线：答： 用基类对象按值接收或赋值派生对象时，派生类特有部分会被切掉，只保留基类子对象，这叫对象切片。需要多态时应使用基类指针或引用，而不是按值传递基类。 学习 C++ 题时，可以先问自己：这个对象是谁创建的、谁销毁的、能不能被拷贝、异常时会不会泄漏。 原理拆开 - 先区分标准语义和常见实现，例如虚表、SSO、容器扩容倍数都属于实现细节。 - 回答时尽量围绕生命周期：对象什么时候构造、什么时候析构、谁拥有资源、异常时会怎样。 - 如果涉及性能，要说明减少的是拷贝、分配、锁竞争还是运行期派发。 下面是这道题需要掌握的核心内容： 答： 用基类对象按值接收或赋值派生对象时，派生类特有部分会被切掉，只保留基类子对象，这叫对象切片。需要多态时应使用基类指针或引用，而不是按值传递基类。 代码/伪代码示例 代码见原文 底层原理再往下一层 再往下一层看，C++ 题通常会落到对象模型、ABI、编译器生成的特殊成员函数、栈展开、动态分配器和标准库实现。面试中不要把这些实现细节说成标准强制，但要知道常见实现为什么会这样做。 面试回答版 回答时可以按“三段式”讲： 1. 先给结论，直接回答它是什么或怎么做。 2. 再解释原因，把底层机制或设计动机讲出来。 3. 最后补一个边界，例如什么时候不适用、哪里容易错、工程里怎么验证。 如果只剩 30 秒，可以压缩成：答： 用基类对象按值接收或赋值派生对象时，派生类特有部分会被切掉，只保留基类子对象，这叫对象切片。需要多态时应使用基类指针或引用，而不是按值传递基类。 易错点 不要把常见实现说成标准保证；也不要只背概念名词，要落到生命周期、所有权和异常安全。 面试官可能继续追问 - 如果发生拷贝/移动/析构，会不会出错？ - 这是标准保证还是某个编译器/库的实现？ - 异常路径下资源会不会泄漏？	C++
为什么构造函数不能是虚函数？	这题在考什么 考察你是否理解 C++ 的类型语义、对象生命周期、所有权、编译期/运行期边界，而不是只背语法名词。 先用人话理解 这题可以先抓住一句主线：答： 构造对象时派生类部分尚未构造完成，虚函数依赖的动态类型还没有完整形成，所以构造函数不能是虚函数。需要“虚构造”效果时，可用工厂函数或虚 clone()。 学习 C++ 题时，可以先问自己：这个对象是谁创建的、谁销毁的、能不能被拷贝、异常时会不会泄漏。 原理拆开 - 先区分标准语义和常见实现，例如虚表、SSO、容器扩容倍数都属于实现细节。 - 回答时尽量围绕生命周期：对象什么时候构造、什么时候析构、谁拥有资源、异常时会怎样。 - 如果涉及性能，要说明减少的是拷贝、分配、锁竞争还是运行期派发。 下面是这道题需要掌握的核心内容： 答： 构造对象时派生类部分尚未构造完成，虚函数依赖的动态类型还没有完整形成，所以构造函数不能是虚函数。需要“虚构造”效果时，可用工厂函数或虚 clone()。 代码/伪代码示例 代码见原文 底层原理再往下一层 再往下一层看，C++ 题通常会落到对象模型、ABI、编译器生成的特殊成员函数、栈展开、动态分配器和标准库实现。面试中不要把这些实现细节说成标准强制，但要知道常见实现为什么会这样做。 面试回答版 回答时可以按“三段式”讲： 1. 先给结论，直接回答它是什么或怎么做。 2. 再解释原因，把底层机制或设计动机讲出来。 3. 最后补一个边界，例如什么时候不适用、哪里容易错、工程里怎么验证。 如果只剩 30 秒，可以压缩成：答： 构造对象时派生类部分尚未构造完成，虚函数依赖的动态类型还没有完整形成，所以构造函数不能是虚函数。需要“虚构造”效果时，可用工厂函数或虚 clone()。 易错点 不要把常见实现说成标准保证；也不要只背概念名词，要落到生命周期、所有权和异常安全。 面试官可能继续追问 - 如果发生拷贝/移动/析构，会不会出错？ - 这是标准保证还是某个编译器/库的实现？ - 异常路径下资源会不会泄漏？	C++
析构函数能不能抛异常？	这题在考什么 考察你是否理解 C++ 的类型语义、对象生命周期、所有权、编译期/运行期边界，而不是只背语法名词。 先用人话理解 这题可以先抓住一句主线：答： 不建议。析构函数常在栈展开过程中执行，如果此时再抛异常，可能导致 std::terminate。析构中释放资源应尽量不抛；确实可能失败时应捕获并记录，或提供显式 close() 返回错误。 学习 C++ 题时，可以先问自己：这个对象是谁创建的、谁销毁的、能不能被拷贝、异常时会不会泄漏。 原理拆开 - 先区分标准语义和常见实现，例如虚表、SSO、容器扩容倍数都属于实现细节。 - 回答时尽量围绕生命周期：对象什么时候构造、什么时候析构、谁拥有资源、异常时会怎样。 - 如果涉及性能，要说明减少的是拷贝、分配、锁竞争还是运行期派发。 下面是这道题需要掌握的核心内容： 答： 不建议。析构函数常在栈展开过程中执行，如果此时再抛异常，可能导致 std::terminate。析构中释放资源应尽量不抛；确实可能失败时应捕获并记录，或提供显式 close() 返回错误。 代码/伪代码示例 代码见原文 底层原理再往下一层 再往下一层看，C++ 题通常会落到对象模型、ABI、编译器生成的特殊成员函数、栈展开、动态分配器和标准库实现。面试中不要把这些实现细节说成标准强制，但要知道常见实现为什么会这样做。 面试回答版 回答时可以按“三段式”讲： 1. 先给结论，直接回答它是什么或怎么做。 2. 再解释原因，把底层机制或设计动机讲出来。 3. 最后补一个边界，例如什么时候不适用、哪里容易错、工程里怎么验证。 如果只剩 30 秒，可以压缩成：答： 不建议。析构函数常在栈展开过程中执行，如果此时再抛异常，可能导致 std::terminate。析构中释放资源应尽量不抛；确实可能失败时应捕获并记录，或提供显式 close() 返回错误。 易错点 不要把常见实现说成标准保证；也不要只背概念名词，要落到生命周期、所有权和异常安全。 面试官可能继续追问 - 如果发生拷贝/移动/析构，会不会出错？ - 这是标准保证还是某个编译器/库的实现？ - 异常路径下资源会不会泄漏？	C++
成员初始化列表和构造函数体赋值有什么区别？	这题在考什么 考察你是否理解 C++ 的类型语义、对象生命周期、所有权、编译期/运行期边界，而不是只背语法名词。 先用人话理解 这题可以先抓住一句主线：答： 初始化列表是在对象成员构造阶段直接初始化；构造函数体赋值是成员已经默认构造后再赋值。引用成员、const 成员、无默认构造函数的成员必须在初始化列表中初始化。 学习 C++ 题时，可以先问自己：这个对象是谁创建的、谁销毁的、能不能被拷贝、异常时会不会泄漏。 原理拆开 - 先区分标准语义和常见实现，例如虚表、SSO、容器扩容倍数都属于实现细节。 - 回答时尽量围绕生命周期：对象什么时候构造、什么时候析构、谁拥有资源、异常时会怎样。 - 如果涉及性能，要说明减少的是拷贝、分配、锁竞争还是运行期派发。 下面是这道题需要掌握的核心内容： 答： 初始化列表是在对象成员构造阶段直接初始化；构造函数体赋值是成员已经默认构造后再赋值。引用成员、const 成员、无默认构造函数的成员必须在初始化列表中初始化。 代码/伪代码示例 代码见原文 底层原理再往下一层 再往下一层看，C++ 题通常会落到对象模型、ABI、编译器生成的特殊成员函数、栈展开、动态分配器和标准库实现。面试中不要把这些实现细节说成标准强制，但要知道常见实现为什么会这样做。 面试回答版 回答时可以按“三段式”讲： 1. 先给结论，直接回答它是什么或怎么做。 2. 再解释原因，把底层机制或设计动机讲出来。 3. 最后补一个边界，例如什么时候不适用、哪里容易错、工程里怎么验证。 如果只剩 30 秒，可以压缩成：答： 初始化列表是在对象成员构造阶段直接初始化；构造函数体赋值是成员已经默认构造后再赋值。引用成员、const 成员、无默认构造函数的成员必须在初始化列表中初始化。 易错点 不要把常见实现说成标准保证；也不要只背概念名词，要落到生命周期、所有权和异常安全。 面试官可能继续追问 - 如果发生拷贝/移动/析构，会不会出错？ - 这是标准保证还是某个编译器/库的实现？ - 异常路径下资源会不会泄漏？	C++
成员初始化顺序由什么决定？	这题在考什么 考察你是否理解 C++ 的类型语义、对象生命周期、所有权、编译期/运行期边界，而不是只背语法名词。 先用人话理解 这题可以先抓住一句主线：答： 由类中成员声明顺序决定，不由初始化列表书写顺序决定。为了避免误解，初始化列表书写顺序应和声明顺序保持一致。 学习 C++ 题时，可以先问自己：这个对象是谁创建的、谁销毁的、能不能被拷贝、异常时会不会泄漏。 原理拆开 - 先区分标准语义和常见实现，例如虚表、SSO、容器扩容倍数都属于实现细节。 - 回答时尽量围绕生命周期：对象什么时候构造、什么时候析构、谁拥有资源、异常时会怎样。 - 如果涉及性能，要说明减少的是拷贝、分配、锁竞争还是运行期派发。 下面是这道题需要掌握的核心内容： 答： 由类中成员声明顺序决定，不由初始化列表书写顺序决定。为了避免误解，初始化列表书写顺序应和声明顺序保持一致。 代码/伪代码示例 代码见原文 底层原理再往下一层 再往下一层看，C++ 题通常会落到对象模型、ABI、编译器生成的特殊成员函数、栈展开、动态分配器和标准库实现。面试中不要把这些实现细节说成标准强制，但要知道常见实现为什么会这样做。 面试回答版 回答时可以按“三段式”讲： 1. 先给结论，直接回答它是什么或怎么做。 2. 再解释原因，把底层机制或设计动机讲出来。 3. 最后补一个边界，例如什么时候不适用、哪里容易错、工程里怎么验证。 如果只剩 30 秒，可以压缩成：答： 由类中成员声明顺序决定，不由初始化列表书写顺序决定。为了避免误解，初始化列表书写顺序应和声明顺序保持一致。 易错点 不要把常见实现说成标准保证；也不要只背概念名词，要落到生命周期、所有权和异常安全。 面试官可能继续追问 - 如果发生拷贝/移动/析构，会不会出错？ - 这是标准保证还是某个编译器/库的实现？ - 异常路径下资源会不会泄漏？	C++
= default 和 = delete 有什么用？	这题在考什么 考察你是否理解 C++ 的类型语义、对象生命周期、所有权、编译期/运行期边界，而不是只背语法名词。 先用人话理解 这题可以先抓住一句主线：答： = default 显式要求编译器生成默认特殊成员函数；= delete 显式禁止某个函数被调用。常见用法是禁止拷贝、允许移动，或阻止某些隐式类型转换。 学习 C++ 题时，可以先问自己：这个对象是谁创建的、谁销毁的、能不能被拷贝、异常时会不会泄漏。 原理拆开 - 先区分标准语义和常见实现，例如虚表、SSO、容器扩容倍数都属于实现细节。 - 回答时尽量围绕生命周期：对象什么时候构造、什么时候析构、谁拥有资源、异常时会怎样。 - 如果涉及性能，要说明减少的是拷贝、分配、锁竞争还是运行期派发。 下面是这道题需要掌握的核心内容： 答： = default 显式要求编译器生成默认特殊成员函数；= delete 显式禁止某个函数被调用。常见用法是禁止拷贝、允许移动，或阻止某些隐式类型转换。 代码/伪代码示例 代码见原文 底层原理再往下一层 再往下一层看，C++ 题通常会落到对象模型、ABI、编译器生成的特殊成员函数、栈展开、动态分配器和标准库实现。面试中不要把这些实现细节说成标准强制，但要知道常见实现为什么会这样做。 malloc 底层通常不是每次都直接向操作系统要内存。常见分配器会维护不同大小的空闲块，小对象从用户态堆缓存里切块；大块内存可能通过 mmap；堆不够时再用 brk/sbrk 或 mmap 扩展。new 通常会先调用 operator new 拿原始内存，再调用构造函数。 面试回答版 回答时可以按“三段式”讲： 1. 先给结论，直接回答它是什么或怎么做。 2. 再解释原因，把底层机制或设计动机讲出来。 3. 最后补一个边界，例如什么时候不适用、哪里容易错、工程里怎么验证。 如果只剩 30 秒，可以压缩成：答： = default 显式要求编译器生成默认特殊成员函数；= delete 显式禁止某个函数被调用。常见用法是禁止拷贝、允许移动，或阻止某些隐式类型转换。 易错点 不要把常见实现说成标准保证；也不要只背概念名词，要落到生命周期、所有权和异常安全。 面试官可能继续追问 - 如果发生拷贝/移动/析构，会不会出错？ - 这是标准保证还是某个编译器/库的实现？ - 异常路径下资源会不会泄漏？	C++
Rule of Three/Five/Zero 怎么理解？	这题在考什么 考察你是否理解 C++ 的类型语义、对象生命周期、所有权、编译期/运行期边界，而不是只背语法名词。 先用人话理解 这题可以先抓住一句主线：答： 如果类手写析构、拷贝构造、拷贝赋值中的一个，往往需要同时考虑三个；C++11 后还要考虑移动构造和移动赋值，称 Rule of Five。更推荐 Rule of Zero：用标准库类型管理资源，让类不需要手写这些特殊函数。 学习 C++ 题时，可以先问自己：这个对象是谁创建的、谁销毁的、能不能被拷贝、异常时会不会泄漏。 原理拆开 - 先区分标准语义和常见实现，例如虚表、SSO、容器扩容倍数都属于实现细节。 - 回答时尽量围绕生命周期：对象什么时候构造、什么时候析构、谁拥有资源、异常时会怎样。 - 如果涉及性能，要说明减少的是拷贝、分配、锁竞争还是运行期派发。 下面是这道题需要掌握的核心内容： 答： 如果类手写析构、拷贝构造、拷贝赋值中的一个，往往需要同时考虑三个；C++11 后还要考虑移动构造和移动赋值，称 Rule of Five。更推荐 Rule of Zero：用标准库类型管理资源，让类不需要手写这些特殊函数。 代码/伪代码示例 代码见原文 底层原理再往下一层 再往下一层看，C++ 题通常会落到对象模型、ABI、编译器生成的特殊成员函数、栈展开、动态分配器和标准库实现。面试中不要把这些实现细节说成标准强制，但要知道常见实现为什么会这样做。 面试回答版 回答时可以按“三段式”讲： 1. 先给结论，直接回答它是什么或怎么做。 2. 再解释原因，把底层机制或设计动机讲出来。 3. 最后补一个边界，例如什么时候不适用、哪里容易错、工程里怎么验证。 如果只剩 30 秒，可以压缩成：答： 如果类手写析构、拷贝构造、拷贝赋值中的一个，往往需要同时考虑三个；C++11 后还要考虑移动构造和移动赋值，称 Rule of Five。更推荐 Rule of Zero：用标准库类型管理资源，让类不需要手写这些特殊函数。 易错点 不要把常见实现说成标准保证；也不要只背概念名词，要落到生命周期、所有权和异常安全。 面试官可能继续追问 - 如果发生拷贝/移动/析构，会不会出错？ - 这是标准保证还是某个编译器/库的实现？ - 异常路径下资源会不会泄漏？	C++
拷贝省略 RVO/NRVO 是什么？	这题在考什么 考察你是否理解 C++ 的类型语义、对象生命周期、所有权、编译期/运行期边界，而不是只背语法名词。 先用人话理解 这题可以先抓住一句主线：答： 返回局部对象时，编译器可以直接在调用者目标位置构造对象，省掉临时对象拷贝/移动。C++17 对某些 prvalue 场景规定了强制拷贝省略。面试回答时不要再说“返回大对象一定很慢”。 学习 C++ 题时，可以先问自己：这个对象是谁创建的、谁销毁的、能不能被拷贝、异常时会不会泄漏。 原理拆开 - 先区分标准语义和常见实现，例如虚表、SSO、容器扩容倍数都属于实现细节。 - 回答时尽量围绕生命周期：对象什么时候构造、什么时候析构、谁拥有资源、异常时会怎样。 - 如果涉及性能，要说明减少的是拷贝、分配、锁竞争还是运行期派发。 下面是这道题需要掌握的核心内容： 答： 返回局部对象时，编译器可以直接在调用者目标位置构造对象，省掉临时对象拷贝/移动。C++17 对某些 prvalue 场景规定了强制拷贝省略。面试回答时不要再说“返回大对象一定很慢”。 代码/伪代码示例 代码见原文 底层原理再往下一层 再往下一层看，C++ 题通常会落到对象模型、ABI、编译器生成的特殊成员函数、栈展开、动态分配器和标准库实现。面试中不要把这些实现细节说成标准强制，但要知道常见实现为什么会这样做。 面试回答版 回答时可以按“三段式”讲： 1. 先给结论，直接回答它是什么或怎么做。 2. 再解释原因，把底层机制或设计动机讲出来。 3. 最后补一个边界，例如什么时候不适用、哪里容易错、工程里怎么验证。 如果只剩 30 秒，可以压缩成：答： 返回局部对象时，编译器可以直接在调用者目标位置构造对象，省掉临时对象拷贝/移动。C++17 对某些 prvalue 场景规定了强制拷贝省略。面试回答时不要再说“返回大对象一定很慢”。 易错点 不要把常见实现说成标准保证；也不要只背概念名词，要落到生命周期、所有权和异常安全。 面试官可能继续追问 - 如果发生拷贝/移动/析构，会不会出错？ - 这是标准保证还是某个编译器/库的实现？ - 异常路径下资源会不会泄漏？	C++
noexcept 对移动构造为什么重要？	这题在考什么 考察你是否理解 C++ 的类型语义、对象生命周期、所有权、编译期/运行期边界，而不是只背语法名词。 先用人话理解 这题可以先抓住一句主线：答： 标准容器扩容时需要在新内存中转移元素。如果移动构造可能抛异常，容器为了保持强异常安全，可能选择拷贝而不是移动。给真正不抛的移动构造标 noexcept 能让容器放心移动。 学习 C++ 题时，可以先问自己：这个对象是谁创建的、谁销毁的、能不能被拷贝、异常时会不会泄漏。 原理拆开 - 先区分标准语义和常见实现，例如虚表、SSO、容器扩容倍数都属于实现细节。 - 回答时尽量围绕生命周期：对象什么时候构造、什么时候析构、谁拥有资源、异常时会怎样。 - 如果涉及性能，要说明减少的是拷贝、分配、锁竞争还是运行期派发。 下面是这道题需要掌握的核心内容： 答： 标准容器扩容时需要在新内存中转移元素。如果移动构造可能抛异常，容器为了保持强异常安全，可能选择拷贝而不是移动。给真正不抛的移动构造标 noexcept 能让容器放心移动。 代码/伪代码示例 代码见原文 底层原理再往下一层 再往下一层看，C++ 题通常会落到对象模型、ABI、编译器生成的特殊成员函数、栈展开、动态分配器和标准库实现。面试中不要把这些实现细节说成标准强制，但要知道常见实现为什么会这样做。 面试回答版 回答时可以按“三段式”讲： 1. 先给结论，直接回答它是什么或怎么做。 2. 再解释原因，把底层机制或设计动机讲出来。 3. 最后补一个边界，例如什么时候不适用、哪里容易错、工程里怎么验证。 如果只剩 30 秒，可以压缩成：答： 标准容器扩容时需要在新内存中转移元素。如果移动构造可能抛异常，容器为了保持强异常安全，可能选择拷贝而不是移动。给真正不抛的移动构造标 noexcept 能让容器放心移动。 易错点 不要把常见实现说成标准保证；也不要只背概念名词，要落到生命周期、所有权和异常安全。 面试官可能继续追问 - 如果发生拷贝/移动/析构，会不会出错？ - 这是标准保证还是某个编译器/库的实现？ - 异常路径下资源会不会泄漏？	C++
mutable 有哪些合理场景？	这题在考什么 考察你是否理解 C++ 的类型语义、对象生命周期、所有权、编译期/运行期边界，而不是只背语法名词。 先用人话理解 这题可以先抓住一句主线：答： mutable 允许成员在 const 成员函数中被修改。常见场景是缓存计算结果、统计命中次数、懒加载标志、保护内部状态的 mutex。它不应被用来绕开接口的逻辑 const 约束。 学习 C++ 题时，可以先问自己：这个对象是谁创建的、谁销毁的、能不能被拷贝、异常时会不会泄漏。 原理拆开 - 先区分标准语义和常见实现，例如虚表、SSO、容器扩容倍数都属于实现细节。 - 回答时尽量围绕生命周期：对象什么时候构造、什么时候析构、谁拥有资源、异常时会怎样。 - 如果涉及性能，要说明减少的是拷贝、分配、锁竞争还是运行期派发。 下面是这道题需要掌握的核心内容： 答： mutable 允许成员在 const 成员函数中被修改。常见场景是缓存计算结果、统计命中次数、懒加载标志、保护内部状态的 mutex。它不应被用来绕开接口的逻辑 const 约束。 代码/伪代码示例 代码见原文 底层原理再往下一层 再往下一层看，C++ 题通常会落到对象模型、ABI、编译器生成的特殊成员函数、栈展开、动态分配器和标准库实现。面试中不要把这些实现细节说成标准强制，但要知道常见实现为什么会这样做。 面试回答版 回答时可以按“三段式”讲： 1. 先给结论，直接回答它是什么或怎么做。 2. 再解释原因，把底层机制或设计动机讲出来。 3. 最后补一个边界，例如什么时候不适用、哪里容易错、工程里怎么验证。 如果只剩 30 秒，可以压缩成：答： mutable 允许成员在 const 成员函数中被修改。常见场景是缓存计算结果、统计命中次数、懒加载标志、保护内部状态的 mutex。它不应被用来绕开接口的逻辑 const 约束。 易错点 不要把常见实现说成标准保证；也不要只背概念名词，要落到生命周期、所有权和异常安全。 面试官可能继续追问 - 如果发生拷贝/移动/析构，会不会出错？ - 这是标准保证还是某个编译器/库的实现？ - 异常路径下资源会不会泄漏？	C++
const 成员函数里的 this 类型是什么？	这题在考什么 考察你是否理解 C++ 的类型语义、对象生命周期、所有权、编译期/运行期边界，而不是只背语法名词。 先用人话理解 这题可以先抓住一句主线：答： 在普通成员函数中，this 可理解为 T* const；在 const 成员函数中，可理解为 const T* const，因此不能修改非 mutable 成员，也不能调用非 const 成员函数。 学习 C++ 题时，可以先问自己：这个对象是谁创建的、谁销毁的、能不能被拷贝、异常时会不会泄漏。 原理拆开 - 先区分标准语义和常见实现，例如虚表、SSO、容器扩容倍数都属于实现细节。 - 回答时尽量围绕生命周期：对象什么时候构造、什么时候析构、谁拥有资源、异常时会怎样。 - 如果涉及性能，要说明减少的是拷贝、分配、锁竞争还是运行期派发。 下面是这道题需要掌握的核心内容： 答： 在普通成员函数中，this 可理解为 T* const；在 const 成员函数中，可理解为 const T* const，因此不能修改非 mutable 成员，也不能调用非 const 成员函数。 代码/伪代码示例 代码见原文 底层原理再往下一层 再往下一层看，C++ 题通常会落到对象模型、ABI、编译器生成的特殊成员函数、栈展开、动态分配器和标准库实现。面试中不要把这些实现细节说成标准强制，但要知道常见实现为什么会这样做。 面试回答版 回答时可以按“三段式”讲： 1. 先给结论，直接回答它是什么或怎么做。 2. 再解释原因，把底层机制或设计动机讲出来。 3. 最后补一个边界，例如什么时候不适用、哪里容易错、工程里怎么验证。 如果只剩 30 秒，可以压缩成：答： 在普通成员函数中，this 可理解为 T* const；在 const 成员函数中，可理解为 const T* const，因此不能修改非 mutable 成员，也不能调用非 const 成员函数。 易错点 不要把常见实现说成标准保证；也不要只背概念名词，要落到生命周期、所有权和异常安全。 面试官可能继续追问 - 如果发生拷贝/移动/析构，会不会出错？ - 这是标准保证还是某个编译器/库的实现？ - 异常路径下资源会不会泄漏？	C++
decltype(auto) 有什么用？	这题在考什么 考察你是否理解 C++ 的类型语义、对象生命周期、所有权、编译期/运行期边界，而不是只背语法名词。 先用人话理解 这题可以先抓住一句主线：答： decltype(auto) 按 decltype 规则保留表达式的引用和值类别，适合完美转发返回值。普通 auto 会丢失引用和顶层 const，可能导致多余拷贝或语义变化。 学习 C++ 题时，可以先问自己：这个对象是谁创建的、谁销毁的、能不能被拷贝、异常时会不会泄漏。 原理拆开 - 先区分标准语义和常见实现，例如虚表、SSO、容器扩容倍数都属于实现细节。 - 回答时尽量围绕生命周期：对象什么时候构造、什么时候析构、谁拥有资源、异常时会怎样。 - 如果涉及性能，要说明减少的是拷贝、分配、锁竞争还是运行期派发。 下面是这道题需要掌握的核心内容： 答： decltype(auto) 按 decltype 规则保留表达式的引用和值类别，适合完美转发返回值。普通 auto 会丢失引用和顶层 const，可能导致多余拷贝或语义变化。 代码/伪代码示例 代码见原文 底层原理再往下一层 再往下一层看，C++ 题通常会落到对象模型、ABI、编译器生成的特殊成员函数、栈展开、动态分配器和标准库实现。面试中不要把这些实现细节说成标准强制，但要知道常见实现为什么会这样做。 面试回答版 回答时可以按“三段式”讲： 1. 先给结论，直接回答它是什么或怎么做。 2. 再解释原因，把底层机制或设计动机讲出来。 3. 最后补一个边界，例如什么时候不适用、哪里容易错、工程里怎么验证。 如果只剩 30 秒，可以压缩成：答： decltype(auto) 按 decltype 规则保留表达式的引用和值类别，适合完美转发返回值。普通 auto 会丢失引用和顶层 const，可能导致多余拷贝或语义变化。 易错点 不要把常见实现说成标准保证；也不要只背概念名词，要落到生命周期、所有权和异常安全。 面试官可能继续追问 - 如果发生拷贝/移动/析构，会不会出错？ - 这是标准保证还是某个编译器/库的实现？ - 异常路径下资源会不会泄漏？	C++
auto 推导常见坑？	这题在考什么 考察你是否理解 C++ 的类型语义、对象生命周期、所有权、编译期/运行期边界，而不是只背语法名词。 先用人话理解 这题可以先抓住一句主线：答： auto 默认按值推导，会丢掉引用和顶层 const；数组和函数名也可能退化。遍历大对象容器时用 const auto&，需要修改元素时用 auto&，需要保留返回表达式引用时考虑 decltype(auto)。 学习 C++ 题时，可以先问自己：这个对象是谁创建的、谁销毁的、能不能被拷贝、异常时会不会泄漏。 原理拆开 - 先区分标准语义和常见实现，例如虚表、SSO、容器扩容倍数都属于实现细节。 - 回答时尽量围绕生命周期：对象什么时候构造、什么时候析构、谁拥有资源、异常时会怎样。 - 如果涉及性能，要说明减少的是拷贝、分配、锁竞争还是运行期派发。 下面是这道题需要掌握的核心内容： 答： auto 默认按值推导，会丢掉引用和顶层 const；数组和函数名也可能退化。遍历大对象容器时用 const auto&，需要修改元素时用 auto&，需要保留返回表达式引用时考虑 decltype(auto)。 代码/伪代码示例 代码见原文 底层原理再往下一层 再往下一层看，C++ 题通常会落到对象模型、ABI、编译器生成的特殊成员函数、栈展开、动态分配器和标准库实现。面试中不要把这些实现细节说成标准强制，但要知道常见实现为什么会这样做。 面试回答版 回答时可以按“三段式”讲： 1. 先给结论，直接回答它是什么或怎么做。 2. 再解释原因，把底层机制或设计动机讲出来。 3. 最后补一个边界，例如什么时候不适用、哪里容易错、工程里怎么验证。 如果只剩 30 秒，可以压缩成：答： auto 默认按值推导，会丢掉引用和顶层 const；数组和函数名也可能退化。遍历大对象容器时用 const auto&，需要修改元素时用 auto&，需要保留返回表达式引用时考虑 decltype(auto)。 易错点 不要把常见实现说成标准保证；也不要只背概念名词，要落到生命周期、所有权和异常安全。 面试官可能继续追问 - 如果发生拷贝/移动/析构，会不会出错？ - 这是标准保证还是某个编译器/库的实现？ - 异常路径下资源会不会泄漏？	C++
std::initializer_list 有什么坑？	这题在考什么 考察你是否理解 C++ 的类型语义、对象生命周期、所有权、编译期/运行期边界，而不是只背语法名词。 先用人话理解 这题可以先抓住一句主线：答： 花括号初始化可能优先匹配 initializer_list 构造函数，导致和普通构造函数预期不一致。例如 vector<int> v(10, 1) 是 10 个 1，而 vector<int> v{10, 1} 是两个元素 10 和 1。 学习 C++ 题时，可以先问自己：这个对象是谁创建的、谁销毁的、能不能被拷贝、异常时会不会泄漏。 原理拆开 - 先区分标准语义和常见实现，例如虚表、SSO、容器扩容倍数都属于实现细节。 - 回答时尽量围绕生命周期：对象什么时候构造、什么时候析构、谁拥有资源、异常时会怎样。 - 如果涉及性能，要说明减少的是拷贝、分配、锁竞争还是运行期派发。 下面是这道题需要掌握的核心内容： 答： 花括号初始化可能优先匹配 initializer_list 构造函数，导致和普通构造函数预期不一致。例如 vector<int> v(10, 1) 是 10 个 1，而 vector<int> v{10, 1} 是两个元素 10 和 1。 代码/伪代码示例 代码见原文 底层原理再往下一层 再往下一层看，C++ 题通常会落到对象模型、ABI、编译器生成的特殊成员函数、栈展开、动态分配器和标准库实现。面试中不要把这些实现细节说成标准强制，但要知道常见实现为什么会这样做。 面试回答版 回答时可以按“三段式”讲： 1. 先给结论，直接回答它是什么或怎么做。 2. 再解释原因，把底层机制或设计动机讲出来。 3. 最后补一个边界，例如什么时候不适用、哪里容易错、工程里怎么验证。 如果只剩 30 秒，可以压缩成：答： 花括号初始化可能优先匹配 initializer_list 构造函数，导致和普通构造函数预期不一致。例如 vector<int> v(10, 1) 是 10 个 1，而 vector<int> v{10, 1} 是两个元素 10 和 1。 易错点 不要把常见实现说成标准保证；也不要只背概念名词，要落到生命周期、所有权和异常安全。 面试官可能继续追问 - 如果发生拷贝/移动/析构，会不会出错？ - 这是标准保证还是某个编译器/库的实现？ - 异常路径下资源会不会泄漏？	C++
C++ 名字查找和 ADL 是什么？	这题在考什么 考察你是否理解 C++ 的类型语义、对象生命周期、所有权、编译期/运行期边界，而不是只背语法名词。 先用人话理解 这题可以先抓住一句主线：答： 普通名字查找按作用域查找名称；ADL 是参数相关查找，会根据函数参数类型所在命名空间额外查找函数。它让 operator<<、swap 这类函数更容易被找到，但也可能带来意外重载。 学习 C++ 题时，可以先问自己：这个对象是谁创建的、谁销毁的、能不能被拷贝、异常时会不会泄漏。 原理拆开 - 先区分标准语义和常见实现，例如虚表、SSO、容器扩容倍数都属于实现细节。 - 回答时尽量围绕生命周期：对象什么时候构造、什么时候析构、谁拥有资源、异常时会怎样。 - 如果涉及性能，要说明减少的是拷贝、分配、锁竞争还是运行期派发。 下面是这道题需要掌握的核心内容： 答： 普通名字查找按作用域查找名称；ADL 是参数相关查找，会根据函数参数类型所在命名空间额外查找函数。它让 operator<<、swap 这类函数更容易被找到，但也可能带来意外重载。 代码/伪代码示例 代码见原文 底层原理再往下一层 再往下一层看，C++ 题通常会落到对象模型、ABI、编译器生成的特殊成员函数、栈展开、动态分配器和标准库实现。面试中不要把这些实现细节说成标准强制，但要知道常见实现为什么会这样做。 面试回答版 回答时可以按“三段式”讲： 1. 先给结论，直接回答它是什么或怎么做。 2. 再解释原因，把底层机制或设计动机讲出来。 3. 最后补一个边界，例如什么时候不适用、哪里容易错、工程里怎么验证。 如果只剩 30 秒，可以压缩成：答： 普通名字查找按作用域查找名称；ADL 是参数相关查找，会根据函数参数类型所在命名空间额外查找函数。它让 operator<<、swap 这类函数更容易被找到，但也可能带来意外重载。 易错点 不要把常见实现说成标准保证；也不要只背概念名词，要落到生命周期、所有权和异常安全。 面试官可能继续追问 - 如果发生拷贝/移动/析构，会不会出错？ - 这是标准保证还是某个编译器/库的实现？ - 异常路径下资源会不会泄漏？	C++
ODR 是什么？	这题在考什么 考察你是否理解 C++ 的类型语义、对象生命周期、所有权、编译期/运行期边界，而不是只背语法名词。 先用人话理解 这题可以先抓住一句主线：答： ODR 是 One Definition Rule。一个实体在整个程序中通常只能有一个定义，某些内联函数、模板、类定义可在多个翻译单元出现，但定义必须一致。头文件里放普通全局变量定义或非 inline 函数定义容易违反 ODR。 学习 C++ 题时，可以先问自己：这个对象是谁创建的、谁销毁的、能不能被拷贝、异常时会不会泄漏。 原理拆开 - 先区分标准语义和常见实现，例如虚表、SSO、容器扩容倍数都属于实现细节。 - 回答时尽量围绕生命周期：对象什么时候构造、什么时候析构、谁拥有资源、异常时会怎样。 - 如果涉及性能，要说明减少的是拷贝、分配、锁竞争还是运行期派发。 下面是这道题需要掌握的核心内容： 答： ODR 是 One Definition Rule。一个实体在整个程序中通常只能有一个定义，某些内联函数、模板、类定义可在多个翻译单元出现，但定义必须一致。头文件里放普通全局变量定义或非 inline 函数定义容易违反 ODR。 代码/伪代码示例 代码见原文 底层原理再往下一层 再往下一层看，C++ 题通常会落到对象模型、ABI、编译器生成的特殊成员函数、栈展开、动态分配器和标准库实现。面试中不要把这些实现细节说成标准强制，但要知道常见实现为什么会这样做。 面试回答版 回答时可以按“三段式”讲： 1. 先给结论，直接回答它是什么或怎么做。 2. 再解释原因，把底层机制或设计动机讲出来。 3. 最后补一个边界，例如什么时候不适用、哪里容易错、工程里怎么验证。 如果只剩 30 秒，可以压缩成：答： ODR 是 One Definition Rule。一个实体在整个程序中通常只能有一个定义，某些内联函数、模板、类定义可在多个翻译单元出现，但定义必须一致。头文件里放普通全局变量定义或非 inline 函数定义容易违反 ODR。 易错点 不要把常见实现说成标准保证；也不要只背概念名词，要落到生命周期、所有权和异常安全。 面试官可能继续追问 - 如果发生拷贝/移动/析构，会不会出错？ - 这是标准保证还是某个编译器/库的实现？ - 异常路径下资源会不会泄漏？	C++
extern "C" 为什么能解决链接问题？	这题在考什么 考察你是否理解 C++ 的类型语义、对象生命周期、所有权、编译期/运行期边界，而不是只背语法名词。 先用人话理解 这题可以先抓住一句主线：答： C++ 支持函数重载，会对函数名做 name mangling；C 不做。extern "C" 告诉编译器按 C ABI 导出或引用符号，常用于 C++ 调用 C 库，或 C 调用 C++ 暴露的接口。 学习 C++ 题时，可以先问自己：这个对象是谁创建的、谁销毁的、能不能被拷贝、异常时会不会泄漏。 原理拆开 - 先区分标准语义和常见实现，例如虚表、SSO、容器扩容倍数都属于实现细节。 - 回答时尽量围绕生命周期：对象什么时候构造、什么时候析构、谁拥有资源、异常时会怎样。 - 如果涉及性能，要说明减少的是拷贝、分配、锁竞争还是运行期派发。 下面是这道题需要掌握的核心内容： 答： C++ 支持函数重载，会对函数名做 name mangling；C 不做。extern "C" 告诉编译器按 C ABI 导出或引用符号，常用于 C++ 调用 C 库，或 C 调用 C++ 暴露的接口。 代码/伪代码示例 代码见原文 底层原理再往下一层 再往下一层看，C++ 题通常会落到对象模型、ABI、编译器生成的特殊成员函数、栈展开、动态分配器和标准库实现。面试中不要把这些实现细节说成标准强制，但要知道常见实现为什么会这样做。 面试回答版 回答时可以按“三段式”讲： 1. 先给结论，直接回答它是什么或怎么做。 2. 再解释原因，把底层机制或设计动机讲出来。 3. 最后补一个边界，例如什么时候不适用、哪里容易错、工程里怎么验证。 如果只剩 30 秒，可以压缩成：答： C++ 支持函数重载，会对函数名做 name mangling；C 不做。extern "C" 告诉编译器按 C ABI 导出或引用符号，常用于 C++ 调用 C 库，或 C 调用 C++ 暴露的接口。 易错点 不要把常见实现说成标准保证；也不要只背概念名词，要落到生命周期、所有权和异常安全。 面试官可能继续追问 - 如果发生拷贝/移动/析构，会不会出错？ - 这是标准保证还是某个编译器/库的实现？ - 异常路径下资源会不会泄漏？	C++
PIMPL 模式有什么用？	这题在考什么 考察你是否理解 C++ 的类型语义、对象生命周期、所有权、编译期/运行期边界，而不是只背语法名词。 先用人话理解 这题可以先抓住一句主线：答： PIMPL 把实现细节放到私有实现类，通过指针隐藏在头文件之外。好处是减少编译依赖、稳定 ABI、隐藏实现；代价是一次间接访问和动态分配复杂度。 学习 C++ 题时，可以先问自己：这个对象是谁创建的、谁销毁的、能不能被拷贝、异常时会不会泄漏。 原理拆开 - 先区分标准语义和常见实现，例如虚表、SSO、容器扩容倍数都属于实现细节。 - 回答时尽量围绕生命周期：对象什么时候构造、什么时候析构、谁拥有资源、异常时会怎样。 - 如果涉及性能，要说明减少的是拷贝、分配、锁竞争还是运行期派发。 下面是这道题需要掌握的核心内容： 答： PIMPL 把实现细节放到私有实现类，通过指针隐藏在头文件之外。好处是减少编译依赖、稳定 ABI、隐藏实现；代价是一次间接访问和动态分配复杂度。 代码/伪代码示例 代码见原文 底层原理再往下一层 再往下一层看，C++ 题通常会落到对象模型、ABI、编译器生成的特殊成员函数、栈展开、动态分配器和标准库实现。面试中不要把这些实现细节说成标准强制，但要知道常见实现为什么会这样做。 面试回答版 回答时可以按“三段式”讲： 1. 先给结论，直接回答它是什么或怎么做。 2. 再解释原因，把底层机制或设计动机讲出来。 3. 最后补一个边界，例如什么时候不适用、哪里容易错、工程里怎么验证。 如果只剩 30 秒，可以压缩成：答： PIMPL 把实现细节放到私有实现类，通过指针隐藏在头文件之外。好处是减少编译依赖、稳定 ABI、隐藏实现；代价是一次间接访问和动态分配复杂度。 易错点 不要把常见实现说成标准保证；也不要只背概念名词，要落到生命周期、所有权和异常安全。 面试官可能继续追问 - 如果发生拷贝/移动/析构，会不会出错？ - 这是标准保证还是某个编译器/库的实现？ - 异常路径下资源会不会泄漏？	C++
深 const 和浅 const 怎么理解？	这题在考什么 考察你是否理解 C++ 的类型语义、对象生命周期、所有权、编译期/运行期边界，而不是只背语法名词。 先用人话理解 这题可以先抓住一句主线：答： 指针或智能指针对象本身 const，不代表它指向的对象 const。const shared_ptr<T> 不能改指针指向，但仍可改 T；shared_ptr<const T> 才不能通过它改对象。 学习 C++ 题时，可以先问自己：这个对象是谁创建的、谁销毁的、能不能被拷贝、异常时会不会泄漏。 原理拆开 - 先区分标准语义和常见实现，例如虚表、SSO、容器扩容倍数都属于实现细节。 - 回答时尽量围绕生命周期：对象什么时候构造、什么时候析构、谁拥有资源、异常时会怎样。 - 如果涉及性能，要说明减少的是拷贝、分配、锁竞争还是运行期派发。 下面是这道题需要掌握的核心内容： 答： 指针或智能指针对象本身 const，不代表它指向的对象 const。const shared_ptr<T> 不能改指针指向，但仍可改 T；shared_ptr<const T> 才不能通过它改对象。 代码/伪代码示例 代码见原文 底层原理再往下一层 再往下一层看，C++ 题通常会落到对象模型、ABI、编译器生成的特殊成员函数、栈展开、动态分配器和标准库实现。面试中不要把这些实现细节说成标准强制，但要知道常见实现为什么会这样做。 面试回答版 回答时可以按“三段式”讲： 1. 先给结论，直接回答它是什么或怎么做。 2. 再解释原因，把底层机制或设计动机讲出来。 3. 最后补一个边界，例如什么时候不适用、哪里容易错、工程里怎么验证。 如果只剩 30 秒，可以压缩成：答： 指针或智能指针对象本身 const，不代表它指向的对象 const。const shared_ptr<T> 不能改指针指向，但仍可改 T；shared_ptr<const T> 才不能通过它改对象。 易错点 不要把常见实现说成标准保证；也不要只背概念名词，要落到生命周期、所有权和异常安全。 面试官可能继续追问 - 如果发生拷贝/移动/析构，会不会出错？ - 这是标准保证还是某个编译器/库的实现？ - 异常路径下资源会不会泄漏？	C++
std::launder 是什么？	这题在考什么 考察你是否理解 C++ 的类型语义、对象生命周期、所有权、编译期/运行期边界，而不是只背语法名词。 先用人话理解 这题可以先抓住一句主线：答： std::launder 用于某些 placement new 重新构造对象后，告诉编译器重新获取对象指针，避免优化假设旧对象仍存在。它属于很底层的对象生命周期工具，普通业务代码很少直接用。 学习 C++ 题时，可以先问自己：这个对象是谁创建的、谁销毁的、能不能被拷贝、异常时会不会泄漏。 原理拆开 - 先区分标准语义和常见实现，例如虚表、SSO、容器扩容倍数都属于实现细节。 - 回答时尽量围绕生命周期：对象什么时候构造、什么时候析构、谁拥有资源、异常时会怎样。 - 如果涉及性能，要说明减少的是拷贝、分配、锁竞争还是运行期派发。 下面是这道题需要掌握的核心内容： 答： std::launder 用于某些 placement new 重新构造对象后，告诉编译器重新获取对象指针，避免优化假设旧对象仍存在。它属于很底层的对象生命周期工具，普通业务代码很少直接用。 代码/伪代码示例 代码见原文 底层原理再往下一层 再往下一层看，C++ 题通常会落到对象模型、ABI、编译器生成的特殊成员函数、栈展开、动态分配器和标准库实现。面试中不要把这些实现细节说成标准强制，但要知道常见实现为什么会这样做。 面试回答版 回答时可以按“三段式”讲： 1. 先给结论，直接回答它是什么或怎么做。 2. 再解释原因，把底层机制或设计动机讲出来。 3. 最后补一个边界，例如什么时候不适用、哪里容易错、工程里怎么验证。 如果只剩 30 秒，可以压缩成：答： std::launder 用于某些 placement new 重新构造对象后，告诉编译器重新获取对象指针，避免优化假设旧对象仍存在。它属于很底层的对象生命周期工具，普通业务代码很少直接用。 易错点 不要把常见实现说成标准保证；也不要只背概念名词，要落到生命周期、所有权和异常安全。 面试官可能继续追问 - 如果发生拷贝/移动/析构，会不会出错？ - 这是标准保证还是某个编译器/库的实现？ - 异常路径下资源会不会泄漏？	C++
union 在现代 C++ 里怎么用？	这题在考什么 考察你是否理解 C++ 的类型语义、对象生命周期、所有权、编译期/运行期边界，而不是只背语法名词。 先用人话理解 这题可以先抓住一句主线：答： union 多个成员共享同一内存，只能有一个活动成员。含非平凡成员时需要手动管理构造析构。现代 C++ 更推荐 std::variant 表达类型安全的多选一。 学习 C++ 题时，可以先问自己：这个对象是谁创建的、谁销毁的、能不能被拷贝、异常时会不会泄漏。 原理拆开 - 先区分标准语义和常见实现，例如虚表、SSO、容器扩容倍数都属于实现细节。 - 回答时尽量围绕生命周期：对象什么时候构造、什么时候析构、谁拥有资源、异常时会怎样。 - 如果涉及性能，要说明减少的是拷贝、分配、锁竞争还是运行期派发。 下面是这道题需要掌握的核心内容： 答： union 多个成员共享同一内存，只能有一个活动成员。含非平凡成员时需要手动管理构造析构。现代 C++ 更推荐 std::variant 表达类型安全的多选一。 代码/伪代码示例 代码见原文 底层原理再往下一层 再往下一层看，C++ 题通常会落到对象模型、ABI、编译器生成的特殊成员函数、栈展开、动态分配器和标准库实现。面试中不要把这些实现细节说成标准强制，但要知道常见实现为什么会这样做。 面试回答版 回答时可以按“三段式”讲： 1. 先给结论，直接回答它是什么或怎么做。 2. 再解释原因，把底层机制或设计动机讲出来。 3. 最后补一个边界，例如什么时候不适用、哪里容易错、工程里怎么验证。 如果只剩 30 秒，可以压缩成：答： union 多个成员共享同一内存，只能有一个活动成员。含非平凡成员时需要手动管理构造析构。现代 C++ 更推荐 std::variant 表达类型安全的多选一。 易错点 不要把常见实现说成标准保证；也不要只背概念名词，要落到生命周期、所有权和异常安全。 面试官可能继续追问 - 如果发生拷贝/移动/析构，会不会出错？ - 这是标准保证还是某个编译器/库的实现？ - 异常路径下资源会不会泄漏？	C++
lambda 捕获值和捕获引用区别？	这题在考什么 考察你是否理解 C++ 的类型语义、对象生命周期、所有权、编译期/运行期边界，而不是只背语法名词。 先用人话理解 这题可以先抓住一句主线：答： 值捕获把外部变量拷贝进闭包对象，默认不随外部变量变化；引用捕获保存引用，能看到外部变化但要注意生命周期。异步任务、线程、回调里不要随便引用捕获局部变量，容易悬空。 学习 C++ 题时，可以先问自己：这个对象是谁创建的、谁销毁的、能不能被拷贝、异常时会不会泄漏。 原理拆开 - 先区分标准语义和常见实现，例如虚表、SSO、容器扩容倍数都属于实现细节。 - 回答时尽量围绕生命周期：对象什么时候构造、什么时候析构、谁拥有资源、异常时会怎样。 - 如果涉及性能，要说明减少的是拷贝、分配、锁竞争还是运行期派发。 下面是这道题需要掌握的核心内容： 答： 值捕获把外部变量拷贝进闭包对象，默认不随外部变量变化；引用捕获保存引用，能看到外部变化但要注意生命周期。异步任务、线程、回调里不要随便引用捕获局部变量，容易悬空。 代码/伪代码示例 代码见原文 底层原理再往下一层 再往下一层看，C++ 题通常会落到对象模型、ABI、编译器生成的特殊成员函数、栈展开、动态分配器和标准库实现。面试中不要把这些实现细节说成标准强制，但要知道常见实现为什么会这样做。 面试回答版 回答时可以按“三段式”讲： 1. 先给结论，直接回答它是什么或怎么做。 2. 再解释原因，把底层机制或设计动机讲出来。 3. 最后补一个边界，例如什么时候不适用、哪里容易错、工程里怎么验证。 如果只剩 30 秒，可以压缩成：答： 值捕获把外部变量拷贝进闭包对象，默认不随外部变量变化；引用捕获保存引用，能看到外部变化但要注意生命周期。异步任务、线程、回调里不要随便引用捕获局部变量，容易悬空。 易错点 不要把常见实现说成标准保证；也不要只背概念名词，要落到生命周期、所有权和异常安全。 面试官可能继续追问 - 如果发生拷贝/移动/析构，会不会出错？ - 这是标准保证还是某个编译器/库的实现？ - 异常路径下资源会不会泄漏？	C++
lambda 中 mutable 是什么？	这题在考什么 考察你是否理解 C++ 的类型语义、对象生命周期、所有权、编译期/运行期边界，而不是只背语法名词。 先用人话理解 这题可以先抓住一句主线：答： 值捕获的 lambda 默认 operator() 是 const，不能修改捕获副本。加 mutable 后可以修改闭包对象内部的捕获副本，但不会修改外部原变量。 学习 C++ 题时，可以先问自己：这个对象是谁创建的、谁销毁的、能不能被拷贝、异常时会不会泄漏。 原理拆开 - 先区分标准语义和常见实现，例如虚表、SSO、容器扩容倍数都属于实现细节。 - 回答时尽量围绕生命周期：对象什么时候构造、什么时候析构、谁拥有资源、异常时会怎样。 - 如果涉及性能，要说明减少的是拷贝、分配、锁竞争还是运行期派发。 下面是这道题需要掌握的核心内容： 答： 值捕获的 lambda 默认 operator() 是 const，不能修改捕获副本。加 mutable 后可以修改闭包对象内部的捕获副本，但不会修改外部原变量。 代码/伪代码示例 代码见原文 底层原理再往下一层 再往下一层看，C++ 题通常会落到对象模型、ABI、编译器生成的特殊成员函数、栈展开、动态分配器和标准库实现。面试中不要把这些实现细节说成标准强制，但要知道常见实现为什么会这样做。 面试回答版 回答时可以按“三段式”讲： 1. 先给结论，直接回答它是什么或怎么做。 2. 再解释原因，把底层机制或设计动机讲出来。 3. 最后补一个边界，例如什么时候不适用、哪里容易错、工程里怎么验证。 如果只剩 30 秒，可以压缩成：答： 值捕获的 lambda 默认 operator() 是 const，不能修改捕获副本。加 mutable 后可以修改闭包对象内部的捕获副本，但不会修改外部原变量。 易错点 不要把常见实现说成标准保证；也不要只背概念名词，要落到生命周期、所有权和异常安全。 面试官可能继续追问 - 如果发生拷贝/移动/析构，会不会出错？ - 这是标准保证还是某个编译器/库的实现？ - 异常路径下资源会不会泄漏？	C++
泛型 lambda 是什么？	这题在考什么 考察你是否理解 C++ 的类型语义、对象生命周期、所有权、编译期/运行期边界，而不是只背语法名词。 先用人话理解 这题可以先抓住一句主线：答： C++14 起 lambda 参数可以写 auto，本质上生成带模板调用运算符的闭包类型。它适合写通用比较器、访问器和小型泛型逻辑。 学习 C++ 题时，可以先问自己：这个对象是谁创建的、谁销毁的、能不能被拷贝、异常时会不会泄漏。 原理拆开 - 先区分标准语义和常见实现，例如虚表、SSO、容器扩容倍数都属于实现细节。 - 回答时尽量围绕生命周期：对象什么时候构造、什么时候析构、谁拥有资源、异常时会怎样。 - 如果涉及性能，要说明减少的是拷贝、分配、锁竞争还是运行期派发。 下面是这道题需要掌握的核心内容： 答： C++14 起 lambda 参数可以写 auto，本质上生成带模板调用运算符的闭包类型。它适合写通用比较器、访问器和小型泛型逻辑。 代码/伪代码示例 代码见原文 底层原理再往下一层 再往下一层看，C++ 题通常会落到对象模型、ABI、编译器生成的特殊成员函数、栈展开、动态分配器和标准库实现。面试中不要把这些实现细节说成标准强制，但要知道常见实现为什么会这样做。 面试回答版 回答时可以按“三段式”讲： 1. 先给结论，直接回答它是什么或怎么做。 2. 再解释原因，把底层机制或设计动机讲出来。 3. 最后补一个边界，例如什么时候不适用、哪里容易错、工程里怎么验证。 如果只剩 30 秒，可以压缩成：答： C++14 起 lambda 参数可以写 auto，本质上生成带模板调用运算符的闭包类型。它适合写通用比较器、访问器和小型泛型逻辑。 易错点 不要把常见实现说成标准保证；也不要只背概念名词，要落到生命周期、所有权和异常安全。 面试官可能继续追问 - 如果发生拷贝/移动/析构，会不会出错？ - 这是标准保证还是某个编译器/库的实现？ - 异常路径下资源会不会泄漏？	C++
std::function 和函数指针区别？	这题在考什么 考察你是否理解 C++ 的类型语义、对象生命周期、所有权、编译期/运行期边界，而不是只背语法名词。 先用人话理解 这题可以先抓住一句主线：答： 函数指针只能指向普通函数或无捕获 lambda 转换出的函数指针；std::function 是类型擦除包装器，可以保存普通函数、成员函数绑定、捕获 lambda、函数对象。代价是可能有额外间接调用和动态分配。 学习 C++ 题时，可以先问自己：这个对象是谁创建的、谁销毁的、能不能被拷贝、异常时会不会泄漏。 原理拆开 - 先区分标准语义和常见实现，例如虚表、SSO、容器扩容倍数都属于实现细节。 - 回答时尽量围绕生命周期：对象什么时候构造、什么时候析构、谁拥有资源、异常时会怎样。 - 如果涉及性能，要说明减少的是拷贝、分配、锁竞争还是运行期派发。 下面是这道题需要掌握的核心内容： 答： 函数指针只能指向普通函数或无捕获 lambda 转换出的函数指针；std::function 是类型擦除包装器，可以保存普通函数、成员函数绑定、捕获 lambda、函数对象。代价是可能有额外间接调用和动态分配。 代码/伪代码示例 代码见原文 底层原理再往下一层 再往下一层看，C++ 题通常会落到对象模型、ABI、编译器生成的特殊成员函数、栈展开、动态分配器和标准库实现。面试中不要把这些实现细节说成标准强制，但要知道常见实现为什么会这样做。 面试回答版 回答时可以按“三段式”讲： 1. 先给结论，直接回答它是什么或怎么做。 2. 再解释原因，把底层机制或设计动机讲出来。 3. 最后补一个边界，例如什么时候不适用、哪里容易错、工程里怎么验证。 如果只剩 30 秒，可以压缩成：答： 函数指针只能指向普通函数或无捕获 lambda 转换出的函数指针；std::function 是类型擦除包装器，可以保存普通函数、成员函数绑定、捕获 lambda、函数对象。代价是可能有额外间接调用和动态分配。 易错点 不要把常见实现说成标准保证；也不要只背概念名词，要落到生命周期、所有权和异常安全。 面试官可能继续追问 - 如果发生拷贝/移动/析构，会不会出错？ - 这是标准保证还是某个编译器/库的实现？ - 异常路径下资源会不会泄漏？	C++
std::bind 和 lambda 怎么选？	这题在考什么 考察你是否理解 C++ 的类型语义、对象生命周期、所有权、编译期/运行期边界，而不是只背语法名词。 先用人话理解 这题可以先抓住一句主线：答： 现代 C++ 通常优先 lambda，因为可读性更好，捕获和参数转发更直观。std::bind 在旧代码中常见，但占位符和引用语义容易造成误解。 学习 C++ 题时，可以先问自己：这个对象是谁创建的、谁销毁的、能不能被拷贝、异常时会不会泄漏。 原理拆开 - 先区分标准语义和常见实现，例如虚表、SSO、容器扩容倍数都属于实现细节。 - 回答时尽量围绕生命周期：对象什么时候构造、什么时候析构、谁拥有资源、异常时会怎样。 - 如果涉及性能，要说明减少的是拷贝、分配、锁竞争还是运行期派发。 下面是这道题需要掌握的核心内容： 答： 现代 C++ 通常优先 lambda，因为可读性更好，捕获和参数转发更直观。std::bind 在旧代码中常见，但占位符和引用语义容易造成误解。 代码/伪代码示例 代码见原文 底层原理再往下一层 再往下一层看，C++ 题通常会落到对象模型、ABI、编译器生成的特殊成员函数、栈展开、动态分配器和标准库实现。面试中不要把这些实现细节说成标准强制，但要知道常见实现为什么会这样做。 面试回答版 回答时可以按“三段式”讲： 1. 先给结论，直接回答它是什么或怎么做。 2. 再解释原因，把底层机制或设计动机讲出来。 3. 最后补一个边界，例如什么时候不适用、哪里容易错、工程里怎么验证。 如果只剩 30 秒，可以压缩成：答： 现代 C++ 通常优先 lambda，因为可读性更好，捕获和参数转发更直观。std::bind 在旧代码中常见，但占位符和引用语义容易造成误解。 易错点 不要把常见实现说成标准保证；也不要只背概念名词，要落到生命周期、所有权和异常安全。 面试官可能继续追问 - 如果发生拷贝/移动/析构，会不会出错？ - 这是标准保证还是某个编译器/库的实现？ - 异常路径下资源会不会泄漏？	C++
std::optional 适合什么场景？	这题在考什么 考察你是否理解 C++ 的类型语义、对象生命周期、所有权、编译期/运行期边界，而不是只背语法名词。 先用人话理解 这题可以先抓住一句主线：答： optional<T> 表示“可能没有值”，比用特殊值、空字符串或裸指针更明确。适合查找结果、解析结果、配置项等；不适合表达错误原因丰富的失败场景，那种情况可以用异常、错误码或 expected 风格类型。 学习 C++ 题时，可以先问自己：这个对象是谁创建的、谁销毁的、能不能被拷贝、异常时会不会泄漏。 原理拆开 - 先区分标准语义和常见实现，例如虚表、SSO、容器扩容倍数都属于实现细节。 - 回答时尽量围绕生命周期：对象什么时候构造、什么时候析构、谁拥有资源、异常时会怎样。 - 如果涉及性能，要说明减少的是拷贝、分配、锁竞争还是运行期派发。 下面是这道题需要掌握的核心内容： 答： optional<T> 表示“可能没有值”，比用特殊值、空字符串或裸指针更明确。适合查找结果、解析结果、配置项等；不适合表达错误原因丰富的失败场景，那种情况可以用异常、错误码或 expected 风格类型。 代码/伪代码示例 代码见原文 底层原理再往下一层 再往下一层看，C++ 题通常会落到对象模型、ABI、编译器生成的特殊成员函数、栈展开、动态分配器和标准库实现。面试中不要把这些实现细节说成标准强制，但要知道常见实现为什么会这样做。 面试回答版 回答时可以按“三段式”讲： 1. 先给结论，直接回答它是什么或怎么做。 2. 再解释原因，把底层机制或设计动机讲出来。 3. 最后补一个边界，例如什么时候不适用、哪里容易错、工程里怎么验证。 如果只剩 30 秒，可以压缩成：答： optional<T> 表示“可能没有值”，比用特殊值、空字符串或裸指针更明确。适合查找结果、解析结果、配置项等；不适合表达错误原因丰富的失败场景，那种情况可以用异常、错误码或 expected 风格类型。 易错点 不要把常见实现说成标准保证；也不要只背概念名词，要落到生命周期、所有权和异常安全。 面试官可能继续追问 - 如果发生拷贝/移动/析构，会不会出错？ - 这是标准保证还是某个编译器/库的实现？ - 异常路径下资源会不会泄漏？	C++
std::variant 和继承多态怎么选？	这题在考什么 考察你是否理解 C++ 的类型语义、对象生命周期、所有权、编译期/运行期边界，而不是只背语法名词。 先用人话理解 这题可以先抓住一句主线：答： variant 表示封闭集合中的多选一，类型集合编译期已知，适合语法树节点、消息类型等。继承多态适合开放扩展、运行时通过统一接口调用行为。variant 常配合 std::visit。 学习 C++ 题时，可以先问自己：这个对象是谁创建的、谁销毁的、能不能被拷贝、异常时会不会泄漏。 原理拆开 - 先区分标准语义和常见实现，例如虚表、SSO、容器扩容倍数都属于实现细节。 - 回答时尽量围绕生命周期：对象什么时候构造、什么时候析构、谁拥有资源、异常时会怎样。 - 如果涉及性能，要说明减少的是拷贝、分配、锁竞争还是运行期派发。 下面是这道题需要掌握的核心内容： 答： variant 表示封闭集合中的多选一，类型集合编译期已知，适合语法树节点、消息类型等。继承多态适合开放扩展、运行时通过统一接口调用行为。variant 常配合 std::visit。 代码/伪代码示例 代码见原文 底层原理再往下一层 再往下一层看，C++ 题通常会落到对象模型、ABI、编译器生成的特殊成员函数、栈展开、动态分配器和标准库实现。面试中不要把这些实现细节说成标准强制，但要知道常见实现为什么会这样做。 面试回答版 回答时可以按“三段式”讲： 1. 先给结论，直接回答它是什么或怎么做。 2. 再解释原因，把底层机制或设计动机讲出来。 3. 最后补一个边界，例如什么时候不适用、哪里容易错、工程里怎么验证。 如果只剩 30 秒，可以压缩成：答： variant 表示封闭集合中的多选一，类型集合编译期已知，适合语法树节点、消息类型等。继承多态适合开放扩展、运行时通过统一接口调用行为。variant 常配合 std::visit。 易错点 不要把常见实现说成标准保证；也不要只背概念名词，要落到生命周期、所有权和异常安全。 面试官可能继续追问 - 如果发生拷贝/移动/析构，会不会出错？ - 这是标准保证还是某个编译器/库的实现？ - 异常路径下资源会不会泄漏？	C++
std::any 适合什么场景？	这题在考什么 考察你是否理解 C++ 的类型语义、对象生命周期、所有权、编译期/运行期边界，而不是只背语法名词。 先用人话理解 这题可以先抓住一句主线：答： any 能保存任意可拷贝类型，取值时用 any_cast。它灵活但类型信息弱，错误到运行时才暴露，适合插件参数、配置容器等少量边界场景，不适合核心业务到处传。 学习 C++ 题时，可以先问自己：这个对象是谁创建的、谁销毁的、能不能被拷贝、异常时会不会泄漏。 原理拆开 - 先区分标准语义和常见实现，例如虚表、SSO、容器扩容倍数都属于实现细节。 - 回答时尽量围绕生命周期：对象什么时候构造、什么时候析构、谁拥有资源、异常时会怎样。 - 如果涉及性能，要说明减少的是拷贝、分配、锁竞争还是运行期派发。 下面是这道题需要掌握的核心内容： 答： any 能保存任意可拷贝类型，取值时用 any_cast。它灵活但类型信息弱，错误到运行时才暴露，适合插件参数、配置容器等少量边界场景，不适合核心业务到处传。 代码/伪代码示例 代码见原文 底层原理再往下一层 再往下一层看，C++ 题通常会落到对象模型、ABI、编译器生成的特殊成员函数、栈展开、动态分配器和标准库实现。面试中不要把这些实现细节说成标准强制，但要知道常见实现为什么会这样做。 面试回答版 回答时可以按“三段式”讲： 1. 先给结论，直接回答它是什么或怎么做。 2. 再解释原因，把底层机制或设计动机讲出来。 3. 最后补一个边界，例如什么时候不适用、哪里容易错、工程里怎么验证。 如果只剩 30 秒，可以压缩成：答： any 能保存任意可拷贝类型，取值时用 any_cast。它灵活但类型信息弱，错误到运行时才暴露，适合插件参数、配置容器等少量边界场景，不适合核心业务到处传。 易错点 不要把常见实现说成标准保证；也不要只背概念名词，要落到生命周期、所有权和异常安全。 面试官可能继续追问 - 如果发生拷贝/移动/析构，会不会出错？ - 这是标准保证还是某个编译器/库的实现？ - 异常路径下资源会不会泄漏？	C++
constexpr 函数一定在编译期执行吗？	这题在考什么 考察你是否理解 C++ 的类型语义、对象生命周期、所有权、编译期/运行期边界，而不是只背语法名词。 先用人话理解 这题可以先抓住一句主线：答： 不一定。constexpr 表示函数可用于常量表达式上下文；当实参不是编译期常量时，也可以在运行时执行。C++20 的 consteval 才要求必须编译期求值。 学习 C++ 题时，可以先问自己：这个对象是谁创建的、谁销毁的、能不能被拷贝、异常时会不会泄漏。 原理拆开 - 先区分标准语义和常见实现，例如虚表、SSO、容器扩容倍数都属于实现细节。 - 回答时尽量围绕生命周期：对象什么时候构造、什么时候析构、谁拥有资源、异常时会怎样。 - 如果涉及性能，要说明减少的是拷贝、分配、锁竞争还是运行期派发。 下面是这道题需要掌握的核心内容： 答： 不一定。constexpr 表示函数可用于常量表达式上下文；当实参不是编译期常量时，也可以在运行时执行。C++20 的 consteval 才要求必须编译期求值。 代码/伪代码示例 代码见原文 底层原理再往下一层 再往下一层看，C++ 题通常会落到对象模型、ABI、编译器生成的特殊成员函数、栈展开、动态分配器和标准库实现。面试中不要把这些实现细节说成标准强制，但要知道常见实现为什么会这样做。 面试回答版 回答时可以按“三段式”讲： 1. 先给结论，直接回答它是什么或怎么做。 2. 再解释原因，把底层机制或设计动机讲出来。 3. 最后补一个边界，例如什么时候不适用、哪里容易错、工程里怎么验证。 如果只剩 30 秒，可以压缩成：答： 不一定。constexpr 表示函数可用于常量表达式上下文；当实参不是编译期常量时，也可以在运行时执行。C++20 的 consteval 才要求必须编译期求值。 易错点 不要把常见实现说成标准保证；也不要只背概念名词，要落到生命周期、所有权和异常安全。 面试官可能继续追问 - 如果发生拷贝/移动/析构，会不会出错？ - 这是标准保证还是某个编译器/库的实现？ - 异常路径下资源会不会泄漏？	C++
constinit 解决什么问题？	这题在考什么 考察你是否理解 C++ 的类型语义、对象生命周期、所有权、编译期/运行期边界，而不是只背语法名词。 先用人话理解 这题可以先抓住一句主线：答： constinit 要求变量具有静态初始化，避免静态对象动态初始化顺序问题。它不代表变量不可修改；不可修改是 const 的语义。 学习 C++ 题时，可以先问自己：这个对象是谁创建的、谁销毁的、能不能被拷贝、异常时会不会泄漏。 原理拆开 - 先区分标准语义和常见实现，例如虚表、SSO、容器扩容倍数都属于实现细节。 - 回答时尽量围绕生命周期：对象什么时候构造、什么时候析构、谁拥有资源、异常时会怎样。 - 如果涉及性能，要说明减少的是拷贝、分配、锁竞争还是运行期派发。 下面是这道题需要掌握的核心内容： 答： constinit 要求变量具有静态初始化，避免静态对象动态初始化顺序问题。它不代表变量不可修改；不可修改是 const 的语义。 代码/伪代码示例 代码见原文 底层原理再往下一层 再往下一层看，C++ 题通常会落到对象模型、ABI、编译器生成的特殊成员函数、栈展开、动态分配器和标准库实现。面试中不要把这些实现细节说成标准强制，但要知道常见实现为什么会这样做。 面试回答版 回答时可以按“三段式”讲： 1. 先给结论，直接回答它是什么或怎么做。 2. 再解释原因，把底层机制或设计动机讲出来。 3. 最后补一个边界，例如什么时候不适用、哪里容易错、工程里怎么验证。 如果只剩 30 秒，可以压缩成：答： constinit 要求变量具有静态初始化，避免静态对象动态初始化顺序问题。它不代表变量不可修改；不可修改是 const 的语义。 易错点 不要把常见实现说成标准保证；也不要只背概念名词，要落到生命周期、所有权和异常安全。 面试官可能继续追问 - 如果发生拷贝/移动/析构，会不会出错？ - 这是标准保证还是某个编译器/库的实现？ - 异常路径下资源会不会泄漏？	C++
SFINAE 是什么？	这题在考什么 考察你是否理解 C++ 的类型语义、对象生命周期、所有权、编译期/运行期边界，而不是只背语法名词。 先用人话理解 这题可以先抓住一句主线：答： SFINAE 是 Substitution Failure Is Not An Error，模板替换失败不直接报错，而是从候选集中移除。它常用于根据类型能力启用/禁用函数重载。C++20 后很多场景可用 Concepts 更清晰表达。 学习 C++ 题时，可以先问自己：这个对象是谁创建的、谁销毁的、能不能被拷贝、异常时会不会泄漏。 原理拆开 - 先区分标准语义和常见实现，例如虚表、SSO、容器扩容倍数都属于实现细节。 - 回答时尽量围绕生命周期：对象什么时候构造、什么时候析构、谁拥有资源、异常时会怎样。 - 如果涉及性能，要说明减少的是拷贝、分配、锁竞争还是运行期派发。 下面是这道题需要掌握的核心内容： 答： SFINAE 是 Substitution Failure Is Not An Error，模板替换失败不直接报错，而是从候选集中移除。它常用于根据类型能力启用/禁用函数重载。C++20 后很多场景可用 Concepts 更清晰表达。 代码/伪代码示例 代码见原文 底层原理再往下一层 再往下一层看，C++ 题通常会落到对象模型、ABI、编译器生成的特殊成员函数、栈展开、动态分配器和标准库实现。面试中不要把这些实现细节说成标准强制，但要知道常见实现为什么会这样做。 面试回答版 回答时可以按“三段式”讲： 1. 先给结论，直接回答它是什么或怎么做。 2. 再解释原因，把底层机制或设计动机讲出来。 3. 最后补一个边界，例如什么时候不适用、哪里容易错、工程里怎么验证。 如果只剩 30 秒，可以压缩成：答： SFINAE 是 Substitution Failure Is Not An Error，模板替换失败不直接报错，而是从候选集中移除。它常用于根据类型能力启用/禁用函数重载。C++20 后很多场景可用 Concepts 更清晰表达。 易错点 不要把常见实现说成标准保证；也不要只背概念名词，要落到生命周期、所有权和异常安全。 面试官可能继续追问 - 如果发生拷贝/移动/析构，会不会出错？ - 这是标准保证还是某个编译器/库的实现？ - 异常路径下资源会不会泄漏？	C++
Concepts 比 SFINAE 好在哪里？	这题在考什么 考察你是否理解 C++ 的类型语义、对象生命周期、所有权、编译期/运行期边界，而不是只背语法名词。 先用人话理解 这题可以先抓住一句主线：答： Concepts 能直接声明模板参数约束，错误信息更清楚，可读性更好。它把“这个模板需要什么能力”写到接口上，而不是藏在复杂的 enable_if 里。 学习 C++ 题时，可以先问自己：这个对象是谁创建的、谁销毁的、能不能被拷贝、异常时会不会泄漏。 原理拆开 - 先区分标准语义和常见实现，例如虚表、SSO、容器扩容倍数都属于实现细节。 - 回答时尽量围绕生命周期：对象什么时候构造、什么时候析构、谁拥有资源、异常时会怎样。 - 如果涉及性能，要说明减少的是拷贝、分配、锁竞争还是运行期派发。 下面是这道题需要掌握的核心内容： 答： Concepts 能直接声明模板参数约束，错误信息更清楚，可读性更好。它把“这个模板需要什么能力”写到接口上，而不是藏在复杂的 enable_if 里。 代码/伪代码示例 代码见原文 底层原理再往下一层 再往下一层看，C++ 题通常会落到对象模型、ABI、编译器生成的特殊成员函数、栈展开、动态分配器和标准库实现。面试中不要把这些实现细节说成标准强制，但要知道常见实现为什么会这样做。 面试回答版 回答时可以按“三段式”讲： 1. 先给结论，直接回答它是什么或怎么做。 2. 再解释原因，把底层机制或设计动机讲出来。 3. 最后补一个边界，例如什么时候不适用、哪里容易错、工程里怎么验证。 如果只剩 30 秒，可以压缩成：答： Concepts 能直接声明模板参数约束，错误信息更清楚，可读性更好。它把“这个模板需要什么能力”写到接口上，而不是藏在复杂的 enable_if 里。 易错点 不要把常见实现说成标准保证；也不要只背概念名词，要落到生命周期、所有权和异常安全。 面试官可能继续追问 - 如果发生拷贝/移动/析构，会不会出错？ - 这是标准保证还是某个编译器/库的实现？ - 异常路径下资源会不会泄漏？	C++
CRTP 是什么？	这题在考什么 考察你是否理解 C++ 的类型语义、对象生命周期、所有权、编译期/运行期边界，而不是只背语法名词。 先用人话理解 这题可以先抓住一句主线：答： CRTP 是 Curiously Recurring Template Pattern，派生类把自己作为模板参数传给基类。它能实现静态多态、复用接口逻辑、避免虚函数开销。 学习 C++ 题时，可以先问自己：这个对象是谁创建的、谁销毁的、能不能被拷贝、异常时会不会泄漏。 原理拆开 - 先区分标准语义和常见实现，例如虚表、SSO、容器扩容倍数都属于实现细节。 - 回答时尽量围绕生命周期：对象什么时候构造、什么时候析构、谁拥有资源、异常时会怎样。 - 如果涉及性能，要说明减少的是拷贝、分配、锁竞争还是运行期派发。 下面是这道题需要掌握的核心内容： 答： CRTP 是 Curiously Recurring Template Pattern，派生类把自己作为模板参数传给基类。它能实现静态多态、复用接口逻辑、避免虚函数开销。典型形式是 template<class D> struct Base { void f(){ static_cast<D*>(this)->impl(); } };。 代码/伪代码示例 代码见原文 底层原理再往下一层 再往下一层看，C++ 题通常会落到对象模型、ABI、编译器生成的特殊成员函数、栈展开、动态分配器和标准库实现。面试中不要把这些实现细节说成标准强制，但要知道常见实现为什么会这样做。 面试回答版 回答时可以按“三段式”讲： 1. 先给结论，直接回答它是什么或怎么做。 2. 再解释原因，把底层机制或设计动机讲出来。 3. 最后补一个边界，例如什么时候不适用、哪里容易错、工程里怎么验证。 如果只剩 30 秒，可以压缩成：答： CRTP 是 Curiously Recurring Template Pattern，派生类把自己作为模板参数传给基类。它能实现静态多态、复用接口逻辑、避免虚函数开销。 易错点 不要把常见实现说成标准保证；也不要只背概念名词，要落到生命周期、所有权和异常安全。 面试官可能继续追问 - 如果发生拷贝/移动/析构，会不会出错？ - 这是标准保证还是某个编译器/库的实现？ - 异常路径下资源会不会泄漏？	C++
类型萃取 type_traits 有什么用？	这题在考什么 考察你是否理解 C++ 的类型语义、对象生命周期、所有权、编译期/运行期边界，而不是只背语法名词。 先用人话理解 这题可以先抓住一句主线：答： type_traits 在编译期查询或转换类型，例如判断是否整数、是否可移动、移除引用、添加 const 等。它是模板元编程和泛型库实现的基础。 学习 C++ 题时，可以先问自己：这个对象是谁创建的、谁销毁的、能不能被拷贝、异常时会不会泄漏。 原理拆开 - 先区分标准语义和常见实现，例如虚表、SSO、容器扩容倍数都属于实现细节。 - 回答时尽量围绕生命周期：对象什么时候构造、什么时候析构、谁拥有资源、异常时会怎样。 - 如果涉及性能，要说明减少的是拷贝、分配、锁竞争还是运行期派发。 下面是这道题需要掌握的核心内容： 答： type_traits 在编译期查询或转换类型，例如判断是否整数、是否可移动、移除引用、添加 const 等。它是模板元编程和泛型库实现的基础。 代码/伪代码示例 代码见原文 底层原理再往下一层 再往下一层看，C++ 题通常会落到对象模型、ABI、编译器生成的特殊成员函数、栈展开、动态分配器和标准库实现。面试中不要把这些实现细节说成标准强制，但要知道常见实现为什么会这样做。 面试回答版 回答时可以按“三段式”讲： 1. 先给结论，直接回答它是什么或怎么做。 2. 再解释原因，把底层机制或设计动机讲出来。 3. 最后补一个边界，例如什么时候不适用、哪里容易错、工程里怎么验证。 如果只剩 30 秒，可以压缩成：答： type_traits 在编译期查询或转换类型，例如判断是否整数、是否可移动、移除引用、添加 const 等。它是模板元编程和泛型库实现的基础。 易错点 不要把常见实现说成标准保证；也不要只背概念名词，要落到生命周期、所有权和异常安全。 面试官可能继续追问 - 如果发生拷贝/移动/析构，会不会出错？ - 这是标准保证还是某个编译器/库的实现？ - 异常路径下资源会不会泄漏？	C++
std::enable_if 常用于什么？	这题在考什么 考察你是否理解 C++ 的类型语义、对象生命周期、所有权、编译期/运行期边界，而不是只背语法名词。 先用人话理解 这题可以先抓住一句主线：答： 它根据编译期条件决定模板是否参与重载解析。比如只允许整数类型调用某函数。现代代码如果可用 C++20，优先用 requires 或 Concepts。 学习 C++ 题时，可以先问自己：这个对象是谁创建的、谁销毁的、能不能被拷贝、异常时会不会泄漏。 原理拆开 - 先区分标准语义和常见实现，例如虚表、SSO、容器扩容倍数都属于实现细节。 - 回答时尽量围绕生命周期：对象什么时候构造、什么时候析构、谁拥有资源、异常时会怎样。 - 如果涉及性能，要说明减少的是拷贝、分配、锁竞争还是运行期派发。 下面是这道题需要掌握的核心内容： 答： 它根据编译期条件决定模板是否参与重载解析。比如只允许整数类型调用某函数。现代代码如果可用 C++20，优先用 requires 或 Concepts。 代码/伪代码示例 代码见原文 底层原理再往下一层 再往下一层看，C++ 题通常会落到对象模型、ABI、编译器生成的特殊成员函数、栈展开、动态分配器和标准库实现。面试中不要把这些实现细节说成标准强制，但要知道常见实现为什么会这样做。 面试回答版 回答时可以按“三段式”讲： 1. 先给结论，直接回答它是什么或怎么做。 2. 再解释原因，把底层机制或设计动机讲出来。 3. 最后补一个边界，例如什么时候不适用、哪里容易错、工程里怎么验证。 如果只剩 30 秒，可以压缩成：答： 它根据编译期条件决定模板是否参与重载解析。比如只允许整数类型调用某函数。现代代码如果可用 C++20，优先用 requires 或 Concepts。 易错点 不要把常见实现说成标准保证；也不要只背概念名词，要落到生命周期、所有权和异常安全。 面试官可能继续追问 - 如果发生拷贝/移动/析构，会不会出错？ - 这是标准保证还是某个编译器/库的实现？ - 异常路径下资源会不会泄漏？	C++
模板特化和重载有什么区别？	这题在考什么 考察你是否理解 C++ 的类型语义、对象生命周期、所有权、编译期/运行期边界，而不是只背语法名词。 先用人话理解 这题可以先抓住一句主线：答： 重载是多个函数候选按参数匹配选择；模板特化是为某个模板参数组合提供定制实现。函数模板全特化通常不如重载直观，类模板特化更常见。 学习 C++ 题时，可以先问自己：这个对象是谁创建的、谁销毁的、能不能被拷贝、异常时会不会泄漏。 原理拆开 - 先区分标准语义和常见实现，例如虚表、SSO、容器扩容倍数都属于实现细节。 - 回答时尽量围绕生命周期：对象什么时候构造、什么时候析构、谁拥有资源、异常时会怎样。 - 如果涉及性能，要说明减少的是拷贝、分配、锁竞争还是运行期派发。 下面是这道题需要掌握的核心内容： 答： 重载是多个函数候选按参数匹配选择；模板特化是为某个模板参数组合提供定制实现。函数模板全特化通常不如重载直观，类模板特化更常见。 代码/伪代码示例 代码见原文 底层原理再往下一层 再往下一层看，C++ 题通常会落到对象模型、ABI、编译器生成的特殊成员函数、栈展开、动态分配器和标准库实现。面试中不要把这些实现细节说成标准强制，但要知道常见实现为什么会这样做。 面试回答版 回答时可以按“三段式”讲： 1. 先给结论，直接回答它是什么或怎么做。 2. 再解释原因，把底层机制或设计动机讲出来。 3. 最后补一个边界，例如什么时候不适用、哪里容易错、工程里怎么验证。 如果只剩 30 秒，可以压缩成：答： 重载是多个函数候选按参数匹配选择；模板特化是为某个模板参数组合提供定制实现。函数模板全特化通常不如重载直观，类模板特化更常见。 易错点 不要把常见实现说成标准保证；也不要只背概念名词，要落到生命周期、所有权和异常安全。 面试官可能继续追问 - 如果发生拷贝/移动/析构，会不会出错？ - 这是标准保证还是某个编译器/库的实现？ - 异常路径下资源会不会泄漏？	C++
可变参数模板怎么理解？	这题在考什么 考察你是否理解 C++ 的类型语义、对象生命周期、所有权、编译期/运行期边界，而不是只背语法名词。 先用人话理解 这题可以先抓住一句主线：答： 可变参数模板用参数包表示任意数量模板参数或函数参数。C++17 折叠表达式让参数包展开更简洁，例如 (args + ...)。 学习 C++ 题时，可以先问自己：这个对象是谁创建的、谁销毁的、能不能被拷贝、异常时会不会泄漏。 原理拆开 - 先区分标准语义和常见实现，例如虚表、SSO、容器扩容倍数都属于实现细节。 - 回答时尽量围绕生命周期：对象什么时候构造、什么时候析构、谁拥有资源、异常时会怎样。 - 如果涉及性能，要说明减少的是拷贝、分配、锁竞争还是运行期派发。 下面是这道题需要掌握的核心内容： 答： 可变参数模板用参数包表示任意数量模板参数或函数参数。C++17 折叠表达式让参数包展开更简洁，例如 (args + ...)。 代码/伪代码示例 代码见原文 底层原理再往下一层 再往下一层看，C++ 题通常会落到对象模型、ABI、编译器生成的特殊成员函数、栈展开、动态分配器和标准库实现。面试中不要把这些实现细节说成标准强制，但要知道常见实现为什么会这样做。 面试回答版 回答时可以按“三段式”讲： 1. 先给结论，直接回答它是什么或怎么做。 2. 再解释原因，把底层机制或设计动机讲出来。 3. 最后补一个边界，例如什么时候不适用、哪里容易错、工程里怎么验证。 如果只剩 30 秒，可以压缩成：答： 可变参数模板用参数包表示任意数量模板参数或函数参数。C++17 折叠表达式让参数包展开更简洁，例如 (args + ...)。 易错点 不要把常见实现说成标准保证；也不要只背概念名词，要落到生命周期、所有权和异常安全。 面试官可能继续追问 - 如果发生拷贝/移动/析构，会不会出错？ - 这是标准保证还是某个编译器/库的实现？ - 异常路径下资源会不会泄漏？	C++
完美转发为什么需要引用折叠？	这题在考什么 考察你是否理解 C++ 的类型语义、对象生命周期、所有权、编译期/运行期边界，而不是只背语法名词。 先用人话理解 这题可以先抓住一句主线：答： 模板参数 T&& 在推导时可能推成左值引用或非引用类型，引用折叠规则决定最终类型。规则核心是只要有左值引用参与，结果就是左值引用；否则才是右值引用。 学习 C++ 题时，可以先问自己：这个对象是谁创建的、谁销毁的、能不能被拷贝、异常时会不会泄漏。 原理拆开 - 先区分标准语义和常见实现，例如虚表、SSO、容器扩容倍数都属于实现细节。 - 回答时尽量围绕生命周期：对象什么时候构造、什么时候析构、谁拥有资源、异常时会怎样。 - 如果涉及性能，要说明减少的是拷贝、分配、锁竞争还是运行期派发。 下面是这道题需要掌握的核心内容： 答： 模板参数 T&& 在推导时可能推成左值引用或非引用类型，引用折叠规则决定最终类型。规则核心是只要有左值引用参与，结果就是左值引用；否则才是右值引用。 代码/伪代码示例 代码见原文 底层原理再往下一层 再往下一层看，C++ 题通常会落到对象模型、ABI、编译器生成的特殊成员函数、栈展开、动态分配器和标准库实现。面试中不要把这些实现细节说成标准强制，但要知道常见实现为什么会这样做。 面试回答版 回答时可以按“三段式”讲： 1. 先给结论，直接回答它是什么或怎么做。 2. 再解释原因，把底层机制或设计动机讲出来。 3. 最后补一个边界，例如什么时候不适用、哪里容易错、工程里怎么验证。 如果只剩 30 秒，可以压缩成：答： 模板参数 T&& 在推导时可能推成左值引用或非引用类型，引用折叠规则决定最终类型。规则核心是只要有左值引用参与，结果就是左值引用；否则才是右值引用。 易错点 不要把常见实现说成标准保证；也不要只背概念名词，要落到生命周期、所有权和异常安全。 面试官可能继续追问 - 如果发生拷贝/移动/析构，会不会出错？ - 这是标准保证还是某个编译器/库的实现？ - 异常路径下资源会不会泄漏？	C++
std::move_if_noexcept 是什么？	这题在考什么 考察你是否理解 C++ 的类型语义、对象生命周期、所有权、编译期/运行期边界，而不是只背语法名词。 先用人话理解 这题可以先抓住一句主线：答： 它在类型移动构造不抛或不可拷贝时返回右值，否则返回 const 左值，帮助容器在异常安全和性能之间选择。标准容器实现中常见类似策略。 学习 C++ 题时，可以先问自己：这个对象是谁创建的、谁销毁的、能不能被拷贝、异常时会不会泄漏。 原理拆开 - 先区分标准语义和常见实现，例如虚表、SSO、容器扩容倍数都属于实现细节。 - 回答时尽量围绕生命周期：对象什么时候构造、什么时候析构、谁拥有资源、异常时会怎样。 - 如果涉及性能，要说明减少的是拷贝、分配、锁竞争还是运行期派发。 下面是这道题需要掌握的核心内容： 答： 它在类型移动构造不抛或不可拷贝时返回右值，否则返回 const 左值，帮助容器在异常安全和性能之间选择。标准容器实现中常见类似策略。 代码/伪代码示例 代码见原文 底层原理再往下一层 再往下一层看，C++ 题通常会落到对象模型、ABI、编译器生成的特殊成员函数、栈展开、动态分配器和标准库实现。面试中不要把这些实现细节说成标准强制，但要知道常见实现为什么会这样做。 面试回答版 回答时可以按“三段式”讲： 1. 先给结论，直接回答它是什么或怎么做。 2. 再解释原因，把底层机制或设计动机讲出来。 3. 最后补一个边界，例如什么时候不适用、哪里容易错、工程里怎么验证。 如果只剩 30 秒，可以压缩成：答： 它在类型移动构造不抛或不可拷贝时返回右值，否则返回 const 左值，帮助容器在异常安全和性能之间选择。标准容器实现中常见类似策略。 易错点 不要把常见实现说成标准保证；也不要只背概念名词，要落到生命周期、所有权和异常安全。 面试官可能继续追问 - 如果发生拷贝/移动/析构，会不会出错？ - 这是标准保证还是某个编译器/库的实现？ - 异常路径下资源会不会泄漏？	C++
std::span 是什么？	这题在考什么 考察你是否理解 C++ 的类型语义、对象生命周期、所有权、编译期/运行期边界，而不是只背语法名词。 先用人话理解 这题可以先抓住一句主线：答： span 是连续内存的非拥有视图，包含指针和长度。它适合函数参数接收数组、vector、裸数组的一段数据，避免传指针加长度时不一致。注意生命周期仍由外部保证。 学习 C++ 题时，可以先问自己：这个对象是谁创建的、谁销毁的、能不能被拷贝、异常时会不会泄漏。 原理拆开 - 先区分标准语义和常见实现，例如虚表、SSO、容器扩容倍数都属于实现细节。 - 回答时尽量围绕生命周期：对象什么时候构造、什么时候析构、谁拥有资源、异常时会怎样。 - 如果涉及性能，要说明减少的是拷贝、分配、锁竞争还是运行期派发。 下面是这道题需要掌握的核心内容： 答： span 是连续内存的非拥有视图，包含指针和长度。它适合函数参数接收数组、vector、裸数组的一段数据，避免传指针加长度时不一致。注意生命周期仍由外部保证。 代码/伪代码示例 代码见原文 底层原理再往下一层 再往下一层看，C++ 题通常会落到对象模型、ABI、编译器生成的特殊成员函数、栈展开、动态分配器和标准库实现。面试中不要把这些实现细节说成标准强制，但要知道常见实现为什么会这样做。 面试回答版 回答时可以按“三段式”讲： 1. 先给结论，直接回答它是什么或怎么做。 2. 再解释原因，把底层机制或设计动机讲出来。 3. 最后补一个边界，例如什么时候不适用、哪里容易错、工程里怎么验证。 如果只剩 30 秒，可以压缩成：答： span 是连续内存的非拥有视图，包含指针和长度。它适合函数参数接收数组、vector、裸数组的一段数据，避免传指针加长度时不一致。注意生命周期仍由外部保证。 易错点 不要把常见实现说成标准保证；也不要只背概念名词，要落到生命周期、所有权和异常安全。 面试官可能继续追问 - 如果发生拷贝/移动/析构，会不会出错？ - 这是标准保证还是某个编译器/库的实现？ - 异常路径下资源会不会泄漏？	C++
array 和普通数组区别？	这题在考什么 考察你能不能根据场景选择容器，并说清楚复杂度、内存布局、迭代器失效和资源管理。 先用人话理解 这题可以先抓住一句主线：答： std::array<T, N> 是固定大小容器，大小编译期确定，支持 STL 接口、可赋值、可作为函数返回值。普通数组容易退化为指针，不携带大小信息。 学习 STL 题时，可以先画出底层结构：连续数组、链表节点、树节点或哈希桶，很多结论会自然推出。 原理拆开 - 先说容器底层组织方式：连续内存、链表节点、树、哈希桶。 - 再说复杂度和失效规则，这比单纯背接口更接近面试官想听的内容。 - 最后补一句工程选择：默认优先简单可靠的容器，不为小概率场景过度设计。 下面是这道题需要掌握的核心内容： 答： std::array<T, N> 是固定大小容器，大小编译期确定，支持 STL 接口、可赋值、可作为函数返回值。普通数组容易退化为指针，不携带大小信息。 代码/伪代码示例 代码见原文 底层原理再往下一层 再往下一层看，STL 容器的表现主要由内存布局决定：连续内存缓存友好但搬家会失效；节点式容器地址稳定但缓存局部性差；哈希表平均快但 rehash 和冲突会带来抖动。 面试回答版 回答时可以按“三段式”讲： 1. 先给结论，直接回答它是什么或怎么做。 2. 再解释原因，把底层机制或设计动机讲出来。 3. 最后补一个边界，例如什么时候不适用、哪里容易错、工程里怎么验证。 如果只剩 30 秒，可以压缩成：答： std::array<T, N> 是固定大小容器，大小编译期确定，支持 STL 接口、可赋值、可作为函数返回值。普通数组容易退化为指针，不携带大小信息。 易错点 不要只说复杂度，忽略内存布局和迭代器失效；很多 STL 问题真正考的是使用边界。 面试官可能继续追问 - 什么时候迭代器会失效？ - 如果数据量很大或频繁插删，容器选择要不要变？ - 如何降低扩容或 rehash 成本？	STL
forward_list 有什么特点？	这题在考什么 考察你能不能根据场景选择容器，并说清楚复杂度、内存布局、迭代器失效和资源管理。 先用人话理解 这题可以先抓住一句主线：答： forward_list 是单向链表，只支持前向迭代，占用比 list 少一个指针。它适合极少数需要频繁插删且只需单向遍历的场景，实际业务里不如 vector 常用。 学习 STL 题时，可以先画出底层结构：连续数组、链表节点、树节点或哈希桶，很多结论会自然推出。 原理拆开 - 先说容器底层组织方式：连续内存、链表节点、树、哈希桶。 - 再说复杂度和失效规则，这比单纯背接口更接近面试官想听的内容。 - 最后补一句工程选择：默认优先简单可靠的容器，不为小概率场景过度设计。 下面是这道题需要掌握的核心内容： 答： forward_list 是单向链表，只支持前向迭代，占用比 list 少一个指针。它适合极少数需要频繁插删且只需单向遍历的场景，实际业务里不如 vector 常用。 代码/伪代码示例 代码见原文 底层原理再往下一层 再往下一层看，STL 容器的表现主要由内存布局决定：连续内存缓存友好但搬家会失效；节点式容器地址稳定但缓存局部性差；哈希表平均快但 rehash 和冲突会带来抖动。 面试回答版 回答时可以按“三段式”讲： 1. 先给结论，直接回答它是什么或怎么做。 2. 再解释原因，把底层机制或设计动机讲出来。 3. 最后补一个边界，例如什么时候不适用、哪里容易错、工程里怎么验证。 如果只剩 30 秒，可以压缩成：答： forward_list 是单向链表，只支持前向迭代，占用比 list 少一个指针。它适合极少数需要频繁插删且只需单向遍历的场景，实际业务里不如 vector 常用。 易错点 不要只说复杂度，忽略内存布局和迭代器失效；很多 STL 问题真正考的是使用边界。 面试官可能继续追问 - 什么时候迭代器会失效？ - 如果数据量很大或频繁插删，容器选择要不要变？ - 如何降低扩容或 rehash 成本？	STL
deque 为什么适合队列？	这题在考什么 考察你对缓存、消息、幂等、可靠性和工程取舍的理解。 先用人话理解 这题可以先抓住一句主线：答： deque 分段连续存储，支持头尾高效插入删除，不要求整体连续大块内存。std::queue 默认底层容器就是 deque，因为队列主要需要头删尾插。 学习缓存和消息队列题时，要同时想正常路径和失败路径，失败路径才是面试追问重点。 原理拆开 - 先明确它解决的是性能、削峰、解耦还是一致性问题。 - 再说明失败场景：过期、故障切换、重复消费、消息丢失、热点。 - 最后给治理手段，并说明适用边界。 下面是这道题需要掌握的核心内容： 答： deque 分段连续存储，支持头尾高效插入删除，不要求整体连续大块内存。std::queue 默认底层容器就是 deque，因为队列主要需要头删尾插。 代码/伪代码示例 代码见原文 底层原理再往下一层 再往下一层看，Redis/MQ 题核心是内存结构、事件循环、持久化、复制、确认机制和失败恢复。高性能组件常把复杂性转移到一致性和故障处理上。 面试回答版 回答时可以按“三段式”讲： 1. 先给结论，直接回答它是什么或怎么做。 2. 再解释原因，把底层机制或设计动机讲出来。 3. 最后补一个边界，例如什么时候不适用、哪里容易错、工程里怎么验证。 如果只剩 30 秒，可以压缩成：答： deque 分段连续存储，支持头尾高效插入删除，不要求整体连续大块内存。std::queue 默认底层容器就是 deque，因为队列主要需要头删尾插。 易错点 不要把缓存或 MQ 当成万能解。它们引入性能收益，也引入一致性、重复、丢失和热点问题。 面试官可能继续追问 - 故障时会不会丢数据或重复处理？ - 热点或大 key 怎么办？ - 一致性要求更高时还能不能这么做？	Redis_MQ
priority_queue 怎么自定义比较？	这题在考什么 考察你能不能根据场景选择容器，并说清楚复杂度、内存布局、迭代器失效和资源管理。 先用人话理解 这题可以先抓住一句主线：答： priority_queue 默认是大根堆。自定义比较器时要注意比较器含义是“优先级低的排前面”，所以小根堆常写 greater<T> 或比较器返回 a > b。 学习 STL 题时，可以先画出底层结构：连续数组、链表节点、树节点或哈希桶，很多结论会自然推出。 原理拆开 - 先说容器底层组织方式：连续内存、链表节点、树、哈希桶。 - 再说复杂度和失效规则，这比单纯背接口更接近面试官想听的内容。 - 最后补一句工程选择：默认优先简单可靠的容器，不为小概率场景过度设计。 下面是这道题需要掌握的核心内容： 答： priority_queue 默认是大根堆。自定义比较器时要注意比较器含义是“优先级低的排前面”，所以小根堆常写 greater<T> 或比较器返回 a > b。 代码/伪代码示例 代码见原文 底层原理再往下一层 再往下一层看，STL 容器的表现主要由内存布局决定：连续内存缓存友好但搬家会失效；节点式容器地址稳定但缓存局部性差；哈希表平均快但 rehash 和冲突会带来抖动。 面试回答版 回答时可以按“三段式”讲： 1. 先给结论，直接回答它是什么或怎么做。 2. 再解释原因，把底层机制或设计动机讲出来。 3. 最后补一个边界，例如什么时候不适用、哪里容易错、工程里怎么验证。 如果只剩 30 秒，可以压缩成：答： priority_queue 默认是大根堆。自定义比较器时要注意比较器含义是“优先级低的排前面”，所以小根堆常写 greater<T> 或比较器返回 a > b。 易错点 不要只说复杂度，忽略内存布局和迭代器失效；很多 STL 问题真正考的是使用边界。 面试官可能继续追问 - 什么时候迭代器会失效？ - 如果数据量很大或频繁插删，容器选择要不要变？ - 如何降低扩容或 rehash 成本？	STL
unordered_map 的 rehash 什么时候发生？	这题在考什么 考察你能不能根据场景选择容器，并说清楚复杂度、内存布局、迭代器失效和资源管理。 先用人话理解 这题可以先抓住一句主线：答： 当元素数量相对桶数超过最大负载因子时，容器会扩桶并重新分布元素。rehash 会使迭代器失效，通常不使元素引用和指针失效，但具体操作要以标准规则为准。 unordered_map 像按哈希分柜子。平均查找快，但柜子分布不好或扩柜 rehash 时会有成本。 原理拆开 - 先说容器底层组织方式：连续内存、链表节点、树、哈希桶。 - 再说复杂度和失效规则，这比单纯背接口更接近面试官想听的内容。 - 最后补一句工程选择：默认优先简单可靠的容器，不为小概率场景过度设计。 下面是这道题需要掌握的核心内容： 答： 当元素数量相对桶数超过最大负载因子时，容器会扩桶并重新分布元素。rehash 会使迭代器失效，通常不使元素引用和指针失效，但具体操作要以标准规则为准。 代码/伪代码示例 代码见原文 底层原理再往下一层 再往下一层看，STL 容器的表现主要由内存布局决定：连续内存缓存友好但搬家会失效；节点式容器地址稳定但缓存局部性差；哈希表平均快但 rehash 和冲突会带来抖动。 面试回答版 回答时可以按“三段式”讲： 1. 先给结论，直接回答它是什么或怎么做。 2. 再解释原因，把底层机制或设计动机讲出来。 3. 最后补一个边界，例如什么时候不适用、哪里容易错、工程里怎么验证。 如果只剩 30 秒，可以压缩成：答： 当元素数量相对桶数超过最大负载因子时，容器会扩桶并重新分布元素。rehash 会使迭代器失效，通常不使元素引用和指针失效，但具体操作要以标准规则为准。 易错点 不要只说复杂度，忽略内存布局和迭代器失效；很多 STL 问题真正考的是使用边界。 面试官可能继续追问 - 什么时候迭代器会失效？ - 如果数据量很大或频繁插删，容器选择要不要变？ - 如何降低扩容或 rehash 成本？	STL
reserve 和 rehash 在 unordered_map 中区别？	这题在考什么 考察你能不能根据场景选择容器，并说清楚复杂度、内存布局、迭代器失效和资源管理。 先用人话理解 这题可以先抓住一句主线：答： reserve(n) 表示希望容纳 n 个元素，会按负载因子计算所需桶数；rehash(n) 表示桶数至少为 n。知道元素规模时用 reserve 更贴近意图。 unordered_map 像按哈希分柜子。平均查找快，但柜子分布不好或扩柜 rehash 时会有成本。 原理拆开 - 先说容器底层组织方式：连续内存、链表节点、树、哈希桶。 - 再说复杂度和失效规则，这比单纯背接口更接近面试官想听的内容。 - 最后补一句工程选择：默认优先简单可靠的容器，不为小概率场景过度设计。 下面是这道题需要掌握的核心内容： 答： reserve(n) 表示希望容纳 n 个元素，会按负载因子计算所需桶数；rehash(n) 表示桶数至少为 n。知道元素规模时用 reserve 更贴近意图。 代码/伪代码示例 代码见原文 底层原理再往下一层 再往下一层看，STL 容器的表现主要由内存布局决定：连续内存缓存友好但搬家会失效；节点式容器地址稳定但缓存局部性差；哈希表平均快但 rehash 和冲突会带来抖动。 面试回答版 回答时可以按“三段式”讲： 1. 先给结论，直接回答它是什么或怎么做。 2. 再解释原因，把底层机制或设计动机讲出来。 3. 最后补一个边界，例如什么时候不适用、哪里容易错、工程里怎么验证。 如果只剩 30 秒，可以压缩成：答： reserve(n) 表示希望容纳 n 个元素，会按负载因子计算所需桶数；rehash(n) 表示桶数至少为 n。知道元素规模时用 reserve 更贴近意图。 易错点 不要只说复杂度，忽略内存布局和迭代器失效；很多 STL 问题真正考的是使用边界。 面试官可能继续追问 - 什么时候迭代器会失效？ - 如果数据量很大或频繁插删，容器选择要不要变？ - 如何降低扩容或 rehash 成本？	STL
map 插入时迭代器会失效吗？	这题在考什么 考察你能不能根据场景选择容器，并说清楚复杂度、内存布局、迭代器失效和资源管理。 先用人话理解 这题可以先抓住一句主线：答： 有序关联容器插入通常不使已有迭代器失效；删除只使被删除元素的迭代器失效。这也是树形容器相比 vector 的一个稳定性优势。 map 像有序目录，查找不是最快的平均 O(1)，但顺序稳定，范围查询自然。 原理拆开 - 先说容器底层组织方式：连续内存、链表节点、树、哈希桶。 - 再说复杂度和失效规则，这比单纯背接口更接近面试官想听的内容。 - 最后补一句工程选择：默认优先简单可靠的容器，不为小概率场景过度设计。 下面是这道题需要掌握的核心内容： 答： 有序关联容器插入通常不使已有迭代器失效；删除只使被删除元素的迭代器失效。这也是树形容器相比 vector 的一个稳定性优势。 代码/伪代码示例 代码见原文 底层原理再往下一层 再往下一层看，STL 容器的表现主要由内存布局决定：连续内存缓存友好但搬家会失效；节点式容器地址稳定但缓存局部性差；哈希表平均快但 rehash 和冲突会带来抖动。 面试回答版 回答时可以按“三段式”讲： 1. 先给结论，直接回答它是什么或怎么做。 2. 再解释原因，把底层机制或设计动机讲出来。 3. 最后补一个边界，例如什么时候不适用、哪里容易错、工程里怎么验证。 如果只剩 30 秒，可以压缩成：答： 有序关联容器插入通常不使已有迭代器失效；删除只使被删除元素的迭代器失效。这也是树形容器相比 vector 的一个稳定性优势。 易错点 不要只说复杂度，忽略内存布局和迭代器失效；很多 STL 问题真正考的是使用边界。 面试官可能继续追问 - 什么时候迭代器会失效？ - 如果数据量很大或频繁插删，容器选择要不要变？ - 如何降低扩容或 rehash 成本？	STL
vector<bool> 有什么特殊？	这题在考什么 考察你能不能根据场景选择容器，并说清楚复杂度、内存布局、迭代器失效和资源管理。 先用人话理解 这题可以先抓住一句主线：答： vector<bool> 是标准库特化，通常以位压缩存储，不返回真正的 bool&，而是代理对象。它节省空间但语义和性能可能令人意外，很多工程中更愿意用 vector<char>、bitset 或动态 bitset。 vector 像一排连续座位。座位不够时要整体搬家，所以旧座位号、旧指针和旧迭代器会失效。 原理拆开 - 先说容器底层组织方式：连续内存、链表节点、树、哈希桶。 - 再说复杂度和失效规则，这比单纯背接口更接近面试官想听的内容。 - 最后补一句工程选择：默认优先简单可靠的容器，不为小概率场景过度设计。 下面是这道题需要掌握的核心内容： 答： vector<bool> 是标准库特化，通常以位压缩存储，不返回真正的 bool&，而是代理对象。它节省空间但语义和性能可能令人意外，很多工程中更愿意用 vector<char>、bitset 或动态 bitset。 代码/伪代码示例 代码见原文 底层原理再往下一层 再往下一层看，STL 容器的表现主要由内存布局决定：连续内存缓存友好但搬家会失效；节点式容器地址稳定但缓存局部性差；哈希表平均快但 rehash 和冲突会带来抖动。 vector 的连续内存让 CPU 预取和缓存命中更好。扩容时需要分配新内存并移动/拷贝元素，所以旧地址失效。增长倍数是库实现策略，不是标准规定。 面试回答版 回答时可以按“三段式”讲： 1. 先给结论，直接回答它是什么或怎么做。 2. 再解释原因，把底层机制或设计动机讲出来。 3. 最后补一个边界，例如什么时候不适用、哪里容易错、工程里怎么验证。 如果只剩 30 秒，可以压缩成：答： vector<bool> 是标准库特化，通常以位压缩存储，不返回真正的 bool&，而是代理对象。它节省空间但语义和性能可能令人意外，很多工程中更愿意用 vector<char>、bitset 或动态 bitset。 易错点 不要只说复杂度，忽略内存布局和迭代器失效；很多 STL 问题真正考的是使用边界。 面试官可能继续追问 - 什么时候迭代器会失效？ - 如果数据量很大或频繁插删，容器选择要不要变？ - 如何降低扩容或 rehash 成本？	STL
erase-remove 惯用法是什么？	这题在考什么 考察你能不能根据场景选择容器，并说清楚复杂度、内存布局、迭代器失效和资源管理。 先用人话理解 这题可以先抓住一句主线：答： remove 只把不删除的元素前移，并返回新逻辑结尾，不改变容器大小；再调用 erase 删除尾部无效区间。常用于 vector 删除满足条件的元素。 代码见原文。 学习 STL 题时，可以先画出底层结构：连续数组、链表节点、树节点或哈希桶，很多结论会自然推出。 原理拆开 - 先说容器底层组织方式：连续内存、链表节点、树、哈希桶。 - 再说复杂度和失效规则，这比单纯背接口更接近面试官想听的内容。 - 最后补一句工程选择：默认优先简单可靠的容器，不为小概率场景过度设计。 下面是这道题需要掌握的核心内容： 答： remove 只把不删除的元素前移，并返回新逻辑结尾，不改变容器大小；再调用 erase 删除尾部无效区间。常用于 vector 删除满足条件的元素。 代码见原文 代码/伪代码示例 代码见原文 底层原理再往下一层 再往下一层看，STL 容器的表现主要由内存布局决定：连续内存缓存友好但搬家会失效；节点式容器地址稳定但缓存局部性差；哈希表平均快但 rehash 和冲突会带来抖动。 面试回答版 回答时可以按“三段式”讲： 1. 先给结论，直接回答它是什么或怎么做。 2. 再解释原因，把底层机制或设计动机讲出来。 3. 最后补一个边界，例如什么时候不适用、哪里容易错、工程里怎么验证。 如果只剩 30 秒，可以压缩成：答： remove 只把不删除的元素前移，并返回新逻辑结尾，不改变容器大小；再调用 erase 删除尾部无效区间。常用于 vector 删除满足条件的元素。 代码见原文。 易错点 不要只说复杂度，忽略内存布局和迭代器失效；很多 STL 问题真正考的是使用边界。 面试官可能继续追问 - 什么时候迭代器会失效？ - 如果数据量很大或频繁插删，容器选择要不要变？ - 如何降低扩容或 rehash 成本？	STL
std::list::splice 有什么用？	这题在考什么 考察你能不能根据场景选择容器，并说清楚复杂度、内存布局、迭代器失效和资源管理。 先用人话理解 这题可以先抓住一句主线：答： splice 可以把 list 中的节点 O(1) 移动到另一个位置或另一个 list，不复制元素。LRU Cache 常用 list + unordered_map，访问元素时用 splice 移到头部。 学习 STL 题时，可以先画出底层结构：连续数组、链表节点、树节点或哈希桶，很多结论会自然推出。 原理拆开 - 先说容器底层组织方式：连续内存、链表节点、树、哈希桶。 - 再说复杂度和失效规则，这比单纯背接口更接近面试官想听的内容。 - 最后补一句工程选择：默认优先简单可靠的容器，不为小概率场景过度设计。 下面是这道题需要掌握的核心内容： 答： splice 可以把 list 中的节点 O(1) 移动到另一个位置或另一个 list，不复制元素。LRU Cache 常用 list + unordered_map，访问元素时用 splice 移到头部。 代码/伪代码示例 代码见原文 底层原理再往下一层 再往下一层看，STL 容器的表现主要由内存布局决定：连续内存缓存友好但搬家会失效；节点式容器地址稳定但缓存局部性差；哈希表平均快但 rehash 和冲突会带来抖动。 面试回答版 回答时可以按“三段式”讲： 1. 先给结论，直接回答它是什么或怎么做。 2. 再解释原因，把底层机制或设计动机讲出来。 3. 最后补一个边界，例如什么时候不适用、哪里容易错、工程里怎么验证。 如果只剩 30 秒，可以压缩成：答： splice 可以把 list 中的节点 O(1) 移动到另一个位置或另一个 list，不复制元素。LRU Cache 常用 list + unordered_map，访问元素时用 splice 移到头部。 易错点 不要只说复杂度，忽略内存布局和迭代器失效；很多 STL 问题真正考的是使用边界。 面试官可能继续追问 - 什么时候迭代器会失效？ - 如果数据量很大或频繁插删，容器选择要不要变？ - 如何降低扩容或 rehash 成本？	STL
自定义类型放入 unordered_map 需要什么？	这题在考什么 考察你能不能根据场景选择容器，并说清楚复杂度、内存布局、迭代器失效和资源管理。 先用人话理解 这题可以先抓住一句主线：答： 需要哈希函数和相等比较。哈希相同不代表对象相等，但相等对象必须产生相同哈希值，否则查找语义会错。 unordered_map 像按哈希分柜子。平均查找快，但柜子分布不好或扩柜 rehash 时会有成本。 原理拆开 - 先说容器底层组织方式：连续内存、链表节点、树、哈希桶。 - 再说复杂度和失效规则，这比单纯背接口更接近面试官想听的内容。 - 最后补一句工程选择：默认优先简单可靠的容器，不为小概率场景过度设计。 下面是这道题需要掌握的核心内容： 答： 需要哈希函数和相等比较。哈希相同不代表对象相等，但相等对象必须产生相同哈希值，否则查找语义会错。 代码/伪代码示例 代码见原文 底层原理再往下一层 再往下一层看，STL 容器的表现主要由内存布局决定：连续内存缓存友好但搬家会失效；节点式容器地址稳定但缓存局部性差；哈希表平均快但 rehash 和冲突会带来抖动。 面试回答版 回答时可以按“三段式”讲： 1. 先给结论，直接回答它是什么或怎么做。 2. 再解释原因，把底层机制或设计动机讲出来。 3. 最后补一个边界，例如什么时候不适用、哪里容易错、工程里怎么验证。 如果只剩 30 秒，可以压缩成：答： 需要哈希函数和相等比较。哈希相同不代表对象相等，但相等对象必须产生相同哈希值，否则查找语义会错。 易错点 不要只说复杂度，忽略内存布局和迭代器失效；很多 STL 问题真正考的是使用边界。 面试官可能继续追问 - 什么时候迭代器会失效？ - 如果数据量很大或频繁插删，容器选择要不要变？ - 如何降低扩容或 rehash 成本？	STL
自定义类型作为 map key 需要什么？	这题在考什么 考察你能不能根据场景选择容器，并说清楚复杂度、内存布局、迭代器失效和资源管理。 先用人话理解 这题可以先抓住一句主线：答： 需要严格弱序比较，可以重载 < 或提供比较器。比较器必须满足自反、传递等严格弱序要求，否则树结构行为不可靠。 map 像有序目录，查找不是最快的平均 O(1)，但顺序稳定，范围查询自然。 原理拆开 - 先说容器底层组织方式：连续内存、链表节点、树、哈希桶。 - 再说复杂度和失效规则，这比单纯背接口更接近面试官想听的内容。 - 最后补一句工程选择：默认优先简单可靠的容器，不为小概率场景过度设计。 下面是这道题需要掌握的核心内容： 答： 需要严格弱序比较，可以重载 < 或提供比较器。比较器必须满足自反、传递等严格弱序要求，否则树结构行为不可靠。 代码/伪代码示例 代码见原文 底层原理再往下一层 再往下一层看，STL 容器的表现主要由内存布局决定：连续内存缓存友好但搬家会失效；节点式容器地址稳定但缓存局部性差；哈希表平均快但 rehash 和冲突会带来抖动。 面试回答版 回答时可以按“三段式”讲： 1. 先给结论，直接回答它是什么或怎么做。 2. 再解释原因，把底层机制或设计动机讲出来。 3. 最后补一个边界，例如什么时候不适用、哪里容易错、工程里怎么验证。 如果只剩 30 秒，可以压缩成：答： 需要严格弱序比较，可以重载 < 或提供比较器。比较器必须满足自反、传递等严格弱序要求，否则树结构行为不可靠。 易错点 不要只说复杂度，忽略内存布局和迭代器失效；很多 STL 问题真正考的是使用边界。 面试官可能继续追问 - 什么时候迭代器会失效？ - 如果数据量很大或频繁插删，容器选择要不要变？ - 如何降低扩容或 rehash 成本？	STL
allocator 是什么？	这题在考什么 考察你能不能根据场景选择容器，并说清楚复杂度、内存布局、迭代器失效和资源管理。 先用人话理解 这题可以先抓住一句主线：答： allocator 抽象容器的内存分配策略。标准容器通过 allocator 申请、构造、销毁和释放元素。普通业务很少自定义，但内存池、共享内存、性能敏感场景可能会用。 学习 STL 题时，可以先画出底层结构：连续数组、链表节点、树节点或哈希桶，很多结论会自然推出。 原理拆开 - 先说容器底层组织方式：连续内存、链表节点、树、哈希桶。 - 再说复杂度和失效规则，这比单纯背接口更接近面试官想听的内容。 - 最后补一句工程选择：默认优先简单可靠的容器，不为小概率场景过度设计。 下面是这道题需要掌握的核心内容： 答： allocator 抽象容器的内存分配策略。标准容器通过 allocator 申请、构造、销毁和释放元素。普通业务很少自定义，但内存池、共享内存、性能敏感场景可能会用。 代码/伪代码示例 代码见原文 底层原理再往下一层 再往下一层看，STL 容器的表现主要由内存布局决定：连续内存缓存友好但搬家会失效；节点式容器地址稳定但缓存局部性差；哈希表平均快但 rehash 和冲突会带来抖动。 面试回答版 回答时可以按“三段式”讲： 1. 先给结论，直接回答它是什么或怎么做。 2. 再解释原因，把底层机制或设计动机讲出来。 3. 最后补一个边界，例如什么时候不适用、哪里容易错、工程里怎么验证。 如果只剩 30 秒，可以压缩成：答： allocator 抽象容器的内存分配策略。标准容器通过 allocator 申请、构造、销毁和释放元素。普通业务很少自定义，但内存池、共享内存、性能敏感场景可能会用。 易错点 不要只说复杂度，忽略内存布局和迭代器失效；很多 STL 问题真正考的是使用边界。 面试官可能继续追问 - 什么时候迭代器会失效？ - 如果数据量很大或频繁插删，容器选择要不要变？ - 如何降低扩容或 rehash 成本？	STL
unique_ptr 可以放进容器吗？	这题在考什么 考察你能不能根据场景选择容器，并说清楚复杂度、内存布局、迭代器失效和资源管理。 先用人话理解 这题可以先抓住一句主线：答： 可以，因为 unique_ptr 可移动不可拷贝。向容器插入时使用 std::move 或 make_unique 构造。容器扩容会移动 unique_ptr，对象本身不被移动，只是所有权指针被移动。 可以把 unique_ptr 想成唯一钥匙。钥匙可以交给别人，但不能复制出第二把同样拥有所有权的钥匙。 原理拆开 - 先说容器底层组织方式：连续内存、链表节点、树、哈希桶。 - 再说复杂度和失效规则，这比单纯背接口更接近面试官想听的内容。 - 最后补一句工程选择：默认优先简单可靠的容器，不为小概率场景过度设计。 下面是这道题需要掌握的核心内容： 答： 可以，因为 unique_ptr 可移动不可拷贝。向容器插入时使用 std::move 或 make_unique 构造。容器扩容会移动 unique_ptr，对象本身不被移动，只是所有权指针被移动。 代码/伪代码示例 代码见原文 底层原理再往下一层 再往下一层看，STL 容器的表现主要由内存布局决定：连续内存缓存友好但搬家会失效；节点式容器地址稳定但缓存局部性差；哈希表平均快但 rehash 和冲突会带来抖动。 面试回答版 回答时可以按“三段式”讲： 1. 先给结论，直接回答它是什么或怎么做。 2. 再解释原因，把底层机制或设计动机讲出来。 3. 最后补一个边界，例如什么时候不适用、哪里容易错、工程里怎么验证。 如果只剩 30 秒，可以压缩成：答： 可以，因为 unique_ptr 可移动不可拷贝。向容器插入时使用 std::move 或 make_unique 构造。容器扩容会移动 unique_ptr，对象本身不被移动，只是所有权指针被移动。 易错点 不要只说复杂度，忽略内存布局和迭代器失效；很多 STL 问题真正考的是使用边界。 面试官可能继续追问 - 什么时候迭代器会失效？ - 如果数据量很大或频繁插删，容器选择要不要变？ - 如何降低扩容或 rehash 成本？	STL
shared_ptr 自定义删除器有什么用？	这题在考什么 考察你能不能根据场景选择容器，并说清楚复杂度、内存布局、迭代器失效和资源管理。 先用人话理解 这题可以先抓住一句主线：答： 用于管理非 delete 释放的资源，例如 FILE* 用 fclose，socket 用 close，第三方库对象用对应释放函数。智能指针管理的不一定只有内存，也可以是句柄资源。 可以把 shared_ptr 想成“对象 + 账本”。对象是真正的数据，账本是控制块，记录还有多少人拥有它。 原理拆开 - 先说容器底层组织方式：连续内存、链表节点、树、哈希桶。 - 再说复杂度和失效规则，这比单纯背接口更接近面试官想听的内容。 - 最后补一句工程选择：默认优先简单可靠的容器，不为小概率场景过度设计。 下面是这道题需要掌握的核心内容： 答： 用于管理非 delete 释放的资源，例如 FILE* 用 fclose，socket 用 close，第三方库对象用对应释放函数。智能指针管理的不一定只有内存，也可以是句柄资源。 代码/伪代码示例 代码见原文 底层原理再往下一层 再往下一层看，STL 容器的表现主要由内存布局决定：连续内存缓存友好但搬家会失效；节点式容器地址稳定但缓存局部性差；哈希表平均快但 rehash 和冲突会带来抖动。 shared_ptr 的关键不是指针本身，而是控制块。控制块里的强引用计数决定对象何时析构，弱引用计数决定控制块何时释放。计数增减通常要用原子操作，所以 shared_ptr 有一定并发和性能成本。 面试回答版 回答时可以按“三段式”讲： 1. 先给结论，直接回答它是什么或怎么做。 2. 再解释原因，把底层机制或设计动机讲出来。 3. 最后补一个边界，例如什么时候不适用、哪里容易错、工程里怎么验证。 如果只剩 30 秒，可以压缩成：答： 用于管理非 delete 释放的资源，例如 FILE* 用 fclose，socket 用 close，第三方库对象用对应释放函数。智能指针管理的不一定只有内存，也可以是句柄资源。 易错点 不要只说复杂度，忽略内存布局和迭代器失效；很多 STL 问题真正考的是使用边界。 面试官可能继续追问 - 什么时候迭代器会失效？ - 如果数据量很大或频繁插删，容器选择要不要变？ - 如何降低扩容或 rehash 成本？	STL
weak_ptr::lock() 为什么返回 shared_ptr？	这题在考什么 考察你能不能根据场景选择容器，并说清楚复杂度、内存布局、迭代器失效和资源管理。 先用人话理解 这题可以先抓住一句主线：答： weak_ptr 不拥有对象，直接取裸指针会有对象同时销毁风险。lock() 成功时返回 shared_ptr，临时延长对象生命周期，失败说明对象已经销毁。 可以把 shared_ptr 想成“对象 + 账本”。对象是真正的数据，账本是控制块，记录还有多少人拥有它。 原理拆开 - 先说容器底层组织方式：连续内存、链表节点、树、哈希桶。 - 再说复杂度和失效规则，这比单纯背接口更接近面试官想听的内容。 - 最后补一句工程选择：默认优先简单可靠的容器，不为小概率场景过度设计。 下面是这道题需要掌握的核心内容： 答： weak_ptr 不拥有对象，直接取裸指针会有对象同时销毁风险。lock() 成功时返回 shared_ptr，临时延长对象生命周期，失败说明对象已经销毁。 代码/伪代码示例 代码见原文 底层原理再往下一层 再往下一层看，STL 容器的表现主要由内存布局决定：连续内存缓存友好但搬家会失效；节点式容器地址稳定但缓存局部性差；哈希表平均快但 rehash 和冲突会带来抖动。 shared_ptr 的关键不是指针本身，而是控制块。控制块里的强引用计数决定对象何时析构，弱引用计数决定控制块何时释放。计数增减通常要用原子操作，所以 shared_ptr 有一定并发和性能成本。 面试回答版 回答时可以按“三段式”讲： 1. 先给结论，直接回答它是什么或怎么做。 2. 再解释原因，把底层机制或设计动机讲出来。 3. 最后补一个边界，例如什么时候不适用、哪里容易错、工程里怎么验证。 如果只剩 30 秒，可以压缩成：答： weak_ptr 不拥有对象，直接取裸指针会有对象同时销毁风险。lock() 成功时返回 shared_ptr，临时延长对象生命周期，失败说明对象已经销毁。 易错点 不要只说复杂度，忽略内存布局和迭代器失效；很多 STL 问题真正考的是使用边界。 面试官可能继续追问 - 什么时候迭代器会失效？ - 如果数据量很大或频繁插删，容器选择要不要变？ - 如何降低扩容或 rehash 成本？	STL
enable_shared_from_this 解决什么？	这题在考什么 考察你能不能根据场景选择容器，并说清楚复杂度、内存布局、迭代器失效和资源管理。 先用人话理解 这题可以先抓住一句主线：答： 它允许对象成员函数安全地获取管理自己的 shared_ptr。不能直接写 shared_ptr<T>(this)，那会创建独立控制块，导致重复释放。前提是对象本身已经由 shared_ptr 管理。 学习 STL 题时，可以先画出底层结构：连续数组、链表节点、树节点或哈希桶，很多结论会自然推出。 原理拆开 - 先说容器底层组织方式：连续内存、链表节点、树、哈希桶。 - 再说复杂度和失效规则，这比单纯背接口更接近面试官想听的内容。 - 最后补一句工程选择：默认优先简单可靠的容器，不为小概率场景过度设计。 下面是这道题需要掌握的核心内容： 答： 它允许对象成员函数安全地获取管理自己的 shared_ptr。不能直接写 shared_ptr<T>(this)，那会创建独立控制块，导致重复释放。前提是对象本身已经由 shared_ptr 管理。 代码/伪代码示例 代码见原文 底层原理再往下一层 再往下一层看，STL 容器的表现主要由内存布局决定：连续内存缓存友好但搬家会失效；节点式容器地址稳定但缓存局部性差；哈希表平均快但 rehash 和冲突会带来抖动。 面试回答版 回答时可以按“三段式”讲： 1. 先给结论，直接回答它是什么或怎么做。 2. 再解释原因，把底层机制或设计动机讲出来。 3. 最后补一个边界，例如什么时候不适用、哪里容易错、工程里怎么验证。 如果只剩 30 秒，可以压缩成：答： 它允许对象成员函数安全地获取管理自己的 shared_ptr。不能直接写 shared_ptr<T>(this)，那会创建独立控制块，导致重复释放。前提是对象本身已经由 shared_ptr 管理。 易错点 不要只说复杂度，忽略内存布局和迭代器失效；很多 STL 问题真正考的是使用边界。 面试官可能继续追问 - 什么时候迭代器会失效？ - 如果数据量很大或频繁插删，容器选择要不要变？ - 如何降低扩容或 rehash 成本？	STL
智能指针能管理数组吗？	这题在考什么 考察你能不能根据场景选择容器，并说清楚复杂度、内存布局、迭代器失效和资源管理。 先用人话理解 这题可以先抓住一句主线：答： unique_ptr<T[]> 可以管理动态数组并使用 delete[]；shared_ptr 也支持数组形式，但实际工程中动态数组更推荐 std::vector，语义更完整。 学习 STL 题时，可以先画出底层结构：连续数组、链表节点、树节点或哈希桶，很多结论会自然推出。 原理拆开 - 先说容器底层组织方式：连续内存、链表节点、树、哈希桶。 - 再说复杂度和失效规则，这比单纯背接口更接近面试官想听的内容。 - 最后补一句工程选择：默认优先简单可靠的容器，不为小概率场景过度设计。 下面是这道题需要掌握的核心内容： 答： unique_ptr<T[]> 可以管理动态数组并使用 delete[]；shared_ptr 也支持数组形式，但实际工程中动态数组更推荐 std::vector，语义更完整。 代码/伪代码示例 代码见原文 底层原理再往下一层 再往下一层看，STL 容器的表现主要由内存布局决定：连续内存缓存友好但搬家会失效；节点式容器地址稳定但缓存局部性差；哈希表平均快但 rehash 和冲突会带来抖动。 面试回答版 回答时可以按“三段式”讲： 1. 先给结论，直接回答它是什么或怎么做。 2. 再解释原因，把底层机制或设计动机讲出来。 3. 最后补一个边界，例如什么时候不适用、哪里容易错、工程里怎么验证。 如果只剩 30 秒，可以压缩成：答： unique_ptr<T[]> 可以管理动态数组并使用 delete[]；shared_ptr 也支持数组形式，但实际工程中动态数组更推荐 std::vector，语义更完整。 易错点 不要只说复杂度，忽略内存布局和迭代器失效；很多 STL 问题真正考的是使用边界。 面试官可能继续追问 - 什么时候迭代器会失效？ - 如果数据量很大或频繁插删，容器选择要不要变？ - 如何降低扩容或 rehash 成本？	STL
std::pmr 是什么？	这题在考什么 考察你能不能根据场景选择容器，并说清楚复杂度、内存布局、迭代器失效和资源管理。 先用人话理解 这题可以先抓住一句主线：答： PMR 是 polymorphic memory resource，提供运行时可替换的内存资源接口。它适合在高性能场景中统一控制容器分配来源，例如单调缓冲区、内存池等。 学习 STL 题时，可以先画出底层结构：连续数组、链表节点、树节点或哈希桶，很多结论会自然推出。 原理拆开 - 先说容器底层组织方式：连续内存、链表节点、树、哈希桶。 - 再说复杂度和失效规则，这比单纯背接口更接近面试官想听的内容。 - 最后补一句工程选择：默认优先简单可靠的容器，不为小概率场景过度设计。 下面是这道题需要掌握的核心内容： 答： PMR 是 polymorphic memory resource，提供运行时可替换的内存资源接口。它适合在高性能场景中统一控制容器分配来源，例如单调缓冲区、内存池等。 代码/伪代码示例 代码见原文 底层原理再往下一层 再往下一层看，STL 容器的表现主要由内存布局决定：连续内存缓存友好但搬家会失效；节点式容器地址稳定但缓存局部性差；哈希表平均快但 rehash 和冲突会带来抖动。 面试回答版 回答时可以按“三段式”讲： 1. 先给结论，直接回答它是什么或怎么做。 2. 再解释原因，把底层机制或设计动机讲出来。 3. 最后补一个边界，例如什么时候不适用、哪里容易错、工程里怎么验证。 如果只剩 30 秒，可以压缩成：答： PMR 是 polymorphic memory resource，提供运行时可替换的内存资源接口。它适合在高性能场景中统一控制容器分配来源，例如单调缓冲区、内存池等。 易错点 不要只说复杂度，忽略内存布局和迭代器失效；很多 STL 问题真正考的是使用边界。 面试官可能继续追问 - 什么时候迭代器会失效？ - 如果数据量很大或频繁插删，容器选择要不要变？ - 如何降低扩容或 rehash 成本？	STL
小对象频繁分配怎么优化？	这题在考什么 考察你是否真的做过或认真设计过项目，能不能讲清楚边界、指标、瓶颈和取舍。 先用人话理解 这题可以先抓住一句主线：答： 先用性能工具确认瓶颈，再考虑对象池、内存池、批量分配、复用容器容量、减少临时对象。不要一开始就手写内存池，复杂度和 bug 风险很高。 学习项目题时，不要先报技术名词，先把一次请求或一次数据流从入口到出口讲完。 原理拆开 - 先讲完整请求或数据流，不要只罗列技术名词。 - 再讲你负责的模块、遇到的问题、定位过程和改动效果。 - 指标要具体，无法给真实线上指标时要说清楚压测环境。 下面是这道题需要掌握的核心内容： 答： 先用性能工具确认瓶颈，再考虑对象池、内存池、批量分配、复用容器容量、减少临时对象。不要一开始就手写内存池，复杂度和 bug 风险很高。 代码/伪代码示例 代码见原文 底层原理再往下一层 再往下一层看，项目题最终会问到数据流、状态机、资源释放、压测指标、错误恢复和可观测性。能讲清楚这些，比说用了什么框架更重要。 面试回答版 回答时可以按“三段式”讲： 1. 先给结论，直接回答它是什么或怎么做。 2. 再解释原因，把底层机制或设计动机讲出来。 3. 最后补一个边界，例如什么时候不适用、哪里容易错、工程里怎么验证。 如果只剩 30 秒，可以压缩成：答： 先用性能工具确认瓶颈，再考虑对象池、内存池、批量分配、复用容器容量、减少临时对象。不要一开始就手写内存池，复杂度和 bug 风险很高。 易错点 不要报技术栈。真实项目回答要有流程、边界、指标、问题和取舍。 面试官可能继续追问 - 压测怎么做？ - 线上出问题怎么定位？ - 你负责的边界是什么？	项目
std::thread 析构前为什么要 join 或 detach？	这题在考什么 考察你是否能把共享状态、同步关系、线程生命周期和异常退出讲清楚。 先用人话理解 这题可以先抓住一句主线：答： 可 join 的 std::thread 对象析构会调用 std::terminate。因此线程对象离开作用域前必须明确 join() 等待结束，或 detach() 放弃管理。工程中更推荐 RAII 封装或 C++20 std::jthread。 学习并发题时，可以先找共享变量，再问这几个变量是否可能被两个线程同时读写。 原理拆开 - 先找共享状态：哪些数据会被多个线程同时访问。 - 再找同步手段：锁、条件变量、原子、队列、线程封闭。 - 最后说退出和异常：线程怎么停、任务失败怎么办、资源谁释放。 下面是这道题需要掌握的核心内容： 答： 可 join 的 std::thread 对象析构会调用 std::terminate。因此线程对象离开作用域前必须明确 join() 等待结束，或 detach() 放弃管理。工程中更推荐 RAII 封装或 C++20 std::jthread。 代码/伪代码示例 代码见原文 底层原理再往下一层 再往下一层看，并发问题最终会落到 CPU 缓存一致性、内存可见性、阻塞/唤醒、调度和锁竞争。代码写对优先于追求无锁，除非你能验证性能瓶颈。 面试回答版 回答时可以按“三段式”讲： 1. 先给结论，直接回答它是什么或怎么做。 2. 再解释原因，把底层机制或设计动机讲出来。 3. 最后补一个边界，例如什么时候不适用、哪里容易错、工程里怎么验证。 如果只剩 30 秒，可以压缩成：答： 可 join 的 std::thread 对象析构会调用 std::terminate。因此线程对象离开作用域前必须明确 join() 等待结束，或 detach() 放弃管理。工程中更推荐 RAII 封装或 C++20 std::jthread。 易错点 不要只说加锁。面试官通常会继续问虚假唤醒、死锁、退出条件、异常和性能。 面试官可能继续追问 - 如果多个线程同时进来会怎样？ - 如何优雅退出？ - 锁粒度和性能瓶颈在哪里？	并发
std::jthread 相比 thread 有什么改进？	这题在考什么 考察你是否能把共享状态、同步关系、线程生命周期和异常退出讲清楚。 先用人话理解 这题可以先抓住一句主线：答： jthread 析构时会自动请求停止并 join，减少忘记 join 的风险。它还配合 stop_token 提供协作式停止机制。 学习并发题时，可以先找共享变量，再问这几个变量是否可能被两个线程同时读写。 原理拆开 - 先找共享状态：哪些数据会被多个线程同时访问。 - 再找同步手段：锁、条件变量、原子、队列、线程封闭。 - 最后说退出和异常：线程怎么停、任务失败怎么办、资源谁释放。 下面是这道题需要掌握的核心内容： 答： jthread 析构时会自动请求停止并 join，减少忘记 join 的风险。它还配合 stop_token 提供协作式停止机制。 代码/伪代码示例 代码见原文 底层原理再往下一层 再往下一层看，并发问题最终会落到 CPU 缓存一致性、内存可见性、阻塞/唤醒、调度和锁竞争。代码写对优先于追求无锁，除非你能验证性能瓶颈。 面试回答版 回答时可以按“三段式”讲： 1. 先给结论，直接回答它是什么或怎么做。 2. 再解释原因，把底层机制或设计动机讲出来。 3. 最后补一个边界，例如什么时候不适用、哪里容易错、工程里怎么验证。 如果只剩 30 秒，可以压缩成：答： jthread 析构时会自动请求停止并 join，减少忘记 join 的风险。它还配合 stop_token 提供协作式停止机制。 易错点 不要只说加锁。面试官通常会继续问虚假唤醒、死锁、退出条件、异常和性能。 面试官可能继续追问 - 如果多个线程同时进来会怎样？ - 如何优雅退出？ - 锁粒度和性能瓶颈在哪里？	并发
join 和 detach 区别？	这题在考什么 考察你是否能把共享状态、同步关系、线程生命周期和异常退出讲清楚。 先用人话理解 这题可以先抓住一句主线：答： join 等待线程执行结束，并回收线程资源；detach 让线程在后台独立运行，之后不能再通过该 thread 对象管理。detach 容易造成生命周期不可控，除非非常明确，否则不建议滥用。 学习并发题时，可以先找共享变量，再问这几个变量是否可能被两个线程同时读写。 原理拆开 - 先找共享状态：哪些数据会被多个线程同时访问。 - 再找同步手段：锁、条件变量、原子、队列、线程封闭。 - 最后说退出和异常：线程怎么停、任务失败怎么办、资源谁释放。 下面是这道题需要掌握的核心内容： 答： join 等待线程执行结束，并回收线程资源；detach 让线程在后台独立运行，之后不能再通过该 thread 对象管理。detach 容易造成生命周期不可控，除非非常明确，否则不建议滥用。 代码/伪代码示例 代码见原文 底层原理再往下一层 再往下一层看，并发问题最终会落到 CPU 缓存一致性、内存可见性、阻塞/唤醒、调度和锁竞争。代码写对优先于追求无锁，除非你能验证性能瓶颈。 面试回答版 回答时可以按“三段式”讲： 1. 先给结论，直接回答它是什么或怎么做。 2. 再解释原因，把底层机制或设计动机讲出来。 3. 最后补一个边界，例如什么时候不适用、哪里容易错、工程里怎么验证。 如果只剩 30 秒，可以压缩成：答： join 等待线程执行结束，并回收线程资源；detach 让线程在后台独立运行，之后不能再通过该 thread 对象管理。detach 容易造成生命周期不可控，除非非常明确，否则不建议滥用。 易错点 不要只说加锁。面试官通常会继续问虚假唤醒、死锁、退出条件、异常和性能。 面试官可能继续追问 - 如果多个线程同时进来会怎样？ - 如何优雅退出？ - 锁粒度和性能瓶颈在哪里？	并发
std::async 默认一定开新线程吗？	这题在考什么 考察你是否能把共享状态、同步关系、线程生命周期和异常退出讲清楚。 先用人话理解 这题可以先抓住一句主线：答： 不一定。默认策略可能异步执行，也可能延迟到 future.get() 时同步执行。若要求开异步任务，应传 std::launch::async。 学习并发题时，可以先找共享变量，再问这几个变量是否可能被两个线程同时读写。 原理拆开 - 先找共享状态：哪些数据会被多个线程同时访问。 - 再找同步手段：锁、条件变量、原子、队列、线程封闭。 - 最后说退出和异常：线程怎么停、任务失败怎么办、资源谁释放。 下面是这道题需要掌握的核心内容： 答： 不一定。默认策略可能异步执行，也可能延迟到 future.get() 时同步执行。若要求开异步任务，应传 std::launch::async。 代码/伪代码示例 代码见原文 底层原理再往下一层 再往下一层看，并发问题最终会落到 CPU 缓存一致性、内存可见性、阻塞/唤醒、调度和锁竞争。代码写对优先于追求无锁，除非你能验证性能瓶颈。 面试回答版 回答时可以按“三段式”讲： 1. 先给结论，直接回答它是什么或怎么做。 2. 再解释原因，把底层机制或设计动机讲出来。 3. 最后补一个边界，例如什么时候不适用、哪里容易错、工程里怎么验证。 如果只剩 30 秒，可以压缩成：答： 不一定。默认策略可能异步执行，也可能延迟到 future.get() 时同步执行。若要求开异步任务，应传 std::launch::async。 易错点 不要只说加锁。面试官通常会继续问虚假唤醒、死锁、退出条件、异常和性能。 面试官可能继续追问 - 如果多个线程同时进来会怎样？ - 如何优雅退出？ - 锁粒度和性能瓶颈在哪里？	并发
future 和 promise 怎么配合？	这题在考什么 考察你是否能把共享状态、同步关系、线程生命周期和异常退出讲清楚。 先用人话理解 这题可以先抓住一句主线：答： promise 用于生产结果，future 用于消费结果。一个线程通过 promise.set_value() 或 set_exception() 设置结果，另一个线程通过 future.get() 等待并获取。 学习并发题时，可以先找共享变量，再问这几个变量是否可能被两个线程同时读写。 原理拆开 - 先找共享状态：哪些数据会被多个线程同时访问。 - 再找同步手段：锁、条件变量、原子、队列、线程封闭。 - 最后说退出和异常：线程怎么停、任务失败怎么办、资源谁释放。 下面是这道题需要掌握的核心内容： 答： promise 用于生产结果，future 用于消费结果。一个线程通过 promise.set_value() 或 set_exception() 设置结果，另一个线程通过 future.get() 等待并获取。 代码/伪代码示例 代码见原文 底层原理再往下一层 再往下一层看，并发问题最终会落到 CPU 缓存一致性、内存可见性、阻塞/唤醒、调度和锁竞争。代码写对优先于追求无锁，除非你能验证性能瓶颈。 面试回答版 回答时可以按“三段式”讲： 1. 先给结论，直接回答它是什么或怎么做。 2. 再解释原因，把底层机制或设计动机讲出来。 3. 最后补一个边界，例如什么时候不适用、哪里容易错、工程里怎么验证。 如果只剩 30 秒，可以压缩成：答： promise 用于生产结果，future 用于消费结果。一个线程通过 promise.set_value() 或 set_exception() 设置结果，另一个线程通过 future.get() 等待并获取。 易错点 不要只说加锁。面试官通常会继续问虚假唤醒、死锁、退出条件、异常和性能。 面试官可能继续追问 - 如果多个线程同时进来会怎样？ - 如何优雅退出？ - 锁粒度和性能瓶颈在哪里？	并发
packaged_task 是什么？	这题在考什么 考察你是否能把共享状态、同步关系、线程生命周期和异常退出讲清楚。 先用人话理解 这题可以先抓住一句主线：答： 它把可调用对象包装成能产生 future 的任务。线程池常用它把任意函数封装成统一任务，并把返回值或异常传回提交者。 学习并发题时，可以先找共享变量，再问这几个变量是否可能被两个线程同时读写。 原理拆开 - 先找共享状态：哪些数据会被多个线程同时访问。 - 再找同步手段：锁、条件变量、原子、队列、线程封闭。 - 最后说退出和异常：线程怎么停、任务失败怎么办、资源谁释放。 下面是这道题需要掌握的核心内容： 答： 它把可调用对象包装成能产生 future 的任务。线程池常用它把任意函数封装成统一任务，并把返回值或异常传回提交者。 代码/伪代码示例 代码见原文 底层原理再往下一层 再往下一层看，并发问题最终会落到 CPU 缓存一致性、内存可见性、阻塞/唤醒、调度和锁竞争。代码写对优先于追求无锁，除非你能验证性能瓶颈。 面试回答版 回答时可以按“三段式”讲： 1. 先给结论，直接回答它是什么或怎么做。 2. 再解释原因，把底层机制或设计动机讲出来。 3. 最后补一个边界，例如什么时候不适用、哪里容易错、工程里怎么验证。 如果只剩 30 秒，可以压缩成：答： 它把可调用对象包装成能产生 future 的任务。线程池常用它把任意函数封装成统一任务，并把返回值或异常传回提交者。 易错点 不要只说加锁。面试官通常会继续问虚假唤醒、死锁、退出条件、异常和性能。 面试官可能继续追问 - 如果多个线程同时进来会怎样？ - 如何优雅退出？ - 锁粒度和性能瓶颈在哪里？	并发
lock_guard 和 unique_lock 区别？	这题在考什么 考察你是否能把共享状态、同步关系、线程生命周期和异常退出讲清楚。 先用人话理解 这题可以先抓住一句主线：答： lock_guard 轻量，构造加锁析构解锁，不支持手动解锁和延迟锁；unique_lock 更灵活，支持延迟加锁、手动 unlock、移动、配合条件变量等待。简单临界区用 lock_guard，条件变量用 unique_lock。 学习并发题时，可以先找共享变量，再问这几个变量是否可能被两个线程同时读写。 原理拆开 - 先找共享状态：哪些数据会被多个线程同时访问。 - 再找同步手段：锁、条件变量、原子、队列、线程封闭。 - 最后说退出和异常：线程怎么停、任务失败怎么办、资源谁释放。 下面是这道题需要掌握的核心内容： 答： lock_guard 轻量，构造加锁析构解锁，不支持手动解锁和延迟锁；unique_lock 更灵活，支持延迟加锁、手动 unlock、移动、配合条件变量等待。简单临界区用 lock_guard，条件变量用 unique_lock。 代码/伪代码示例 代码见原文 底层原理再往下一层 再往下一层看，并发问题最终会落到 CPU 缓存一致性、内存可见性、阻塞/唤醒、调度和锁竞争。代码写对优先于追求无锁，除非你能验证性能瓶颈。 面试回答版 回答时可以按“三段式”讲： 1. 先给结论，直接回答它是什么或怎么做。 2. 再解释原因，把底层机制或设计动机讲出来。 3. 最后补一个边界，例如什么时候不适用、哪里容易错、工程里怎么验证。 如果只剩 30 秒，可以压缩成：答： lock_guard 轻量，构造加锁析构解锁，不支持手动解锁和延迟锁；unique_lock 更灵活，支持延迟加锁、手动 unlock、移动、配合条件变量等待。简单临界区用 lock_guard，条件变量用 unique_lock。 易错点 不要只说加锁。面试官通常会继续问虚假唤醒、死锁、退出条件、异常和性能。 面试官可能继续追问 - 如果多个线程同时进来会怎样？ - 如何优雅退出？ - 锁粒度和性能瓶颈在哪里？	并发
scoped_lock 有什么用？	这题在考什么 考察你是否能把共享状态、同步关系、线程生命周期和异常退出讲清楚。 先用人话理解 这题可以先抓住一句主线：答： scoped_lock 可一次锁多把 mutex，并使用避免死锁的加锁算法。需要同时保护多个资源时，比手动按顺序 lock 更安全。 学习并发题时，可以先找共享变量，再问这几个变量是否可能被两个线程同时读写。 原理拆开 - 先找共享状态：哪些数据会被多个线程同时访问。 - 再找同步手段：锁、条件变量、原子、队列、线程封闭。 - 最后说退出和异常：线程怎么停、任务失败怎么办、资源谁释放。 下面是这道题需要掌握的核心内容： 答： scoped_lock 可一次锁多把 mutex，并使用避免死锁的加锁算法。需要同时保护多个资源时，比手动按顺序 lock 更安全。 代码/伪代码示例 代码见原文 底层原理再往下一层 再往下一层看，并发问题最终会落到 CPU 缓存一致性、内存可见性、阻塞/唤醒、调度和锁竞争。代码写对优先于追求无锁，除非你能验证性能瓶颈。 面试回答版 回答时可以按“三段式”讲： 1. 先给结论，直接回答它是什么或怎么做。 2. 再解释原因，把底层机制或设计动机讲出来。 3. 最后补一个边界，例如什么时候不适用、哪里容易错、工程里怎么验证。 如果只剩 30 秒，可以压缩成：答： scoped_lock 可一次锁多把 mutex，并使用避免死锁的加锁算法。需要同时保护多个资源时，比手动按顺序 lock 更安全。 易错点 不要只说加锁。面试官通常会继续问虚假唤醒、死锁、退出条件、异常和性能。 面试官可能继续追问 - 如果多个线程同时进来会怎样？ - 如何优雅退出？ - 锁粒度和性能瓶颈在哪里？	并发
递归锁 recursive_mutex 为什么少用？	这题在考什么 考察你是否能把共享状态、同步关系、线程生命周期和异常退出讲清楚。 先用人话理解 这题可以先抓住一句主线：答： 它允许同一线程重复加锁，但容易掩盖锁设计不清晰的问题，也可能让临界区边界变复杂。多数情况下应重构调用关系，避免需要递归锁。 学习并发题时，可以先找共享变量，再问这几个变量是否可能被两个线程同时读写。 原理拆开 - 先找共享状态：哪些数据会被多个线程同时访问。 - 再找同步手段：锁、条件变量、原子、队列、线程封闭。 - 最后说退出和异常：线程怎么停、任务失败怎么办、资源谁释放。 下面是这道题需要掌握的核心内容： 答： 它允许同一线程重复加锁，但容易掩盖锁设计不清晰的问题，也可能让临界区边界变复杂。多数情况下应重构调用关系，避免需要递归锁。 代码/伪代码示例 代码见原文 底层原理再往下一层 再往下一层看，并发问题最终会落到 CPU 缓存一致性、内存可见性、阻塞/唤醒、调度和锁竞争。代码写对优先于追求无锁，除非你能验证性能瓶颈。 面试回答版 回答时可以按“三段式”讲： 1. 先给结论，直接回答它是什么或怎么做。 2. 再解释原因，把底层机制或设计动机讲出来。 3. 最后补一个边界，例如什么时候不适用、哪里容易错、工程里怎么验证。 如果只剩 30 秒，可以压缩成：答： 它允许同一线程重复加锁，但容易掩盖锁设计不清晰的问题，也可能让临界区边界变复杂。多数情况下应重构调用关系，避免需要递归锁。 易错点 不要只说加锁。面试官通常会继续问虚假唤醒、死锁、退出条件、异常和性能。 面试官可能继续追问 - 如果多个线程同时进来会怎样？ - 如何优雅退出？ - 锁粒度和性能瓶颈在哪里？	并发
条件变量通知在解锁前还是解锁后？	这题在考什么 考察你是否能把共享状态、同步关系、线程生命周期和异常退出讲清楚。 先用人话理解 这题可以先抓住一句主线：答： 两种都能正确，但常见做法是修改共享状态后释放锁，再通知，减少被唤醒线程立刻阻塞在同一把锁上的机会。关键是状态修改必须在锁保护下完成，等待方必须用 predicate 检查条件。 条件变量被唤醒不等于条件满足，所以醒来必须重新检查条件。 原理拆开 - 先找共享状态：哪些数据会被多个线程同时访问。 - 再找同步手段：锁、条件变量、原子、队列、线程封闭。 - 最后说退出和异常：线程怎么停、任务失败怎么办、资源谁释放。 下面是这道题需要掌握的核心内容： 答： 两种都能正确，但常见做法是修改共享状态后释放锁，再通知，减少被唤醒线程立刻阻塞在同一把锁上的机会。关键是状态修改必须在锁保护下完成，等待方必须用 predicate 检查条件。 代码/伪代码示例 代码见原文 底层原理再往下一层 再往下一层看，并发问题最终会落到 CPU 缓存一致性、内存可见性、阻塞/唤醒、调度和锁竞争。代码写对优先于追求无锁，除非你能验证性能瓶颈。 面试回答版 回答时可以按“三段式”讲： 1. 先给结论，直接回答它是什么或怎么做。 2. 再解释原因，把底层机制或设计动机讲出来。 3. 最后补一个边界，例如什么时候不适用、哪里容易错、工程里怎么验证。 如果只剩 30 秒，可以压缩成：答： 两种都能正确，但常见做法是修改共享状态后释放锁，再通知，减少被唤醒线程立刻阻塞在同一把锁上的机会。关键是状态修改必须在锁保护下完成，等待方必须用 predicate 检查条件。 易错点 不要只说加锁。面试官通常会继续问虚假唤醒、死锁、退出条件、异常和性能。 面试官可能继续追问 - 如果多个线程同时进来会怎样？ - 如何优雅退出？ - 锁粒度和性能瓶颈在哪里？	并发
原子变量 fetch_add 返回什么？	这题在考什么 考察你是否能把共享状态、同步关系、线程生命周期和异常退出讲清楚。 先用人话理解 这题可以先抓住一句主线：答： 默认返回加之前的旧值。若需要新值，要对返回结果再加增量，或使用前置语义的封装。 学习并发题时，可以先找共享变量，再问这几个变量是否可能被两个线程同时读写。 原理拆开 - 先找共享状态：哪些数据会被多个线程同时访问。 - 再找同步手段：锁、条件变量、原子、队列、线程封闭。 - 最后说退出和异常：线程怎么停、任务失败怎么办、资源谁释放。 下面是这道题需要掌握的核心内容： 答： 默认返回加之前的旧值。若需要新值，要对返回结果再加增量，或使用前置语义的封装。 代码/伪代码示例 代码见原文 底层原理再往下一层 再往下一层看，并发问题最终会落到 CPU 缓存一致性、内存可见性、阻塞/唤醒、调度和锁竞争。代码写对优先于追求无锁，除非你能验证性能瓶颈。 面试回答版 回答时可以按“三段式”讲： 1. 先给结论，直接回答它是什么或怎么做。 2. 再解释原因，把底层机制或设计动机讲出来。 3. 最后补一个边界，例如什么时候不适用、哪里容易错、工程里怎么验证。 如果只剩 30 秒，可以压缩成：答： 默认返回加之前的旧值。若需要新值，要对返回结果再加增量，或使用前置语义的封装。 易错点 不要只说加锁。面试官通常会继续问虚假唤醒、死锁、退出条件、异常和性能。 面试官可能继续追问 - 如果多个线程同时进来会怎样？ - 如何优雅退出？ - 锁粒度和性能瓶颈在哪里？	并发
ABA 问题是什么？	这题在考什么 考察你是否能把共享状态、同步关系、线程生命周期和异常退出讲清楚。 先用人话理解 这题可以先抓住一句主线：答： 无锁算法中，一个值从 A 变 B 又变回 A，CAS 只看到还是 A，以为没有变化，但对象语义可能已经变了。解决思路包括版本号、tagged pointer、hazard pointer、epoch 回收等。 学习并发题时，可以先找共享变量，再问这几个变量是否可能被两个线程同时读写。 原理拆开 - 先找共享状态：哪些数据会被多个线程同时访问。 - 再找同步手段：锁、条件变量、原子、队列、线程封闭。 - 最后说退出和异常：线程怎么停、任务失败怎么办、资源谁释放。 下面是这道题需要掌握的核心内容： 答： 无锁算法中，一个值从 A 变 B 又变回 A，CAS 只看到还是 A，以为没有变化，但对象语义可能已经变了。解决思路包括版本号、tagged pointer、hazard pointer、epoch 回收等。 代码/伪代码示例 代码见原文 底层原理再往下一层 再往下一层看，并发问题最终会落到 CPU 缓存一致性、内存可见性、阻塞/唤醒、调度和锁竞争。代码写对优先于追求无锁，除非你能验证性能瓶颈。 面试回答版 回答时可以按“三段式”讲： 1. 先给结论，直接回答它是什么或怎么做。 2. 再解释原因，把底层机制或设计动机讲出来。 3. 最后补一个边界，例如什么时候不适用、哪里容易错、工程里怎么验证。 如果只剩 30 秒，可以压缩成：答： 无锁算法中，一个值从 A 变 B 又变回 A，CAS 只看到还是 A，以为没有变化，但对象语义可能已经变了。解决思路包括版本号、tagged pointer、hazard pointer、epoch 回收等。 易错点 不要只说加锁。面试官通常会继续问虚假唤醒、死锁、退出条件、异常和性能。 面试官可能继续追问 - 如果多个线程同时进来会怎样？ - 如何优雅退出？ - 锁粒度和性能瓶颈在哪里？	并发
false sharing 是什么？	这题在考什么 考察你是否能把共享状态、同步关系、线程生命周期和异常退出讲清楚。 先用人话理解 这题可以先抓住一句主线：答： 多个线程频繁修改不同变量，但这些变量落在同一 cache line，会导致缓存行在核心间反复失效，性能下降。可通过填充、对齐、按线程分片统计等方式缓解。 学习并发题时，可以先找共享变量，再问这几个变量是否可能被两个线程同时读写。 原理拆开 - 先找共享状态：哪些数据会被多个线程同时访问。 - 再找同步手段：锁、条件变量、原子、队列、线程封闭。 - 最后说退出和异常：线程怎么停、任务失败怎么办、资源谁释放。 下面是这道题需要掌握的核心内容： 答： 多个线程频繁修改不同变量，但这些变量落在同一 cache line，会导致缓存行在核心间反复失效，性能下降。可通过填充、对齐、按线程分片统计等方式缓解。 代码/伪代码示例 代码见原文 底层原理再往下一层 再往下一层看，并发问题最终会落到 CPU 缓存一致性、内存可见性、阻塞/唤醒、调度和锁竞争。代码写对优先于追求无锁，除非你能验证性能瓶颈。 面试回答版 回答时可以按“三段式”讲： 1. 先给结论，直接回答它是什么或怎么做。 2. 再解释原因，把底层机制或设计动机讲出来。 3. 最后补一个边界，例如什么时候不适用、哪里容易错、工程里怎么验证。 如果只剩 30 秒，可以压缩成：答： 多个线程频繁修改不同变量，但这些变量落在同一 cache line，会导致缓存行在核心间反复失效，性能下降。可通过填充、对齐、按线程分片统计等方式缓解。 易错点 不要只说加锁。面试官通常会继续问虚假唤醒、死锁、退出条件、异常和性能。 面试官可能继续追问 - 如果多个线程同时进来会怎样？ - 如何优雅退出？ - 锁粒度和性能瓶颈在哪里？	并发
线程局部存储 thread_local 适合什么？	这题在考什么 考察你是否能把共享状态、同步关系、线程生命周期和异常退出讲清楚。 先用人话理解 这题可以先抓住一句主线：答： thread_local 变量每个线程各有一份，适合线程内缓存、随机数引擎、错误上下文等。要注意生命周期是线程级别，在线程池中可能跨任务保留状态。 学习并发题时，可以先找共享变量，再问这几个变量是否可能被两个线程同时读写。 原理拆开 - 先找共享状态：哪些数据会被多个线程同时访问。 - 再找同步手段：锁、条件变量、原子、队列、线程封闭。 - 最后说退出和异常：线程怎么停、任务失败怎么办、资源谁释放。 下面是这道题需要掌握的核心内容： 答： thread_local 变量每个线程各有一份，适合线程内缓存、随机数引擎、错误上下文等。要注意生命周期是线程级别，在线程池中可能跨任务保留状态。 代码/伪代码示例 代码见原文 底层原理再往下一层 再往下一层看，并发问题最终会落到 CPU 缓存一致性、内存可见性、阻塞/唤醒、调度和锁竞争。代码写对优先于追求无锁，除非你能验证性能瓶颈。 面试回答版 回答时可以按“三段式”讲： 1. 先给结论，直接回答它是什么或怎么做。 2. 再解释原因，把底层机制或设计动机讲出来。 3. 最后补一个边界，例如什么时候不适用、哪里容易错、工程里怎么验证。 如果只剩 30 秒，可以压缩成：答： thread_local 变量每个线程各有一份，适合线程内缓存、随机数引擎、错误上下文等。要注意生命周期是线程级别，在线程池中可能跨任务保留状态。 易错点 不要只说加锁。面试官通常会继续问虚假唤醒、死锁、退出条件、异常和性能。 面试官可能继续追问 - 如果多个线程同时进来会怎样？ - 如何优雅退出？ - 锁粒度和性能瓶颈在哪里？	并发
单例的线程安全怎么保证？	这题在考什么 考察你是否能把共享状态、同步关系、线程生命周期和异常退出讲清楚。 先用人话理解 这题可以先抓住一句主线：答： C++11 起函数局部静态变量初始化线程安全，Meyers Singleton 是常见简单方案。如果单例析构顺序敏感或跨动态库，要额外设计生命周期。 学习并发题时，可以先找共享变量，再问这几个变量是否可能被两个线程同时读写。 原理拆开 - 先找共享状态：哪些数据会被多个线程同时访问。 - 再找同步手段：锁、条件变量、原子、队列、线程封闭。 - 最后说退出和异常：线程怎么停、任务失败怎么办、资源谁释放。 下面是这道题需要掌握的核心内容： 答： C++11 起函数局部静态变量初始化线程安全，Meyers Singleton 是常见简单方案。如果单例析构顺序敏感或跨动态库，要额外设计生命周期。 代码/伪代码示例 代码见原文 底层原理再往下一层 再往下一层看，并发问题最终会落到 CPU 缓存一致性、内存可见性、阻塞/唤醒、调度和锁竞争。代码写对优先于追求无锁，除非你能验证性能瓶颈。 面试回答版 回答时可以按“三段式”讲： 1. 先给结论，直接回答它是什么或怎么做。 2. 再解释原因，把底层机制或设计动机讲出来。 3. 最后补一个边界，例如什么时候不适用、哪里容易错、工程里怎么验证。 如果只剩 30 秒，可以压缩成：答： C++11 起函数局部静态变量初始化线程安全，Meyers Singleton 是常见简单方案。如果单例析构顺序敏感或跨动态库，要额外设计生命周期。 易错点 不要只说加锁。面试官通常会继续问虚假唤醒、死锁、退出条件、异常和性能。 面试官可能继续追问 - 如果多个线程同时进来会怎样？ - 如何优雅退出？ - 锁粒度和性能瓶颈在哪里？	并发
读多写少一定用读写锁吗？	这题在考什么 考察你是否能把共享状态、同步关系、线程生命周期和异常退出讲清楚。 先用人话理解 这题可以先抓住一句主线：答： 不一定。读写锁有更高管理成本，读临界区很短或竞争不高时普通 mutex 可能更快。读写锁适合读操作较长、读并发明显、写少的场景，并要关注写者饥饿策略。 学习并发题时，可以先找共享变量，再问这几个变量是否可能被两个线程同时读写。 原理拆开 - 先找共享状态：哪些数据会被多个线程同时访问。 - 再找同步手段：锁、条件变量、原子、队列、线程封闭。 - 最后说退出和异常：线程怎么停、任务失败怎么办、资源谁释放。 下面是这道题需要掌握的核心内容： 答： 不一定。读写锁有更高管理成本，读临界区很短或竞争不高时普通 mutex 可能更快。读写锁适合读操作较长、读并发明显、写少的场景，并要关注写者饥饿策略。 代码/伪代码示例 代码见原文 底层原理再往下一层 再往下一层看，并发问题最终会落到 CPU 缓存一致性、内存可见性、阻塞/唤醒、调度和锁竞争。代码写对优先于追求无锁，除非你能验证性能瓶颈。 面试回答版 回答时可以按“三段式”讲： 1. 先给结论，直接回答它是什么或怎么做。 2. 再解释原因，把底层机制或设计动机讲出来。 3. 最后补一个边界，例如什么时候不适用、哪里容易错、工程里怎么验证。 如果只剩 30 秒，可以压缩成：答： 不一定。读写锁有更高管理成本，读临界区很短或竞争不高时普通 mutex 可能更快。读写锁适合读操作较长、读并发明显、写少的场景，并要关注写者饥饿策略。 易错点 不要只说加锁。面试官通常会继续问虚假唤醒、死锁、退出条件、异常和性能。 面试官可能继续追问 - 如果多个线程同时进来会怎样？ - 如何优雅退出？ - 锁粒度和性能瓶颈在哪里？	并发
无锁一定比加锁快吗？	这题在考什么 考察你是否能把共享状态、同步关系、线程生命周期和异常退出讲清楚。 先用人话理解 这题可以先抓住一句主线：答： 不一定。无锁代码复杂，可能有忙等、ABA、内存回收和 cache 抖动问题。低竞争场景下 mutex 可能更简单也足够快。只有明确性能瓶颈时才值得上无锁。 学习并发题时，可以先找共享变量，再问这几个变量是否可能被两个线程同时读写。 原理拆开 - 先找共享状态：哪些数据会被多个线程同时访问。 - 再找同步手段：锁、条件变量、原子、队列、线程封闭。 - 最后说退出和异常：线程怎么停、任务失败怎么办、资源谁释放。 下面是这道题需要掌握的核心内容： 答： 不一定。无锁代码复杂，可能有忙等、ABA、内存回收和 cache 抖动问题。低竞争场景下 mutex 可能更简单也足够快。只有明确性能瓶颈时才值得上无锁。 代码/伪代码示例 代码见原文 底层原理再往下一层 再往下一层看，并发问题最终会落到 CPU 缓存一致性、内存可见性、阻塞/唤醒、调度和锁竞争。代码写对优先于追求无锁，除非你能验证性能瓶颈。 面试回答版 回答时可以按“三段式”讲： 1. 先给结论，直接回答它是什么或怎么做。 2. 再解释原因，把底层机制或设计动机讲出来。 3. 最后补一个边界，例如什么时候不适用、哪里容易错、工程里怎么验证。 如果只剩 30 秒，可以压缩成：答： 不一定。无锁代码复杂，可能有忙等、ABA、内存回收和 cache 抖动问题。低竞争场景下 mutex 可能更简单也足够快。只有明确性能瓶颈时才值得上无锁。 易错点 不要只说加锁。面试官通常会继续问虚假唤醒、死锁、退出条件、异常和性能。 面试官可能继续追问 - 如果多个线程同时进来会怎样？ - 如何优雅退出？ - 锁粒度和性能瓶颈在哪里？	并发
生产者消费者如何优雅退出？	这题在考什么 考察你是否能把共享状态、同步关系、线程生命周期和异常退出讲清楚。 先用人话理解 这题可以先抓住一句主线：答： 队列里加关闭标志。生产者关闭后 notify_all，消费者等待条件是“队列非空或已关闭”；醒来后如果队列空且已关闭就退出。避免消费者永远阻塞。 学习并发题时，可以先找共享变量，再问这几个变量是否可能被两个线程同时读写。 原理拆开 - 先找共享状态：哪些数据会被多个线程同时访问。 - 再找同步手段：锁、条件变量、原子、队列、线程封闭。 - 最后说退出和异常：线程怎么停、任务失败怎么办、资源谁释放。 下面是这道题需要掌握的核心内容： 答： 队列里加关闭标志。生产者关闭后 notify_all，消费者等待条件是“队列非空或已关闭”；醒来后如果队列空且已关闭就退出。避免消费者永远阻塞。 代码/伪代码示例 代码见原文 底层原理再往下一层 再往下一层看，并发问题最终会落到 CPU 缓存一致性、内存可见性、阻塞/唤醒、调度和锁竞争。代码写对优先于追求无锁，除非你能验证性能瓶颈。 面试回答版 回答时可以按“三段式”讲： 1. 先给结论，直接回答它是什么或怎么做。 2. 再解释原因，把底层机制或设计动机讲出来。 3. 最后补一个边界，例如什么时候不适用、哪里容易错、工程里怎么验证。 如果只剩 30 秒，可以压缩成：答： 队列里加关闭标志。生产者关闭后 notify_all，消费者等待条件是“队列非空或已关闭”；醒来后如果队列空且已关闭就退出。避免消费者永远阻塞。 易错点 不要只说加锁。面试官通常会继续问虚假唤醒、死锁、退出条件、异常和性能。 面试官可能继续追问 - 如果多个线程同时进来会怎样？ - 如何优雅退出？ - 锁粒度和性能瓶颈在哪里？	并发
多线程日志系统怎么设计？	这题在考什么 考察你是否能把共享状态、同步关系、线程生命周期和异常退出讲清楚。 先用人话理解 这题可以先抓住一句主线：答： 常见设计是业务线程把日志写入内存队列，后台线程批量落盘。要考虑队列满策略、刷盘频率、崩溃丢日志、日志级别过滤、时间戳生成成本和文件滚动。 学习并发题时，可以先找共享变量，再问这几个变量是否可能被两个线程同时读写。 原理拆开 - 先找共享状态：哪些数据会被多个线程同时访问。 - 再找同步手段：锁、条件变量、原子、队列、线程封闭。 - 最后说退出和异常：线程怎么停、任务失败怎么办、资源谁释放。 下面是这道题需要掌握的核心内容： 答： 常见设计是业务线程把日志写入内存队列，后台线程批量落盘。要考虑队列满策略、刷盘频率、崩溃丢日志、日志级别过滤、时间戳生成成本和文件滚动。 代码/伪代码示例 代码见原文 底层原理再往下一层 再往下一层看，并发问题最终会落到 CPU 缓存一致性、内存可见性、阻塞/唤醒、调度和锁竞争。代码写对优先于追求无锁，除非你能验证性能瓶颈。 面试回答版 回答时可以按“三段式”讲： 1. 先给结论，直接回答它是什么或怎么做。 2. 再解释原因，把底层机制或设计动机讲出来。 3. 最后补一个边界，例如什么时候不适用、哪里容易错、工程里怎么验证。 如果只剩 30 秒，可以压缩成：答： 常见设计是业务线程把日志写入内存队列，后台线程批量落盘。要考虑队列满策略、刷盘频率、崩溃丢日志、日志级别过滤、时间戳生成成本和文件滚动。 易错点 不要只说加锁。面试官通常会继续问虚假唤醒、死锁、退出条件、异常和性能。 面试官可能继续追问 - 如果多个线程同时进来会怎样？ - 如何优雅退出？ - 锁粒度和性能瓶颈在哪里？	并发
C++ 内存模型中的 happens-before 怎么理解？	这题在考什么 考察你是否能把共享状态、同步关系、线程生命周期和异常退出讲清楚。 先用人话理解 这题可以先抓住一句主线：答： happens-before 描述操作之间的可见性和顺序关系。如果写操作 happens-before 读操作，读方能看到写方之前的效果。mutex unlock-lock、release-acquire 原子操作都能建立同步关系。 学习并发题时，可以先找共享变量，再问这几个变量是否可能被两个线程同时读写。 原理拆开 - 先找共享状态：哪些数据会被多个线程同时访问。 - 再找同步手段：锁、条件变量、原子、队列、线程封闭。 - 最后说退出和异常：线程怎么停、任务失败怎么办、资源谁释放。 下面是这道题需要掌握的核心内容： 答： happens-before 描述操作之间的可见性和顺序关系。如果写操作 happens-before 读操作，读方能看到写方之前的效果。mutex unlock-lock、release-acquire 原子操作都能建立同步关系。 代码/伪代码示例 代码见原文 底层原理再往下一层 再往下一层看，并发问题最终会落到 CPU 缓存一致性、内存可见性、阻塞/唤醒、调度和锁竞争。代码写对优先于追求无锁，除非你能验证性能瓶颈。 面试回答版 回答时可以按“三段式”讲： 1. 先给结论，直接回答它是什么或怎么做。 2. 再解释原因，把底层机制或设计动机讲出来。 3. 最后补一个边界，例如什么时候不适用、哪里容易错、工程里怎么验证。 如果只剩 30 秒，可以压缩成：答： happens-before 描述操作之间的可见性和顺序关系。如果写操作 happens-before 读操作，读方能看到写方之前的效果。mutex unlock-lock、release-acquire 原子操作都能建立同步关系。 易错点 不要只说加锁。面试官通常会继续问虚假唤醒、死锁、退出条件、异常和性能。 面试官可能继续追问 - 如果多个线程同时进来会怎样？ - 如何优雅退出？ - 锁粒度和性能瓶颈在哪里？	并发
进程间通信方式有哪些？	这题在考什么 考察你对进程、内存、文件描述符、系统调用和性能排查的理解。 先用人话理解 这题可以先抓住一句主线：答： 常见 IPC 包括管道、命名管道、消息队列、共享内存、信号量、信号、Unix domain socket、TCP socket、mmap 文件映射等。共享内存最快但需要额外同步；socket 通用性最好。 这类题先抓主线，再补边界；不要一开始把所有分支都铺开。 原理拆开 - 先区分用户态看到的抽象和内核里的真实资源，例如 fd、页表、虚拟内存。 - 再说明为什么这个机制能提升隔离性、性能或可管理性。 - 排查类问题要按指标、工具、现象、根因的顺序讲。 下面是这道题需要掌握的核心内容： 答： 常见 IPC 包括管道、命名管道、消息队列、共享内存、信号量、信号、Unix domain socket、TCP socket、mmap 文件映射等。共享内存最快但需要额外同步；socket 通用性最好。 代码/伪代码示例 代码见原文 底层原理再往下一层 再往下一层看，Linux 把很多东西都抽象成文件描述符、虚拟内存区域和内核对象。理解 fd 表、页表、调度和系统调用边界，很多现象就能解释清楚。 面试回答版 回答时可以按“三段式”讲： 1. 先给结论，直接回答它是什么或怎么做。 2. 再解释原因，把底层机制或设计动机讲出来。 3. 最后补一个边界，例如什么时候不适用、哪里容易错、工程里怎么验证。 如果只剩 30 秒，可以压缩成：答： 常见 IPC 包括管道、命名管道、消息队列、共享内存、信号量、信号、Unix domain socket、TCP socket、mmap 文件映射等。共享内存最快但需要额外同步；socket 通用性最好。 易错点 不要把用户态现象和内核机制混在一起。比如内存增长不一定是泄漏，缺页也不一定是错误。 面试官可能继续追问 - 这个现象用什么命令或工具排查？ - 用户态和内核态各发生了什么？ - 资源限制在哪里配置？	Linux_OS
管道和 socket 区别？	这题在考什么 考察你是否理解协议边界、连接状态、缓冲区、可靠性和服务端处理流程。 先用人话理解 这题可以先抓住一句主线：答： 管道主要用于有亲缘关系或同机进程通信，模型简单；socket 可用于本机或网络通信，支持更复杂协议和双向连接。Unix domain socket 常用于本机高性能进程通信。 学习网络题时，可以先区分传输层保证了什么，应用层还需要自己补什么。 原理拆开 - 先说明协议提供什么、不提供什么，例如 TCP 提供字节流可靠传输，但不提供消息边界。 - 再把状态变化讲清楚，例如握手、挥手、缓冲区可读可写。 - 服务端问题要落到非阻塞 IO、缓冲区、超时、背压和连接生命周期。 下面是这道题需要掌握的核心内容： 答： 管道主要用于有亲缘关系或同机进程通信，模型简单；socket 可用于本机或网络通信，支持更复杂协议和双向连接。Unix domain socket 常用于本机高性能进程通信。 代码/伪代码示例 代码见原文 底层原理再往下一层 再往下一层看，网络代码的关键是内核 socket 缓冲区、状态机、重传、拥塞控制和应用层协议边界。服务端 bug 常常不是协议不会背，而是缓冲区和状态没处理好。 面试回答版 回答时可以按“三段式”讲： 1. 先给结论，直接回答它是什么或怎么做。 2. 再解释原因，把底层机制或设计动机讲出来。 3. 最后补一个边界，例如什么时候不适用、哪里容易错、工程里怎么验证。 如果只剩 30 秒，可以压缩成：答： 管道主要用于有亲缘关系或同机进程通信，模型简单；socket 可用于本机或网络通信，支持更复杂协议和双向连接。Unix domain socket 常用于本机高性能进程通信。 易错点 不要把 TCP 当成消息协议。粘包、半包、超时、CLOSE_WAIT 这类问题都要回到连接和缓冲区。 面试官可能继续追问 - 如果读不完/写不完怎么办？ - 超时、断连、半包如何处理？ - 大量连接时瓶颈在哪里？	网络
僵尸进程是什么？	这题在考什么 考察你对进程、内存、文件描述符、系统调用和性能排查的理解。 先用人话理解 这题可以先抓住一句主线：答： 子进程退出后，父进程没有调用 wait/waitpid 回收退出状态，子进程残留进程表项，称为僵尸进程。解决方法是父进程及时 wait，或处理 SIGCHLD。 这类题先抓主线，再补边界；不要一开始把所有分支都铺开。 原理拆开 - 先区分用户态看到的抽象和内核里的真实资源，例如 fd、页表、虚拟内存。 - 再说明为什么这个机制能提升隔离性、性能或可管理性。 - 排查类问题要按指标、工具、现象、根因的顺序讲。 下面是这道题需要掌握的核心内容： 答： 子进程退出后，父进程没有调用 wait/waitpid 回收退出状态，子进程残留进程表项，称为僵尸进程。解决方法是父进程及时 wait，或处理 SIGCHLD。 代码/伪代码示例 代码见原文 底层原理再往下一层 再往下一层看，Linux 把很多东西都抽象成文件描述符、虚拟内存区域和内核对象。理解 fd 表、页表、调度和系统调用边界，很多现象就能解释清楚。 面试回答版 回答时可以按“三段式”讲： 1. 先给结论，直接回答它是什么或怎么做。 2. 再解释原因，把底层机制或设计动机讲出来。 3. 最后补一个边界，例如什么时候不适用、哪里容易错、工程里怎么验证。 如果只剩 30 秒，可以压缩成：答： 子进程退出后，父进程没有调用 wait/waitpid 回收退出状态，子进程残留进程表项，称为僵尸进程。解决方法是父进程及时 wait，或处理 SIGCHLD。 易错点 不要把用户态现象和内核机制混在一起。比如内存增长不一定是泄漏，缺页也不一定是错误。 面试官可能继续追问 - 这个现象用什么命令或工具排查？ - 用户态和内核态各发生了什么？ - 资源限制在哪里配置？	Linux_OS
孤儿进程是什么？	这题在考什么 考察你对进程、内存、文件描述符、系统调用和性能排查的理解。 先用人话理解 这题可以先抓住一句主线：答： 父进程先退出，子进程还在运行，子进程会被 init/systemd 等进程接管。孤儿进程本身不是错误，关键看它是否符合预期生命周期。 这类题先抓主线，再补边界；不要一开始把所有分支都铺开。 原理拆开 - 先区分用户态看到的抽象和内核里的真实资源，例如 fd、页表、虚拟内存。 - 再说明为什么这个机制能提升隔离性、性能或可管理性。 - 排查类问题要按指标、工具、现象、根因的顺序讲。 下面是这道题需要掌握的核心内容： 答： 父进程先退出，子进程还在运行，子进程会被 init/systemd 等进程接管。孤儿进程本身不是错误，关键看它是否符合预期生命周期。 代码/伪代码示例 代码见原文 底层原理再往下一层 再往下一层看，Linux 把很多东西都抽象成文件描述符、虚拟内存区域和内核对象。理解 fd 表、页表、调度和系统调用边界，很多现象就能解释清楚。 面试回答版 回答时可以按“三段式”讲： 1. 先给结论，直接回答它是什么或怎么做。 2. 再解释原因，把底层机制或设计动机讲出来。 3. 最后补一个边界，例如什么时候不适用、哪里容易错、工程里怎么验证。 如果只剩 30 秒，可以压缩成：答： 父进程先退出，子进程还在运行，子进程会被 init/systemd 等进程接管。孤儿进程本身不是错误，关键看它是否符合预期生命周期。 易错点 不要把用户态现象和内核机制混在一起。比如内存增长不一定是泄漏，缺页也不一定是错误。 面试官可能继续追问 - 这个现象用什么命令或工具排查？ - 用户态和内核态各发生了什么？ - 资源限制在哪里配置？	Linux_OS
守护进程怎么创建？	这题在考什么 考察你对进程、内存、文件描述符、系统调用和性能排查的理解。 先用人话理解 这题可以先抓住一句主线：答： 传统做法包括 fork 让父进程退出、setsid 创建新会话、改变工作目录、重设 umask、关闭或重定向标准 fd。现代 Linux 服务更多交给 systemd 管理。 这类题先抓主线，再补边界；不要一开始把所有分支都铺开。 原理拆开 - 先区分用户态看到的抽象和内核里的真实资源，例如 fd、页表、虚拟内存。 - 再说明为什么这个机制能提升隔离性、性能或可管理性。 - 排查类问题要按指标、工具、现象、根因的顺序讲。 下面是这道题需要掌握的核心内容： 答： 传统做法包括 fork 让父进程退出、setsid 创建新会话、改变工作目录、重设 umask、关闭或重定向标准 fd。现代 Linux 服务更多交给 systemd 管理。 代码/伪代码示例 代码见原文 底层原理再往下一层 再往下一层看，Linux 把很多东西都抽象成文件描述符、虚拟内存区域和内核对象。理解 fd 表、页表、调度和系统调用边界，很多现象就能解释清楚。 面试回答版 回答时可以按“三段式”讲： 1. 先给结论，直接回答它是什么或怎么做。 2. 再解释原因，把底层机制或设计动机讲出来。 3. 最后补一个边界，例如什么时候不适用、哪里容易错、工程里怎么验证。 如果只剩 30 秒，可以压缩成：答： 传统做法包括 fork 让父进程退出、setsid 创建新会话、改变工作目录、重设 umask、关闭或重定向标准 fd。现代 Linux 服务更多交给 systemd 管理。 易错点 不要把用户态现象和内核机制混在一起。比如内存增长不一定是泄漏，缺页也不一定是错误。 面试官可能继续追问 - 这个现象用什么命令或工具排查？ - 用户态和内核态各发生了什么？ - 资源限制在哪里配置？	Linux_OS
页面置换算法有哪些？	这题在考什么 考察你对进程、内存、文件描述符、系统调用和性能排查的理解。 先用人话理解 这题可以先抓住一句主线：答： 理论最优 OPT 不可实现；常见有 FIFO、LRU、Clock、改进 Clock 等。操作系统实际策略会结合访问位、脏页、工作集和回收成本。 这类题先抓主线，再补边界；不要一开始把所有分支都铺开。 原理拆开 - 先区分用户态看到的抽象和内核里的真实资源，例如 fd、页表、虚拟内存。 - 再说明为什么这个机制能提升隔离性、性能或可管理性。 - 排查类问题要按指标、工具、现象、根因的顺序讲。 下面是这道题需要掌握的核心内容： 答： 理论最优 OPT 不可实现；常见有 FIFO、LRU、Clock、改进 Clock 等。操作系统实际策略会结合访问位、脏页、工作集和回收成本。 代码/伪代码示例 代码见原文 底层原理再往下一层 再往下一层看，Linux 把很多东西都抽象成文件描述符、虚拟内存区域和内核对象。理解 fd 表、页表、调度和系统调用边界，很多现象就能解释清楚。 面试回答版 回答时可以按“三段式”讲： 1. 先给结论，直接回答它是什么或怎么做。 2. 再解释原因，把底层机制或设计动机讲出来。 3. 最后补一个边界，例如什么时候不适用、哪里容易错、工程里怎么验证。 如果只剩 30 秒，可以压缩成：答： 理论最优 OPT 不可实现；常见有 FIFO、LRU、Clock、改进 Clock 等。操作系统实际策略会结合访问位、脏页、工作集和回收成本。 易错点 不要把用户态现象和内核机制混在一起。比如内存增长不一定是泄漏，缺页也不一定是错误。 面试官可能继续追问 - 这个现象用什么命令或工具排查？ - 用户态和内核态各发生了什么？ - 资源限制在哪里配置？	Linux_OS
缺页异常一定是错误吗？	这题在考什么 考察你对进程、内存、文件描述符、系统调用和性能排查的理解。 先用人话理解 这题可以先抓住一句主线：答： 不一定。缺页异常可能是按需分配、文件映射页加载、写时复制等正常机制；非法地址访问才会导致段错误。性能排查中 major page fault 多可能说明磁盘 IO 压力。 这类题先抓主线，再补边界；不要一开始把所有分支都铺开。 原理拆开 - 先区分用户态看到的抽象和内核里的真实资源，例如 fd、页表、虚拟内存。 - 再说明为什么这个机制能提升隔离性、性能或可管理性。 - 排查类问题要按指标、工具、现象、根因的顺序讲。 下面是这道题需要掌握的核心内容： 答： 不一定。缺页异常可能是按需分配、文件映射页加载、写时复制等正常机制；非法地址访问才会导致段错误。性能排查中 major page fault 多可能说明磁盘 IO 压力。 代码/伪代码示例 代码见原文 底层原理再往下一层 再往下一层看，Linux 把很多东西都抽象成文件描述符、虚拟内存区域和内核对象。理解 fd 表、页表、调度和系统调用边界，很多现象就能解释清楚。 面试回答版 回答时可以按“三段式”讲： 1. 先给结论，直接回答它是什么或怎么做。 2. 再解释原因，把底层机制或设计动机讲出来。 3. 最后补一个边界，例如什么时候不适用、哪里容易错、工程里怎么验证。 如果只剩 30 秒，可以压缩成：答： 不一定。缺页异常可能是按需分配、文件映射页加载、写时复制等正常机制；非法地址访问才会导致段错误。性能排查中 major page fault 多可能说明磁盘 IO 压力。 易错点 不要把用户态现象和内核机制混在一起。比如内存增长不一定是泄漏，缺页也不一定是错误。 面试官可能继续追问 - 这个现象用什么命令或工具排查？ - 用户态和内核态各发生了什么？ - 资源限制在哪里配置？	Linux_OS
文件描述符和打开文件描述有什么区别？	这题在考什么 考察你对进程、内存、文件描述符、系统调用和性能排查的理解。 先用人话理解 这题可以先抓住一句主线：答： fd 是进程内的整数索引；内核中打开文件描述保存文件状态，如偏移、访问模式等。fork 后父子进程 fd 表复制，但可能指向同一个打开文件描述，因此共享文件偏移。 这类题先抓主线，再补边界；不要一开始把所有分支都铺开。 原理拆开 - 先区分用户态看到的抽象和内核里的真实资源，例如 fd、页表、虚拟内存。 - 再说明为什么这个机制能提升隔离性、性能或可管理性。 - 排查类问题要按指标、工具、现象、根因的顺序讲。 下面是这道题需要掌握的核心内容： 答： fd 是进程内的整数索引；内核中打开文件描述保存文件状态，如偏移、访问模式等。fork 后父子进程 fd 表复制，但可能指向同一个打开文件描述，因此共享文件偏移。 代码/伪代码示例 代码见原文 底层原理再往下一层 再往下一层看，Linux 把很多东西都抽象成文件描述符、虚拟内存区域和内核对象。理解 fd 表、页表、调度和系统调用边界，很多现象就能解释清楚。 面试回答版 回答时可以按“三段式”讲： 1. 先给结论，直接回答它是什么或怎么做。 2. 再解释原因，把底层机制或设计动机讲出来。 3. 最后补一个边界，例如什么时候不适用、哪里容易错、工程里怎么验证。 如果只剩 30 秒，可以压缩成：答： fd 是进程内的整数索引；内核中打开文件描述保存文件状态，如偏移、访问模式等。fork 后父子进程 fd 表复制，但可能指向同一个打开文件描述，因此共享文件偏移。 易错点 不要把用户态现象和内核机制混在一起。比如内存增长不一定是泄漏，缺页也不一定是错误。 面试官可能继续追问 - 这个现象用什么命令或工具排查？ - 用户态和内核态各发生了什么？ - 资源限制在哪里配置？	Linux_OS
dup 和 dup2 有什么用？	这题在考什么 考察你对进程、内存、文件描述符、系统调用和性能排查的理解。 先用人话理解 这题可以先抓住一句主线：答： 它们复制文件描述符，让多个 fd 指向同一打开文件描述。常用于重定向标准输入输出，例如 shell 把 stdout 重定向到文件。 这类题先抓主线，再补边界；不要一开始把所有分支都铺开。 原理拆开 - 先区分用户态看到的抽象和内核里的真实资源，例如 fd、页表、虚拟内存。 - 再说明为什么这个机制能提升隔离性、性能或可管理性。 - 排查类问题要按指标、工具、现象、根因的顺序讲。 下面是这道题需要掌握的核心内容： 答： 它们复制文件描述符，让多个 fd 指向同一打开文件描述。常用于重定向标准输入输出，例如 shell 把 stdout 重定向到文件。 代码/伪代码示例 代码见原文 底层原理再往下一层 再往下一层看，Linux 把很多东西都抽象成文件描述符、虚拟内存区域和内核对象。理解 fd 表、页表、调度和系统调用边界，很多现象就能解释清楚。 面试回答版 回答时可以按“三段式”讲： 1. 先给结论，直接回答它是什么或怎么做。 2. 再解释原因，把底层机制或设计动机讲出来。 3. 最后补一个边界，例如什么时候不适用、哪里容易错、工程里怎么验证。 如果只剩 30 秒，可以压缩成：答： 它们复制文件描述符，让多个 fd 指向同一打开文件描述。常用于重定向标准输入输出，例如 shell 把 stdout 重定向到文件。 易错点 不要把用户态现象和内核机制混在一起。比如内存增长不一定是泄漏，缺页也不一定是错误。 面试官可能继续追问 - 这个现象用什么命令或工具排查？ - 用户态和内核态各发生了什么？ - 资源限制在哪里配置？	Linux_OS
零拷贝是什么？	这题在考什么 考察你对进程、内存、文件描述符、系统调用和性能排查的理解。 先用人话理解 这题可以先抓住一句主线：答： 零拷贝是减少用户态和内核态之间数据复制的技术统称，例如 sendfile、mmap、splice。它不一定完全没有拷贝，重点是减少 CPU 拷贝和上下文切换。 这类题先抓主线，再补边界；不要一开始把所有分支都铺开。 原理拆开 - 先区分用户态看到的抽象和内核里的真实资源，例如 fd、页表、虚拟内存。 - 再说明为什么这个机制能提升隔离性、性能或可管理性。 - 排查类问题要按指标、工具、现象、根因的顺序讲。 下面是这道题需要掌握的核心内容： 答： 零拷贝是减少用户态和内核态之间数据复制的技术统称，例如 sendfile、mmap、splice。它不一定完全没有拷贝，重点是减少 CPU 拷贝和上下文切换。 代码/伪代码示例 代码见原文 底层原理再往下一层 再往下一层看，Linux 把很多东西都抽象成文件描述符、虚拟内存区域和内核对象。理解 fd 表、页表、调度和系统调用边界，很多现象就能解释清楚。 面试回答版 回答时可以按“三段式”讲： 1. 先给结论，直接回答它是什么或怎么做。 2. 再解释原因，把底层机制或设计动机讲出来。 3. 最后补一个边界，例如什么时候不适用、哪里容易错、工程里怎么验证。 如果只剩 30 秒，可以压缩成：答： 零拷贝是减少用户态和内核态之间数据复制的技术统称，例如 sendfile、mmap、splice。它不一定完全没有拷贝，重点是减少 CPU 拷贝和上下文切换。 易错点 不要把用户态现象和内核机制混在一起。比如内存增长不一定是泄漏，缺页也不一定是错误。 面试官可能继续追问 - 这个现象用什么命令或工具排查？ - 用户态和内核态各发生了什么？ - 资源限制在哪里配置？	Linux_OS
sendfile 适合什么场景？	这题在考什么 考察你对进程、内存、文件描述符、系统调用和性能排查的理解。 先用人话理解 这题可以先抓住一句主线：答： 适合把文件内容直接发送到 socket，例如静态文件服务器。它避免把文件数据先读到用户态再写回内核，提高吞吐。 这类题先抓主线，再补边界；不要一开始把所有分支都铺开。 原理拆开 - 先区分用户态看到的抽象和内核里的真实资源，例如 fd、页表、虚拟内存。 - 再说明为什么这个机制能提升隔离性、性能或可管理性。 - 排查类问题要按指标、工具、现象、根因的顺序讲。 下面是这道题需要掌握的核心内容： 答： 适合把文件内容直接发送到 socket，例如静态文件服务器。它避免把文件数据先读到用户态再写回内核，提高吞吐。 代码/伪代码示例 代码见原文 底层原理再往下一层 再往下一层看，Linux 把很多东西都抽象成文件描述符、虚拟内存区域和内核对象。理解 fd 表、页表、调度和系统调用边界，很多现象就能解释清楚。 面试回答版 回答时可以按“三段式”讲： 1. 先给结论，直接回答它是什么或怎么做。 2. 再解释原因，把底层机制或设计动机讲出来。 3. 最后补一个边界，例如什么时候不适用、哪里容易错、工程里怎么验证。 如果只剩 30 秒，可以压缩成：答： 适合把文件内容直接发送到 socket，例如静态文件服务器。它避免把文件数据先读到用户态再写回内核，提高吞吐。 易错点 不要把用户态现象和内核机制混在一起。比如内存增长不一定是泄漏，缺页也不一定是错误。 面试官可能继续追问 - 这个现象用什么命令或工具排查？ - 用户态和内核态各发生了什么？ - 资源限制在哪里配置？	Linux_OS
select 的 fd 限制来自哪里？	这题在考什么 考察你对进程、内存、文件描述符、系统调用和性能排查的理解。 先用人话理解 这题可以先抓住一句主线：答： 常见限制来自 fd_set 的固定大小 FD_SETSIZE，并且 select 每次都要拷贝和扫描集合。虽然某些系统可调整，但工程上大量连接更倾向用 epoll/kqueue/io_uring 等。 这类题先抓主线，再补边界；不要一开始把所有分支都铺开。 原理拆开 - 先区分用户态看到的抽象和内核里的真实资源，例如 fd、页表、虚拟内存。 - 再说明为什么这个机制能提升隔离性、性能或可管理性。 - 排查类问题要按指标、工具、现象、根因的顺序讲。 下面是这道题需要掌握的核心内容： 答： 常见限制来自 fd_set 的固定大小 FD_SETSIZE，并且 select 每次都要拷贝和扫描集合。虽然某些系统可调整，但工程上大量连接更倾向用 epoll/kqueue/io_uring 等。 代码/伪代码示例 代码见原文 底层原理再往下一层 再往下一层看，Linux 把很多东西都抽象成文件描述符、虚拟内存区域和内核对象。理解 fd 表、页表、调度和系统调用边界，很多现象就能解释清楚。 面试回答版 回答时可以按“三段式”讲： 1. 先给结论，直接回答它是什么或怎么做。 2. 再解释原因，把底层机制或设计动机讲出来。 3. 最后补一个边界，例如什么时候不适用、哪里容易错、工程里怎么验证。 如果只剩 30 秒，可以压缩成：答： 常见限制来自 fd_set 的固定大小 FD_SETSIZE，并且 select 每次都要拷贝和扫描集合。虽然某些系统可调整，但工程上大量连接更倾向用 epoll/kqueue/io_uring 等。 易错点 不要把用户态现象和内核机制混在一起。比如内存增长不一定是泄漏，缺页也不一定是错误。 面试官可能继续追问 - 这个现象用什么命令或工具排查？ - 用户态和内核态各发生了什么？ - 资源限制在哪里配置？	Linux_OS
epoll 惊群是什么？	这题在考什么 考察你是否理解协议边界、连接状态、缓冲区、可靠性和服务端处理流程。 先用人话理解 这题可以先抓住一句主线：答： 多个线程或进程等待同一个监听 fd 时，一个连接到来可能唤醒多个等待者，但只有一个 accept 成功，其他白醒。Linux 后续提供了如 EPOLLEXCLUSIVE 等机制缓解。 epoll 像把关注列表交给内核保管，事件来了只把活跃 fd 告诉你，而不是每次让你重新扫描所有 fd。 原理拆开 - 先说明协议提供什么、不提供什么，例如 TCP 提供字节流可靠传输，但不提供消息边界。 - 再把状态变化讲清楚，例如握手、挥手、缓冲区可读可写。 - 服务端问题要落到非阻塞 IO、缓冲区、超时、背压和连接生命周期。 下面是这道题需要掌握的核心内容： 答： 多个线程或进程等待同一个监听 fd 时，一个连接到来可能唤醒多个等待者，但只有一个 accept 成功，其他白醒。Linux 后续提供了如 EPOLLEXCLUSIVE 等机制缓解。 代码/伪代码示例 代码见原文 底层原理再往下一层 再往下一层看，网络代码的关键是内核 socket 缓冲区、状态机、重传、拥塞控制和应用层协议边界。服务端 bug 常常不是协议不会背，而是缓冲区和状态没处理好。 epoll 把关注的 fd 集合留在内核中，事件到来时把就绪项挂到就绪队列。ET 模式减少重复通知，但要求用户态一次处理到 EAGAIN，否则内核不一定再次提醒。 面试回答版 回答时可以按“三段式”讲： 1. 先给结论，直接回答它是什么或怎么做。 2. 再解释原因，把底层机制或设计动机讲出来。 3. 最后补一个边界，例如什么时候不适用、哪里容易错、工程里怎么验证。 如果只剩 30 秒，可以压缩成：答： 多个线程或进程等待同一个监听 fd 时，一个连接到来可能唤醒多个等待者，但只有一个 accept 成功，其他白醒。Linux 后续提供了如 EPOLLEXCLUSIVE 等机制缓解。 易错点 不要把 TCP 当成消息协议。粘包、半包、超时、CLOSE_WAIT 这类问题都要回到连接和缓冲区。 面试官可能继续追问 - 如果读不完/写不完怎么办？ - 超时、断连、半包如何处理？ - 大量连接时瓶颈在哪里？	网络
EAGAIN 和 EINTR 怎么处理？	这题在考什么 考察你对进程、内存、文件描述符、系统调用和性能排查的理解。 先用人话理解 这题可以先抓住一句主线：答： 非阻塞 IO 返回 EAGAIN/EWOULDBLOCK 表示暂时无数据或缓冲区满，不是致命错误；被信号打断返回 EINTR，通常可重试。ET 模式下读写到 EAGAIN 是关键。 这类题先抓主线，再补边界；不要一开始把所有分支都铺开。 原理拆开 - 先区分用户态看到的抽象和内核里的真实资源，例如 fd、页表、虚拟内存。 - 再说明为什么这个机制能提升隔离性、性能或可管理性。 - 排查类问题要按指标、工具、现象、根因的顺序讲。 下面是这道题需要掌握的核心内容： 答： 非阻塞 IO 返回 EAGAIN/EWOULDBLOCK 表示暂时无数据或缓冲区满，不是致命错误；被信号打断返回 EINTR，通常可重试。ET 模式下读写到 EAGAIN 是关键。 代码/伪代码示例 代码见原文 底层原理再往下一层 再往下一层看，Linux 把很多东西都抽象成文件描述符、虚拟内存区域和内核对象。理解 fd 表、页表、调度和系统调用边界，很多现象就能解释清楚。 面试回答版 回答时可以按“三段式”讲： 1. 先给结论，直接回答它是什么或怎么做。 2. 再解释原因，把底层机制或设计动机讲出来。 3. 最后补一个边界，例如什么时候不适用、哪里容易错、工程里怎么验证。 如果只剩 30 秒，可以压缩成：答： 非阻塞 IO 返回 EAGAIN/EWOULDBLOCK 表示暂时无数据或缓冲区满，不是致命错误；被信号打断返回 EINTR，通常可重试。ET 模式下读写到 EAGAIN 是关键。 易错点 不要把用户态现象和内核机制混在一起。比如内存增长不一定是泄漏，缺页也不一定是错误。 面试官可能继续追问 - 这个现象用什么命令或工具排查？ - 用户态和内核态各发生了什么？ - 资源限制在哪里配置？	Linux_OS
大量连接处于 CLOSE_WAIT 说明什么？	这题在考什么 考察你是否理解协议边界、连接状态、缓冲区、可靠性和服务端处理流程。 先用人话理解 这题可以先抓住一句主线：答： CLOSE_WAIT 通常表示对端已关闭连接，本端收到 FIN 并 ACK，但应用还没 close socket。大量 CLOSE_WAIT 多数是程序没有及时关闭连接或业务阻塞导致。 学习网络题时，可以先区分传输层保证了什么，应用层还需要自己补什么。 原理拆开 - 先说明协议提供什么、不提供什么，例如 TCP 提供字节流可靠传输，但不提供消息边界。 - 再把状态变化讲清楚，例如握手、挥手、缓冲区可读可写。 - 服务端问题要落到非阻塞 IO、缓冲区、超时、背压和连接生命周期。 下面是这道题需要掌握的核心内容： 答： CLOSE_WAIT 通常表示对端已关闭连接，本端收到 FIN 并 ACK，但应用还没 close socket。大量 CLOSE_WAIT 多数是程序没有及时关闭连接或业务阻塞导致。 代码/伪代码示例 代码见原文 底层原理再往下一层 再往下一层看，网络代码的关键是内核 socket 缓冲区、状态机、重传、拥塞控制和应用层协议边界。服务端 bug 常常不是协议不会背，而是缓冲区和状态没处理好。 面试回答版 回答时可以按“三段式”讲： 1. 先给结论，直接回答它是什么或怎么做。 2. 再解释原因，把底层机制或设计动机讲出来。 3. 最后补一个边界，例如什么时候不适用、哪里容易错、工程里怎么验证。 如果只剩 30 秒，可以压缩成：答： CLOSE_WAIT 通常表示对端已关闭连接，本端收到 FIN 并 ACK，但应用还没 close socket。大量 CLOSE_WAIT 多数是程序没有及时关闭连接或业务阻塞导致。 易错点 不要把 TCP 当成消息协议。粘包、半包、超时、CLOSE_WAIT 这类问题都要回到连接和缓冲区。 面试官可能继续追问 - 如果读不完/写不完怎么办？ - 超时、断连、半包如何处理？ - 大量连接时瓶颈在哪里？	网络
CPU 占用高怎么排查？	这题在考什么 考察你对进程、内存、文件描述符、系统调用和性能排查的理解。 先用人话理解 这题可以先抓住一句主线：答： 先用 top/htop 定位进程和线程，再用 perf、火焰图或 pstack 看热点调用栈。区分用户态计算、系统调用、锁竞争、忙等、自旋、日志过多等原因。 这类题先抓主线，再补边界；不要一开始把所有分支都铺开。 原理拆开 - 先区分用户态看到的抽象和内核里的真实资源，例如 fd、页表、虚拟内存。 - 再说明为什么这个机制能提升隔离性、性能或可管理性。 - 排查类问题要按指标、工具、现象、根因的顺序讲。 下面是这道题需要掌握的核心内容： 答： 先用 top/htop 定位进程和线程，再用 perf、火焰图或 pstack 看热点调用栈。区分用户态计算、系统调用、锁竞争、忙等、自旋、日志过多等原因。 代码/伪代码示例 代码见原文 底层原理再往下一层 再往下一层看，Linux 把很多东西都抽象成文件描述符、虚拟内存区域和内核对象。理解 fd 表、页表、调度和系统调用边界，很多现象就能解释清楚。 面试回答版 回答时可以按“三段式”讲： 1. 先给结论，直接回答它是什么或怎么做。 2. 再解释原因，把底层机制或设计动机讲出来。 3. 最后补一个边界，例如什么时候不适用、哪里容易错、工程里怎么验证。 如果只剩 30 秒，可以压缩成：答： 先用 top/htop 定位进程和线程，再用 perf、火焰图或 pstack 看热点调用栈。区分用户态计算、系统调用、锁竞争、忙等、自旋、日志过多等原因。 易错点 不要把用户态现象和内核机制混在一起。比如内存增长不一定是泄漏，缺页也不一定是错误。 面试官可能继续追问 - 这个现象用什么命令或工具排查？ - 用户态和内核态各发生了什么？ - 资源限制在哪里配置？	Linux_OS
内存占用高怎么排查？	这题在考什么 考察你对进程、内存、文件描述符、系统调用和性能排查的理解。 先用人话理解 这题可以先抓住一句主线：答： 先看 RSS、虚拟内存、增长趋势，再用 pmap、smaps、heap profiler、ASan/LSan、Valgrind、jemalloc/tcmalloc profile 定位分配来源。还要区分泄漏、缓存、内存池和碎片。 这类题先抓主线，再补边界；不要一开始把所有分支都铺开。 原理拆开 - 先区分用户态看到的抽象和内核里的真实资源，例如 fd、页表、虚拟内存。 - 再说明为什么这个机制能提升隔离性、性能或可管理性。 - 排查类问题要按指标、工具、现象、根因的顺序讲。 下面是这道题需要掌握的核心内容： 答： 先看 RSS、虚拟内存、增长趋势，再用 pmap、smaps、heap profiler、ASan/LSan、Valgrind、jemalloc/tcmalloc profile 定位分配来源。还要区分泄漏、缓存、内存池和碎片。 代码/伪代码示例 代码见原文 底层原理再往下一层 再往下一层看，Linux 把很多东西都抽象成文件描述符、虚拟内存区域和内核对象。理解 fd 表、页表、调度和系统调用边界，很多现象就能解释清楚。 面试回答版 回答时可以按“三段式”讲： 1. 先给结论，直接回答它是什么或怎么做。 2. 再解释原因，把底层机制或设计动机讲出来。 3. 最后补一个边界，例如什么时候不适用、哪里容易错、工程里怎么验证。 如果只剩 30 秒，可以压缩成：答： 先看 RSS、虚拟内存、增长趋势，再用 pmap、smaps、heap profiler、ASan/LSan、Valgrind、jemalloc/tcmalloc profile 定位分配来源。还要区分泄漏、缓存、内存池和碎片。 易错点 不要把用户态现象和内核机制混在一起。比如内存增长不一定是泄漏，缺页也不一定是错误。 面试官可能继续追问 - 这个现象用什么命令或工具排查？ - 用户态和内核态各发生了什么？ - 资源限制在哪里配置？	Linux_OS
上下文切换高说明什么？	这题在考什么 考察你对进程、内存、文件描述符、系统调用和性能排查的理解。 先用人话理解 这题可以先抓住一句主线：答： 可能线程过多、锁竞争、IO 阻塞频繁、调度抖动或主动 sleep/yield。需要结合 vmstat、pidstat、perf sched 和线程模型分析。 这类题先抓主线，再补边界；不要一开始把所有分支都铺开。 原理拆开 - 先区分用户态看到的抽象和内核里的真实资源，例如 fd、页表、虚拟内存。 - 再说明为什么这个机制能提升隔离性、性能或可管理性。 - 排查类问题要按指标、工具、现象、根因的顺序讲。 下面是这道题需要掌握的核心内容： 答： 可能线程过多、锁竞争、IO 阻塞频繁、调度抖动或主动 sleep/yield。需要结合 vmstat、pidstat、perf sched 和线程模型分析。 代码/伪代码示例 代码见原文 底层原理再往下一层 再往下一层看，Linux 把很多东西都抽象成文件描述符、虚拟内存区域和内核对象。理解 fd 表、页表、调度和系统调用边界，很多现象就能解释清楚。 面试回答版 回答时可以按“三段式”讲： 1. 先给结论，直接回答它是什么或怎么做。 2. 再解释原因，把底层机制或设计动机讲出来。 3. 最后补一个边界，例如什么时候不适用、哪里容易错、工程里怎么验证。 如果只剩 30 秒，可以压缩成：答： 可能线程过多、锁竞争、IO 阻塞频繁、调度抖动或主动 sleep/yield。需要结合 vmstat、pidstat、perf sched 和线程模型分析。 易错点 不要把用户态现象和内核机制混在一起。比如内存增长不一定是泄漏，缺页也不一定是错误。 面试官可能继续追问 - 这个现象用什么命令或工具排查？ - 用户态和内核态各发生了什么？ - 资源限制在哪里配置？	Linux_OS
负载 load average 高一定是 CPU 高吗？	这题在考什么 考察你对进程、内存、文件描述符、系统调用和性能排查的理解。 先用人话理解 这题可以先抓住一句主线：答： 不一定。Linux load 包括可运行任务和不可中断睡眠任务，磁盘 IO 阻塞也可能拉高 load。要结合 CPU 使用率、iowait、运行队列和 IO 指标判断。 这类题先抓主线，再补边界；不要一开始把所有分支都铺开。 原理拆开 - 先区分用户态看到的抽象和内核里的真实资源，例如 fd、页表、虚拟内存。 - 再说明为什么这个机制能提升隔离性、性能或可管理性。 - 排查类问题要按指标、工具、现象、根因的顺序讲。 下面是这道题需要掌握的核心内容： 答： 不一定。Linux load 包括可运行任务和不可中断睡眠任务，磁盘 IO 阻塞也可能拉高 load。要结合 CPU 使用率、iowait、运行队列和 IO 指标判断。 代码/伪代码示例 代码见原文 底层原理再往下一层 再往下一层看，Linux 把很多东西都抽象成文件描述符、虚拟内存区域和内核对象。理解 fd 表、页表、调度和系统调用边界，很多现象就能解释清楚。 面试回答版 回答时可以按“三段式”讲： 1. 先给结论，直接回答它是什么或怎么做。 2. 再解释原因，把底层机制或设计动机讲出来。 3. 最后补一个边界，例如什么时候不适用、哪里容易错、工程里怎么验证。 如果只剩 30 秒，可以压缩成：答： 不一定。Linux load 包括可运行任务和不可中断睡眠任务，磁盘 IO 阻塞也可能拉高 load。要结合 CPU 使用率、iowait、运行队列和 IO 指标判断。 易错点 不要把用户态现象和内核机制混在一起。比如内存增长不一定是泄漏，缺页也不一定是错误。 面试官可能继续追问 - 这个现象用什么命令或工具排查？ - 用户态和内核态各发生了什么？ - 资源限制在哪里配置？	Linux_OS
core dump 怎么用？	这题在考什么 考察你对进程、内存、文件描述符、系统调用和性能排查的理解。 先用人话理解 这题可以先抓住一句主线：答： core dump 保存进程崩溃时的内存和寄存器状态。用 gdb 加可执行文件和 core 文件，可以查看崩溃栈、线程、变量。线上要确保符号文件和版本匹配。 这类题先抓主线，再补边界；不要一开始把所有分支都铺开。 原理拆开 - 先区分用户态看到的抽象和内核里的真实资源，例如 fd、页表、虚拟内存。 - 再说明为什么这个机制能提升隔离性、性能或可管理性。 - 排查类问题要按指标、工具、现象、根因的顺序讲。 下面是这道题需要掌握的核心内容： 答： core dump 保存进程崩溃时的内存和寄存器状态。用 gdb 加可执行文件和 core 文件，可以查看崩溃栈、线程、变量。线上要确保符号文件和版本匹配。 代码/伪代码示例 代码见原文 底层原理再往下一层 再往下一层看，Linux 把很多东西都抽象成文件描述符、虚拟内存区域和内核对象。理解 fd 表、页表、调度和系统调用边界，很多现象就能解释清楚。 面试回答版 回答时可以按“三段式”讲： 1. 先给结论，直接回答它是什么或怎么做。 2. 再解释原因，把底层机制或设计动机讲出来。 3. 最后补一个边界，例如什么时候不适用、哪里容易错、工程里怎么验证。 如果只剩 30 秒，可以压缩成：答： core dump 保存进程崩溃时的内存和寄存器状态。用 gdb 加可执行文件和 core 文件，可以查看崩溃栈、线程、变量。线上要确保符号文件和版本匹配。 易错点 不要把用户态现象和内核机制混在一起。比如内存增长不一定是泄漏，缺页也不一定是错误。 面试官可能继续追问 - 这个现象用什么命令或工具排查？ - 用户态和内核态各发生了什么？ - 资源限制在哪里配置？	Linux_OS
TCP backlog 是什么？	这题在考什么 考察你是否理解协议边界、连接状态、缓冲区、可靠性和服务端处理流程。 先用人话理解 这题可以先抓住一句主线：答： backlog 影响监听 socket 的连接队列长度。Linux 中还涉及半连接队列和全连接队列，具体受 somaxconn、tcp_max_syn_backlog 等参数影响。连接被拒或超时不一定是应用 accept 慢，也可能是队列限制。 TCP 只保证一条可靠字节流，不知道你的业务消息从哪里开始、到哪里结束。 原理拆开 - 先说明协议提供什么、不提供什么，例如 TCP 提供字节流可靠传输，但不提供消息边界。 - 再把状态变化讲清楚，例如握手、挥手、缓冲区可读可写。 - 服务端问题要落到非阻塞 IO、缓冲区、超时、背压和连接生命周期。 下面是这道题需要掌握的核心内容： 答： backlog 影响监听 socket 的连接队列长度。Linux 中还涉及半连接队列和全连接队列，具体受 somaxconn、tcp_max_syn_backlog 等参数影响。连接被拒或超时不一定是应用 accept 慢，也可能是队列限制。 代码/伪代码示例 代码见原文 底层原理再往下一层 再往下一层看，网络代码的关键是内核 socket 缓冲区、状态机、重传、拥塞控制和应用层协议边界。服务端 bug 常常不是协议不会背，而是缓冲区和状态没处理好。 TCP 的可靠性依赖序列号、ACK、重传、滑动窗口和拥塞控制。应用层看到的是有序字节流，但内核内部维护发送/接收缓冲区和连接状态机。 面试回答版 回答时可以按“三段式”讲： 1. 先给结论，直接回答它是什么或怎么做。 2. 再解释原因，把底层机制或设计动机讲出来。 3. 最后补一个边界，例如什么时候不适用、哪里容易错、工程里怎么验证。 如果只剩 30 秒，可以压缩成：答： backlog 影响监听 socket 的连接队列长度。Linux 中还涉及半连接队列和全连接队列，具体受 somaxconn、tcp_max_syn_backlog 等参数影响。连接被拒或超时不一定是应用 accept 慢，也可能是队列限制。 易错点 不要把 TCP 当成消息协议。粘包、半包、超时、CLOSE_WAIT 这类问题都要回到连接和缓冲区。 面试官可能继续追问 - 如果读不完/写不完怎么办？ - 超时、断连、半包如何处理？ - 大量连接时瓶颈在哪里？	网络
SYN flood 是什么？	这题在考什么 考察你能否把概念、场景和工程取舍串起来，而不是孤立背结论。 先用人话理解 这题可以先抓住一句主线：答： 攻击者发送大量 SYN 但不完成握手，占用半连接队列。常见防护包括 SYN cookies、调大队列、限速、清洗流量等。 这类题先抓主线，再补边界；不要一开始把所有分支都铺开。 原理拆开 - 先判断问题属于语言、系统、网络、存储还是工程设计。 - 再给主线答案，不要一开始就铺很多分支。 - 最后补一个典型易错点，让答案显得有边界。 下面是这道题需要掌握的核心内容： 答： 攻击者发送大量 SYN 但不完成握手，占用半连接队列。常见防护包括 SYN cookies、调大队列、限速、清洗流量等。 代码/伪代码示例 代码见原文 底层原理再往下一层 再往下一层看，综合题通常不是单点知识，而是让你把机制、场景和取舍连起来。先定边界，再讲实现，最后说验证方式。 面试回答版 回答时可以按“三段式”讲： 1. 先给结论，直接回答它是什么或怎么做。 2. 再解释原因，把底层机制或设计动机讲出来。 3. 最后补一个边界，例如什么时候不适用、哪里容易错、工程里怎么验证。 如果只剩 30 秒，可以压缩成：答： 攻击者发送大量 SYN 但不完成握手，占用半连接队列。常见防护包括 SYN cookies、调大队列、限速、清洗流量等。 易错点 不要过度发散。先答核心，再补边界和取舍。 面试官可能继续追问 - 这个结论适用边界是什么？ - 有没有反例？ - 工程里会怎么验证？	综合
TCP keepalive 和 HTTP keep-alive 区别？	这题在考什么 考察你是否理解协议边界、连接状态、缓冲区、可靠性和服务端处理流程。 先用人话理解 这题可以先抓住一句主线：答： TCP keepalive 是传输层探测空闲连接是否存活；HTTP keep-alive 是应用层复用同一 TCP 连接发送多个请求响应。两者目的和配置都不同。 TCP 只保证一条可靠字节流，不知道你的业务消息从哪里开始、到哪里结束。 原理拆开 - 先说明协议提供什么、不提供什么，例如 TCP 提供字节流可靠传输，但不提供消息边界。 - 再把状态变化讲清楚，例如握手、挥手、缓冲区可读可写。 - 服务端问题要落到非阻塞 IO、缓冲区、超时、背压和连接生命周期。 下面是这道题需要掌握的核心内容： 答： TCP keepalive 是传输层探测空闲连接是否存活；HTTP keep-alive 是应用层复用同一 TCP 连接发送多个请求响应。两者目的和配置都不同。 代码/伪代码示例 代码见原文 底层原理再往下一层 再往下一层看，网络代码的关键是内核 socket 缓冲区、状态机、重传、拥塞控制和应用层协议边界。服务端 bug 常常不是协议不会背，而是缓冲区和状态没处理好。 TCP 的可靠性依赖序列号、ACK、重传、滑动窗口和拥塞控制。应用层看到的是有序字节流，但内核内部维护发送/接收缓冲区和连接状态机。 面试回答版 回答时可以按“三段式”讲： 1. 先给结论，直接回答它是什么或怎么做。 2. 再解释原因，把底层机制或设计动机讲出来。 3. 最后补一个边界，例如什么时候不适用、哪里容易错、工程里怎么验证。 如果只剩 30 秒，可以压缩成：答： TCP keepalive 是传输层探测空闲连接是否存活；HTTP keep-alive 是应用层复用同一 TCP 连接发送多个请求响应。两者目的和配置都不同。 易错点 不要把 TCP 当成消息协议。粘包、半包、超时、CLOSE_WAIT 这类问题都要回到连接和缓冲区。 面试官可能继续追问 - 如果读不完/写不完怎么办？ - 超时、断连、半包如何处理？ - 大量连接时瓶颈在哪里？	网络
心跳包有什么用？	这题在考什么 考察你能否把概念、场景和工程取舍串起来，而不是孤立背结论。 先用人话理解 这题可以先抓住一句主线：答： 心跳用于应用层判断连接和对端业务是否存活，及时释放无效连接或触发重连。它比 TCP keepalive 更可控，能携带业务状态，但频率过高会增加网络和服务器压力。 这类题先抓主线，再补边界；不要一开始把所有分支都铺开。 原理拆开 - 先判断问题属于语言、系统、网络、存储还是工程设计。 - 再给主线答案，不要一开始就铺很多分支。 - 最后补一个典型易错点，让答案显得有边界。 下面是这道题需要掌握的核心内容： 答： 心跳用于应用层判断连接和对端业务是否存活，及时释放无效连接或触发重连。它比 TCP keepalive 更可控，能携带业务状态，但频率过高会增加网络和服务器压力。 代码/伪代码示例 代码见原文 底层原理再往下一层 再往下一层看，综合题通常不是单点知识，而是让你把机制、场景和取舍连起来。先定边界，再讲实现，最后说验证方式。 面试回答版 回答时可以按“三段式”讲： 1. 先给结论，直接回答它是什么或怎么做。 2. 再解释原因，把底层机制或设计动机讲出来。 3. 最后补一个边界，例如什么时候不适用、哪里容易错、工程里怎么验证。 如果只剩 30 秒，可以压缩成：答： 心跳用于应用层判断连接和对端业务是否存活，及时释放无效连接或触发重连。它比 TCP keepalive 更可控，能携带业务状态，但频率过高会增加网络和服务器压力。 易错点 不要过度发散。先答核心，再补边界和取舍。 面试官可能继续追问 - 这个结论适用边界是什么？ - 有没有反例？ - 工程里会怎么验证？	综合
长连接和短连接怎么选？	这题在考什么 考察你是否理解协议边界、连接状态、缓冲区、可靠性和服务端处理流程。 先用人话理解 这题可以先抓住一句主线：答： 高频交互适合长连接，减少握手开销并降低延迟；低频简单请求可用短连接，资源占用简单。长连接要处理空闲超时、心跳、连接泄漏和负载均衡。 学习网络题时，可以先区分传输层保证了什么，应用层还需要自己补什么。 原理拆开 - 先说明协议提供什么、不提供什么，例如 TCP 提供字节流可靠传输，但不提供消息边界。 - 再把状态变化讲清楚，例如握手、挥手、缓冲区可读可写。 - 服务端问题要落到非阻塞 IO、缓冲区、超时、背压和连接生命周期。 下面是这道题需要掌握的核心内容： 答： 高频交互适合长连接，减少握手开销并降低延迟；低频简单请求可用短连接，资源占用简单。长连接要处理空闲超时、心跳、连接泄漏和负载均衡。 代码/伪代码示例 代码见原文 底层原理再往下一层 再往下一层看，网络代码的关键是内核 socket 缓冲区、状态机、重传、拥塞控制和应用层协议边界。服务端 bug 常常不是协议不会背，而是缓冲区和状态没处理好。 面试回答版 回答时可以按“三段式”讲： 1. 先给结论，直接回答它是什么或怎么做。 2. 再解释原因，把底层机制或设计动机讲出来。 3. 最后补一个边界，例如什么时候不适用、哪里容易错、工程里怎么验证。 如果只剩 30 秒，可以压缩成：答： 高频交互适合长连接，减少握手开销并降低延迟；低频简单请求可用短连接，资源占用简单。长连接要处理空闲超时、心跳、连接泄漏和负载均衡。 易错点 不要把 TCP 当成消息协议。粘包、半包、超时、CLOSE_WAIT 这类问题都要回到连接和缓冲区。 面试官可能继续追问 - 如果读不完/写不完怎么办？ - 超时、断连、半包如何处理？ - 大量连接时瓶颈在哪里？	网络
HTTP 状态码 301、302、304、400、401、403、404、500 区别？	这题在考什么 考察你是否理解协议边界、连接状态、缓冲区、可靠性和服务端处理流程。 先用人话理解 这题可以先抓住一句主线：答： 301 永久重定向，302 临时重定向，304 表示缓存仍可用；400 请求格式错误，401 未认证，403 已认证但无权限，404 资源不存在，500 服务端内部错误。 学习网络题时，可以先区分传输层保证了什么，应用层还需要自己补什么。 原理拆开 - 先说明协议提供什么、不提供什么，例如 TCP 提供字节流可靠传输，但不提供消息边界。 - 再把状态变化讲清楚，例如握手、挥手、缓冲区可读可写。 - 服务端问题要落到非阻塞 IO、缓冲区、超时、背压和连接生命周期。 下面是这道题需要掌握的核心内容： 答： 301 永久重定向，302 临时重定向，304 表示缓存仍可用；400 请求格式错误，401 未认证，403 已认证但无权限，404 资源不存在，500 服务端内部错误。 代码/伪代码示例 代码见原文 底层原理再往下一层 再往下一层看，网络代码的关键是内核 socket 缓冲区、状态机、重传、拥塞控制和应用层协议边界。服务端 bug 常常不是协议不会背，而是缓冲区和状态没处理好。 面试回答版 回答时可以按“三段式”讲： 1. 先给结论，直接回答它是什么或怎么做。 2. 再解释原因，把底层机制或设计动机讲出来。 3. 最后补一个边界，例如什么时候不适用、哪里容易错、工程里怎么验证。 如果只剩 30 秒，可以压缩成：答： 301 永久重定向，302 临时重定向，304 表示缓存仍可用；400 请求格式错误，401 未认证，403 已认证但无权限，404 资源不存在，500 服务端内部错误。 易错点 不要把 TCP 当成消息协议。粘包、半包、超时、CLOSE_WAIT 这类问题都要回到连接和缓冲区。 面试官可能继续追问 - 如果读不完/写不完怎么办？ - 超时、断连、半包如何处理？ - 大量连接时瓶颈在哪里？	网络
GET 和 POST 区别？	这题在考什么 考察你能否把概念、场景和工程取舍串起来，而不是孤立背结论。 先用人话理解 这题可以先抓住一句主线：答： GET 通常用于获取资源，参数常在 URL，语义应安全幂等，可被缓存；POST 通常提交数据，可能产生副作用，body 承载数据。实际安全性不由方法本身保证，HTTPS 才保护传输内容。 这类题先抓主线，再补边界；不要一开始把所有分支都铺开。 原理拆开 - 先判断问题属于语言、系统、网络、存储还是工程设计。 - 再给主线答案，不要一开始就铺很多分支。 - 最后补一个典型易错点，让答案显得有边界。 下面是这道题需要掌握的核心内容： 答： GET 通常用于获取资源，参数常在 URL，语义应安全幂等，可被缓存；POST 通常提交数据，可能产生副作用，body 承载数据。实际安全性不由方法本身保证，HTTPS 才保护传输内容。 代码/伪代码示例 代码见原文 底层原理再往下一层 再往下一层看，综合题通常不是单点知识，而是让你把机制、场景和取舍连起来。先定边界，再讲实现，最后说验证方式。 面试回答版 回答时可以按“三段式”讲： 1. 先给结论，直接回答它是什么或怎么做。 2. 再解释原因，把底层机制或设计动机讲出来。 3. 最后补一个边界，例如什么时候不适用、哪里容易错、工程里怎么验证。 如果只剩 30 秒，可以压缩成：答： GET 通常用于获取资源，参数常在 URL，语义应安全幂等，可被缓存；POST 通常提交数据，可能产生副作用，body 承载数据。实际安全性不由方法本身保证，HTTPS 才保护传输内容。 易错点 不要过度发散。先答核心，再补边界和取舍。 面试官可能继续追问 - 这个结论适用边界是什么？ - 有没有反例？ - 工程里会怎么验证？	综合
幂等的 HTTP 方法有哪些？	这题在考什么 考察你是否理解协议边界、连接状态、缓冲区、可靠性和服务端处理流程。 先用人话理解 这题可以先抓住一句主线：答： GET、PUT、DELETE 通常设计为幂等，POST 通常非幂等。但这是语义约定，最终取决于服务端实现。支付、下单等 POST 场景要用业务幂等键防重。 学习网络题时，可以先区分传输层保证了什么，应用层还需要自己补什么。 原理拆开 - 先说明协议提供什么、不提供什么，例如 TCP 提供字节流可靠传输，但不提供消息边界。 - 再把状态变化讲清楚，例如握手、挥手、缓冲区可读可写。 - 服务端问题要落到非阻塞 IO、缓冲区、超时、背压和连接生命周期。 下面是这道题需要掌握的核心内容： 答： GET、PUT、DELETE 通常设计为幂等，POST 通常非幂等。但这是语义约定，最终取决于服务端实现。支付、下单等 POST 场景要用业务幂等键防重。 代码/伪代码示例 代码见原文 底层原理再往下一层 再往下一层看，网络代码的关键是内核 socket 缓冲区、状态机、重传、拥塞控制和应用层协议边界。服务端 bug 常常不是协议不会背，而是缓冲区和状态没处理好。 面试回答版 回答时可以按“三段式”讲： 1. 先给结论，直接回答它是什么或怎么做。 2. 再解释原因，把底层机制或设计动机讲出来。 3. 最后补一个边界，例如什么时候不适用、哪里容易错、工程里怎么验证。 如果只剩 30 秒，可以压缩成：答： GET、PUT、DELETE 通常设计为幂等，POST 通常非幂等。但这是语义约定，最终取决于服务端实现。支付、下单等 POST 场景要用业务幂等键防重。 易错点 不要把 TCP 当成消息协议。粘包、半包、超时、CLOSE_WAIT 这类问题都要回到连接和缓冲区。 面试官可能继续追问 - 如果读不完/写不完怎么办？ - 超时、断连、半包如何处理？ - 大量连接时瓶颈在哪里？	网络
HTTP 缓存怎么工作？	这题在考什么 考察你是否理解协议边界、连接状态、缓冲区、可靠性和服务端处理流程。 先用人话理解 这题可以先抓住一句主线：答： 强缓存通过 Cache-Control、Expires 判断是否直接使用缓存；协商缓存通过 ETag/If-None-Match 或 Last-Modified/If-Modified-Since 向服务器确认，未变返回 304。 学习网络题时，可以先区分传输层保证了什么，应用层还需要自己补什么。 原理拆开 - 先说明协议提供什么、不提供什么，例如 TCP 提供字节流可靠传输，但不提供消息边界。 - 再把状态变化讲清楚，例如握手、挥手、缓冲区可读可写。 - 服务端问题要落到非阻塞 IO、缓冲区、超时、背压和连接生命周期。 下面是这道题需要掌握的核心内容： 答： 强缓存通过 Cache-Control、Expires 判断是否直接使用缓存；协商缓存通过 ETag/If-None-Match 或 Last-Modified/If-Modified-Since 向服务器确认，未变返回 304。 代码/伪代码示例 代码见原文 底层原理再往下一层 再往下一层看，网络代码的关键是内核 socket 缓冲区、状态机、重传、拥塞控制和应用层协议边界。服务端 bug 常常不是协议不会背，而是缓冲区和状态没处理好。 面试回答版 回答时可以按“三段式”讲： 1. 先给结论，直接回答它是什么或怎么做。 2. 再解释原因，把底层机制或设计动机讲出来。 3. 最后补一个边界，例如什么时候不适用、哪里容易错、工程里怎么验证。 如果只剩 30 秒，可以压缩成：答： 强缓存通过 Cache-Control、Expires 判断是否直接使用缓存；协商缓存通过 ETag/If-None-Match 或 Last-Modified/If-Modified-Since 向服务器确认，未变返回 304。 易错点 不要把 TCP 当成消息协议。粘包、半包、超时、CLOSE_WAIT 这类问题都要回到连接和缓冲区。 面试官可能继续追问 - 如果读不完/写不完怎么办？ - 超时、断连、半包如何处理？ - 大量连接时瓶颈在哪里？	网络
TLS 握手为什么需要非对称加密和对称加密结合？	这题在考什么 考察你是否理解协议边界、连接状态、缓冲区、可靠性和服务端处理流程。 先用人话理解 这题可以先抓住一句主线：答： 非对称加密用于身份认证和密钥协商，计算开销较大；对称加密用于后续大量数据传输，性能更好。TLS 结合二者取得安全性和效率。 学习网络题时，可以先区分传输层保证了什么，应用层还需要自己补什么。 原理拆开 - 先说明协议提供什么、不提供什么，例如 TCP 提供字节流可靠传输，但不提供消息边界。 - 再把状态变化讲清楚，例如握手、挥手、缓冲区可读可写。 - 服务端问题要落到非阻塞 IO、缓冲区、超时、背压和连接生命周期。 下面是这道题需要掌握的核心内容： 答： 非对称加密用于身份认证和密钥协商，计算开销较大；对称加密用于后续大量数据传输，性能更好。TLS 结合二者取得安全性和效率。 代码/伪代码示例 代码见原文 底层原理再往下一层 再往下一层看，网络代码的关键是内核 socket 缓冲区、状态机、重传、拥塞控制和应用层协议边界。服务端 bug 常常不是协议不会背，而是缓冲区和状态没处理好。 面试回答版 回答时可以按“三段式”讲： 1. 先给结论，直接回答它是什么或怎么做。 2. 再解释原因，把底层机制或设计动机讲出来。 3. 最后补一个边界，例如什么时候不适用、哪里容易错、工程里怎么验证。 如果只剩 30 秒，可以压缩成：答： 非对称加密用于身份认证和密钥协商，计算开销较大；对称加密用于后续大量数据传输，性能更好。TLS 结合二者取得安全性和效率。 易错点 不要把 TCP 当成消息协议。粘包、半包、超时、CLOSE_WAIT 这类问题都要回到连接和缓冲区。 面试官可能继续追问 - 如果读不完/写不完怎么办？ - 超时、断连、半包如何处理？ - 大量连接时瓶颈在哪里？	网络
RPC 和 HTTP API 区别？	这题在考什么 考察你是否理解协议边界、连接状态、缓冲区、可靠性和服务端处理流程。 先用人话理解 这题可以先抓住一句主线：答： HTTP API 更强调资源和通用协议，跨语言跨平台简单；RPC 更像调用远程函数，常配合 IDL、二进制协议、连接池、负载均衡，性能和工程治理更强。实际很多 RPC 也可跑在 HTTP/2 上。 学习网络题时，可以先区分传输层保证了什么，应用层还需要自己补什么。 原理拆开 - 先说明协议提供什么、不提供什么，例如 TCP 提供字节流可靠传输，但不提供消息边界。 - 再把状态变化讲清楚，例如握手、挥手、缓冲区可读可写。 - 服务端问题要落到非阻塞 IO、缓冲区、超时、背压和连接生命周期。 下面是这道题需要掌握的核心内容： 答： HTTP API 更强调资源和通用协议，跨语言跨平台简单；RPC 更像调用远程函数，常配合 IDL、二进制协议、连接池、负载均衡，性能和工程治理更强。实际很多 RPC 也可跑在 HTTP/2 上。 代码/伪代码示例 代码见原文 底层原理再往下一层 再往下一层看，网络代码的关键是内核 socket 缓冲区、状态机、重传、拥塞控制和应用层协议边界。服务端 bug 常常不是协议不会背，而是缓冲区和状态没处理好。 面试回答版 回答时可以按“三段式”讲： 1. 先给结论，直接回答它是什么或怎么做。 2. 再解释原因，把底层机制或设计动机讲出来。 3. 最后补一个边界，例如什么时候不适用、哪里容易错、工程里怎么验证。 如果只剩 30 秒，可以压缩成：答： HTTP API 更强调资源和通用协议，跨语言跨平台简单；RPC 更像调用远程函数，常配合 IDL、二进制协议、连接池、负载均衡，性能和工程治理更强。实际很多 RPC 也可跑在 HTTP/2 上。 易错点 不要把 TCP 当成消息协议。粘包、半包、超时、CLOSE_WAIT 这类问题都要回到连接和缓冲区。 面试官可能继续追问 - 如果读不完/写不完怎么办？ - 超时、断连、半包如何处理？ - 大量连接时瓶颈在哪里？	网络
序列化协议怎么选？	这题在考什么 考察你能否把概念、场景和工程取舍串起来，而不是孤立背结论。 先用人话理解 这题可以先抓住一句主线：答： JSON 可读性好、生态广，但体积和解析成本较高；Protobuf 体积小、速度快、强 schema，适合内部服务；FlatBuffers/Cap'n Proto 更偏零拷贝读取。选择取决于可读性、性能、兼容性和跨语言需求。 这类题先抓主线，再补边界；不要一开始把所有分支都铺开。 原理拆开 - 先判断问题属于语言、系统、网络、存储还是工程设计。 - 再给主线答案，不要一开始就铺很多分支。 - 最后补一个典型易错点，让答案显得有边界。 下面是这道题需要掌握的核心内容： 答： JSON 可读性好、生态广，但体积和解析成本较高；Protobuf 体积小、速度快、强 schema，适合内部服务；FlatBuffers/Cap'n Proto 更偏零拷贝读取。选择取决于可读性、性能、兼容性和跨语言需求。 代码/伪代码示例 代码见原文 底层原理再往下一层 再往下一层看，综合题通常不是单点知识，而是让你把机制、场景和取舍连起来。先定边界，再讲实现，最后说验证方式。 面试回答版 回答时可以按“三段式”讲： 1. 先给结论，直接回答它是什么或怎么做。 2. 再解释原因，把底层机制或设计动机讲出来。 3. 最后补一个边界，例如什么时候不适用、哪里容易错、工程里怎么验证。 如果只剩 30 秒，可以压缩成：答： JSON 可读性好、生态广，但体积和解析成本较高；Protobuf 体积小、速度快、强 schema，适合内部服务；FlatBuffers/Cap'n Proto 更偏零拷贝读取。选择取决于可读性、性能、兼容性和跨语言需求。 易错点 不要过度发散。先答核心，再补边界和取舍。 面试官可能继续追问 - 这个结论适用边界是什么？ - 有没有反例？ - 工程里会怎么验证？	综合
大包传输要注意什么？	这题在考什么 考察你能否把概念、场景和工程取舍串起来，而不是孤立背结论。 先用人话理解 这题可以先抓住一句主线：答： 要考虑分片、流式处理、内存峰值、超时、断点续传、校验、限速和背压。不要一次性把大文件全部读入内存再发送。 这类题先抓主线，再补边界；不要一开始把所有分支都铺开。 原理拆开 - 先判断问题属于语言、系统、网络、存储还是工程设计。 - 再给主线答案，不要一开始就铺很多分支。 - 最后补一个典型易错点，让答案显得有边界。 下面是这道题需要掌握的核心内容： 答： 要考虑分片、流式处理、内存峰值、超时、断点续传、校验、限速和背压。不要一次性把大文件全部读入内存再发送。 代码/伪代码示例 代码见原文 底层原理再往下一层 再往下一层看，综合题通常不是单点知识，而是让你把机制、场景和取舍连起来。先定边界，再讲实现，最后说验证方式。 面试回答版 回答时可以按“三段式”讲： 1. 先给结论，直接回答它是什么或怎么做。 2. 再解释原因，把底层机制或设计动机讲出来。 3. 最后补一个边界，例如什么时候不适用、哪里容易错、工程里怎么验证。 如果只剩 30 秒，可以压缩成：答： 要考虑分片、流式处理、内存峰值、超时、断点续传、校验、限速和背压。不要一次性把大文件全部读入内存再发送。 易错点 不要过度发散。先答核心，再补边界和取舍。 面试官可能继续追问 - 这个结论适用边界是什么？ - 有没有反例？ - 工程里会怎么验证？	综合
半包解析器怎么设计？	这题在考什么 考察你能否把概念、场景和工程取舍串起来，而不是孤立背结论。 先用人话理解 这题可以先抓住一句主线：答： 连接维护读缓冲，每次读入后循环尝试解析完整消息。如果协议是长度字段，先判断头部够不够，再判断 body 长度够不够；不够就等待下次读，够了就取出一帧继续解析。 这类题先抓主线，再补边界；不要一开始把所有分支都铺开。 原理拆开 - 先判断问题属于语言、系统、网络、存储还是工程设计。 - 再给主线答案，不要一开始就铺很多分支。 - 最后补一个典型易错点，让答案显得有边界。 下面是这道题需要掌握的核心内容： 答： 连接维护读缓冲，每次读入后循环尝试解析完整消息。如果协议是长度字段，先判断头部够不够，再判断 body 长度够不够；不够就等待下次读，够了就取出一帧继续解析。 代码/伪代码示例 代码见原文 底层原理再往下一层 再往下一层看，综合题通常不是单点知识，而是让你把机制、场景和取舍连起来。先定边界，再讲实现，最后说验证方式。 面试回答版 回答时可以按“三段式”讲： 1. 先给结论，直接回答它是什么或怎么做。 2. 再解释原因，把底层机制或设计动机讲出来。 3. 最后补一个边界，例如什么时候不适用、哪里容易错、工程里怎么验证。 如果只剩 30 秒，可以压缩成：答： 连接维护读缓冲，每次读入后循环尝试解析完整消息。如果协议是长度字段，先判断头部够不够，再判断 body 长度够不够；不够就等待下次读，够了就取出一帧继续解析。 易错点 不要过度发散。先答核心，再补边界和取舍。 面试官可能继续追问 - 这个结论适用边界是什么？ - 有没有反例？ - 工程里会怎么验证？	综合
服务端优雅关闭怎么做？	这题在考什么 考察你能否把概念、场景和工程取舍串起来，而不是孤立背结论。 先用人话理解 这题可以先抓住一句主线：答： 停止 accept 新连接，通知负载均衡摘流，等待已有请求完成或超时，关闭空闲连接，持久化必要状态，最后退出进程。线程池和事件循环也要有停止信号和 drain 逻辑。 这类题先抓主线，再补边界；不要一开始把所有分支都铺开。 原理拆开 - 先判断问题属于语言、系统、网络、存储还是工程设计。 - 再给主线答案，不要一开始就铺很多分支。 - 最后补一个典型易错点，让答案显得有边界。 下面是这道题需要掌握的核心内容： 答： 停止 accept 新连接，通知负载均衡摘流，等待已有请求完成或超时，关闭空闲连接，持久化必要状态，最后退出进程。线程池和事件循环也要有停止信号和 drain 逻辑。 代码/伪代码示例 代码见原文 底层原理再往下一层 再往下一层看，综合题通常不是单点知识，而是让你把机制、场景和取舍连起来。先定边界，再讲实现，最后说验证方式。 面试回答版 回答时可以按“三段式”讲： 1. 先给结论，直接回答它是什么或怎么做。 2. 再解释原因，把底层机制或设计动机讲出来。 3. 最后补一个边界，例如什么时候不适用、哪里容易错、工程里怎么验证。 如果只剩 30 秒，可以压缩成：答： 停止 accept 新连接，通知负载均衡摘流，等待已有请求完成或超时，关闭空闲连接，持久化必要状态，最后退出进程。线程池和事件循环也要有停止信号和 drain 逻辑。 易错点 不要过度发散。先答核心，再补边界和取舍。 面试官可能继续追问 - 这个结论适用边界是什么？ - 有没有反例？ - 工程里会怎么验证？	综合
限速和背压有什么区别？	这题在考什么 考察你能否把概念、场景和工程取舍串起来，而不是孤立背结论。 先用人话理解 这题可以先抓住一句主线：答： 限速是主动限制请求或数据速率；背压是下游处理不过来时向上游反馈，让上游减速或停止发送。高性能服务不能只无限排队，要让压力可控。 这类题先抓主线，再补边界；不要一开始把所有分支都铺开。 原理拆开 - 先判断问题属于语言、系统、网络、存储还是工程设计。 - 再给主线答案，不要一开始就铺很多分支。 - 最后补一个典型易错点，让答案显得有边界。 下面是这道题需要掌握的核心内容： 答： 限速是主动限制请求或数据速率；背压是下游处理不过来时向上游反馈，让上游减速或停止发送。高性能服务不能只无限排队，要让压力可控。 代码/伪代码示例 代码见原文 底层原理再往下一层 再往下一层看，综合题通常不是单点知识，而是让你把机制、场景和取舍连起来。先定边界，再讲实现，最后说验证方式。 面试回答版 回答时可以按“三段式”讲： 1. 先给结论，直接回答它是什么或怎么做。 2. 再解释原因，把底层机制或设计动机讲出来。 3. 最后补一个边界，例如什么时候不适用、哪里容易错、工程里怎么验证。 如果只剩 30 秒，可以压缩成：答： 限速是主动限制请求或数据速率；背压是下游处理不过来时向上游反馈，让上游减速或停止发送。高性能服务不能只无限排队，要让压力可控。 易错点 不要过度发散。先答核心，再补边界和取舍。 面试官可能继续追问 - 这个结论适用边界是什么？ - 有没有反例？ - 工程里会怎么验证？	综合
连接池有什么坑？	这题在考什么 考察你是否理解协议边界、连接状态、缓冲区、可靠性和服务端处理流程。 先用人话理解 这题可以先抓住一句主线：答： 连接池能减少建连成本，但要处理连接泄漏、空闲超时、健康检查、最大连接数、等待队列、故障摘除、慢连接隔离。连接池过大可能压垮下游。 学习网络题时，可以先区分传输层保证了什么，应用层还需要自己补什么。 原理拆开 - 先说明协议提供什么、不提供什么，例如 TCP 提供字节流可靠传输，但不提供消息边界。 - 再把状态变化讲清楚，例如握手、挥手、缓冲区可读可写。 - 服务端问题要落到非阻塞 IO、缓冲区、超时、背压和连接生命周期。 下面是这道题需要掌握的核心内容： 答： 连接池能减少建连成本，但要处理连接泄漏、空闲超时、健康检查、最大连接数、等待队列、故障摘除、慢连接隔离。连接池过大可能压垮下游。 代码/伪代码示例 代码见原文 底层原理再往下一层 再往下一层看，网络代码的关键是内核 socket 缓冲区、状态机、重传、拥塞控制和应用层协议边界。服务端 bug 常常不是协议不会背，而是缓冲区和状态没处理好。 面试回答版 回答时可以按“三段式”讲： 1. 先给结论，直接回答它是什么或怎么做。 2. 再解释原因，把底层机制或设计动机讲出来。 3. 最后补一个边界，例如什么时候不适用、哪里容易错、工程里怎么验证。 如果只剩 30 秒，可以压缩成：答： 连接池能减少建连成本，但要处理连接泄漏、空闲超时、健康检查、最大连接数、等待队列、故障摘除、慢连接隔离。连接池过大可能压垮下游。 易错点 不要把 TCP 当成消息协议。粘包、半包、超时、CLOSE_WAIT 这类问题都要回到连接和缓冲区。 面试官可能继续追问 - 如果读不完/写不完怎么办？ - 超时、断连、半包如何处理？ - 大量连接时瓶颈在哪里？	网络
DNS 负载均衡有什么问题？	这题在考什么 考察你是否理解协议边界、连接状态、缓冲区、可靠性和服务端处理流程。 先用人话理解 这题可以先抓住一句主线：答： DNS 负载均衡简单，但受缓存和 TTL 影响，故障切换不够实时，客户端可能长期使用旧 IP。通常要配合健康检查、短 TTL 或更上层负载均衡。 学习网络题时，可以先区分传输层保证了什么，应用层还需要自己补什么。 原理拆开 - 先说明协议提供什么、不提供什么，例如 TCP 提供字节流可靠传输，但不提供消息边界。 - 再把状态变化讲清楚，例如握手、挥手、缓冲区可读可写。 - 服务端问题要落到非阻塞 IO、缓冲区、超时、背压和连接生命周期。 下面是这道题需要掌握的核心内容： 答： DNS 负载均衡简单，但受缓存和 TTL 影响，故障切换不够实时，客户端可能长期使用旧 IP。通常要配合健康检查、短 TTL 或更上层负载均衡。 代码/伪代码示例 代码见原文 底层原理再往下一层 再往下一层看，网络代码的关键是内核 socket 缓冲区、状态机、重传、拥塞控制和应用层协议边界。服务端 bug 常常不是协议不会背，而是缓冲区和状态没处理好。 面试回答版 回答时可以按“三段式”讲： 1. 先给结论，直接回答它是什么或怎么做。 2. 再解释原因，把底层机制或设计动机讲出来。 3. 最后补一个边界，例如什么时候不适用、哪里容易错、工程里怎么验证。 如果只剩 30 秒，可以压缩成：答： DNS 负载均衡简单，但受缓存和 TTL 影响，故障切换不够实时，客户端可能长期使用旧 IP。通常要配合健康检查、短 TTL 或更上层负载均衡。 易错点 不要把 TCP 当成消息协议。粘包、半包、超时、CLOSE_WAIT 这类问题都要回到连接和缓冲区。 面试官可能继续追问 - 如果读不完/写不完怎么办？ - 超时、断连、半包如何处理？ - 大量连接时瓶颈在哪里？	网络
WebSocket 和 HTTP 长轮询区别？	这题在考什么 考察你是否理解协议边界、连接状态、缓冲区、可靠性和服务端处理流程。 先用人话理解 这题可以先抓住一句主线：答： WebSocket 建立后是全双工长连接，服务端可主动推送；长轮询是客户端发请求等待服务端有数据再返回，然后再次发起请求。WebSocket 更适合实时双向通信。 学习网络题时，可以先区分传输层保证了什么，应用层还需要自己补什么。 原理拆开 - 先说明协议提供什么、不提供什么，例如 TCP 提供字节流可靠传输，但不提供消息边界。 - 再把状态变化讲清楚，例如握手、挥手、缓冲区可读可写。 - 服务端问题要落到非阻塞 IO、缓冲区、超时、背压和连接生命周期。 下面是这道题需要掌握的核心内容： 答： WebSocket 建立后是全双工长连接，服务端可主动推送；长轮询是客户端发请求等待服务端有数据再返回，然后再次发起请求。WebSocket 更适合实时双向通信。 代码/伪代码示例 代码见原文 底层原理再往下一层 再往下一层看，网络代码的关键是内核 socket 缓冲区、状态机、重传、拥塞控制和应用层协议边界。服务端 bug 常常不是协议不会背，而是缓冲区和状态没处理好。 面试回答版 回答时可以按“三段式”讲： 1. 先给结论，直接回答它是什么或怎么做。 2. 再解释原因，把底层机制或设计动机讲出来。 3. 最后补一个边界，例如什么时候不适用、哪里容易错、工程里怎么验证。 如果只剩 30 秒，可以压缩成：答： WebSocket 建立后是全双工长连接，服务端可主动推送；长轮询是客户端发请求等待服务端有数据再返回，然后再次发起请求。WebSocket 更适合实时双向通信。 易错点 不要把 TCP 当成消息协议。粘包、半包、超时、CLOSE_WAIT 这类问题都要回到连接和缓冲区。 面试官可能继续追问 - 如果读不完/写不完怎么办？ - 超时、断连、半包如何处理？ - 大量连接时瓶颈在哪里？	网络
QUIC 相比 TCP+TLS 有什么优势？	这题在考什么 考察你是否理解协议边界、连接状态、缓冲区、可靠性和服务端处理流程。 先用人话理解 这题可以先抓住一句主线：答： QUIC 基于 UDP，在用户态实现可靠传输、加密和多路复用，减少连接建立延迟，改善 TCP 队头阻塞问题，并支持连接迁移。代价是实现复杂、调试和网络设备兼容性要考虑。 TCP 只保证一条可靠字节流，不知道你的业务消息从哪里开始、到哪里结束。 原理拆开 - 先说明协议提供什么、不提供什么，例如 TCP 提供字节流可靠传输，但不提供消息边界。 - 再把状态变化讲清楚，例如握手、挥手、缓冲区可读可写。 - 服务端问题要落到非阻塞 IO、缓冲区、超时、背压和连接生命周期。 下面是这道题需要掌握的核心内容： 答： QUIC 基于 UDP，在用户态实现可靠传输、加密和多路复用，减少连接建立延迟，改善 TCP 队头阻塞问题，并支持连接迁移。代价是实现复杂、调试和网络设备兼容性要考虑。 代码/伪代码示例 代码见原文 底层原理再往下一层 再往下一层看，网络代码的关键是内核 socket 缓冲区、状态机、重传、拥塞控制和应用层协议边界。服务端 bug 常常不是协议不会背，而是缓冲区和状态没处理好。 TCP 的可靠性依赖序列号、ACK、重传、滑动窗口和拥塞控制。应用层看到的是有序字节流，但内核内部维护发送/接收缓冲区和连接状态机。 面试回答版 回答时可以按“三段式”讲： 1. 先给结论，直接回答它是什么或怎么做。 2. 再解释原因，把底层机制或设计动机讲出来。 3. 最后补一个边界，例如什么时候不适用、哪里容易错、工程里怎么验证。 如果只剩 30 秒，可以压缩成：答： QUIC 基于 UDP，在用户态实现可靠传输、加密和多路复用，减少连接建立延迟，改善 TCP 队头阻塞问题，并支持连接迁移。代价是实现复杂、调试和网络设备兼容性要考虑。 易错点 不要把 TCP 当成消息协议。粘包、半包、超时、CLOSE_WAIT 这类问题都要回到连接和缓冲区。 面试官可能继续追问 - 如果读不完/写不完怎么办？ - 超时、断连、半包如何处理？ - 大量连接时瓶颈在哪里？	网络
MySQL redo log 和 undo log 区别？	这题在考什么 考察你对索引、事务、锁、日志和一致性的理解，重点不是背术语，而是能解释为什么这样设计。 先用人话理解 这题可以先抓住一句主线：答： redo log 记录物理页修改，用于崩溃恢复，保证持久性；undo log 记录旧版本，用于事务回滚和 MVCC 版本链，保证原子性和一致性读。 学习数据库题时，可以把一次查询拆成：走哪个索引、读多少行、是否回表、是否加锁。 原理拆开 - 先说明数据结构或机制服务于什么目标：减少 IO、保证隔离、支持恢复。 - 再解释读写路径，例如是否回表、是否加锁、是否读快照。 - 最后联系 SQL 写法和索引设计，避免只讲存储引擎内部术语。 下面是这道题需要掌握的核心内容： 答： redo log 记录物理页修改，用于崩溃恢复，保证持久性；undo log 记录旧版本，用于事务回滚和 MVCC 版本链，保证原子性和一致性读。 代码/伪代码示例 代码见原文 底层原理再往下一层 再往下一层看，数据库问题往往落到页、B+ 树、undo/redo 日志、锁、事务可见性和执行计划。要能把一个 SQL 从索引扫描到回表再到加锁讲出来。 面试回答版 回答时可以按“三段式”讲： 1. 先给结论，直接回答它是什么或怎么做。 2. 再解释原因，把底层机制或设计动机讲出来。 3. 最后补一个边界，例如什么时候不适用、哪里容易错、工程里怎么验证。 如果只剩 30 秒，可以压缩成：答： redo log 记录物理页修改，用于崩溃恢复，保证持久性；undo log 记录旧版本，用于事务回滚和 MVCC 版本链，保证原子性和一致性读。 易错点 不要只背 B+ 树/MVCC，要能说明查询怎么走、为什么会回表、为什么会加锁。 面试官可能继续追问 - 这条 SQL 会不会走索引？ - 并发事务下会不会加锁或产生幻读？ - 如何用 explain 或日志验证？	数据库
binlog 和 redo log 区别？	这题在考什么 考察你对索引、事务、锁、日志和一致性的理解，重点不是背术语，而是能解释为什么这样设计。 先用人话理解 这题可以先抓住一句主线：答： binlog 是 MySQL Server 层逻辑日志，主要用于主从复制和增量恢复；redo log 是 InnoDB 存储引擎层物理日志，用于崩溃恢复。事务提交时两者通过两阶段提交保证一致。 学习数据库题时，可以把一次查询拆成：走哪个索引、读多少行、是否回表、是否加锁。 原理拆开 - 先说明数据结构或机制服务于什么目标：减少 IO、保证隔离、支持恢复。 - 再解释读写路径，例如是否回表、是否加锁、是否读快照。 - 最后联系 SQL 写法和索引设计，避免只讲存储引擎内部术语。 下面是这道题需要掌握的核心内容： 答： binlog 是 MySQL Server 层逻辑日志，主要用于主从复制和增量恢复；redo log 是 InnoDB 存储引擎层物理日志，用于崩溃恢复。事务提交时两者通过两阶段提交保证一致。 代码/伪代码示例 代码见原文 底层原理再往下一层 再往下一层看，数据库问题往往落到页、B+ 树、undo/redo 日志、锁、事务可见性和执行计划。要能把一个 SQL 从索引扫描到回表再到加锁讲出来。 面试回答版 回答时可以按“三段式”讲： 1. 先给结论，直接回答它是什么或怎么做。 2. 再解释原因，把底层机制或设计动机讲出来。 3. 最后补一个边界，例如什么时候不适用、哪里容易错、工程里怎么验证。 如果只剩 30 秒，可以压缩成：答： binlog 是 MySQL Server 层逻辑日志，主要用于主从复制和增量恢复；redo log 是 InnoDB 存储引擎层物理日志，用于崩溃恢复。事务提交时两者通过两阶段提交保证一致。 易错点 不要只背 B+ 树/MVCC，要能说明查询怎么走、为什么会回表、为什么会加锁。 面试官可能继续追问 - 这条 SQL 会不会走索引？ - 并发事务下会不会加锁或产生幻读？ - 如何用 explain 或日志验证？	数据库
两阶段提交解决什么？	这题在考什么 考察你对索引、事务、锁、日志和一致性的理解，重点不是背术语，而是能解释为什么这样设计。 先用人话理解 这题可以先抓住一句主线：答： MySQL 中 redo log 和 binlog 都要记录事务结果。两阶段提交通过 prepare redo、写 binlog、commit redo 的流程，避免崩溃后两个日志状态不一致，保证主从复制和恢复一致性。 学习数据库题时，可以把一次查询拆成：走哪个索引、读多少行、是否回表、是否加锁。 原理拆开 - 先说明数据结构或机制服务于什么目标：减少 IO、保证隔离、支持恢复。 - 再解释读写路径，例如是否回表、是否加锁、是否读快照。 - 最后联系 SQL 写法和索引设计，避免只讲存储引擎内部术语。 下面是这道题需要掌握的核心内容： 答： MySQL 中 redo log 和 binlog 都要记录事务结果。两阶段提交通过 prepare redo、写 binlog、commit redo 的流程，避免崩溃后两个日志状态不一致，保证主从复制和恢复一致性。 代码/伪代码示例 代码见原文 底层原理再往下一层 再往下一层看，数据库问题往往落到页、B+ 树、undo/redo 日志、锁、事务可见性和执行计划。要能把一个 SQL 从索引扫描到回表再到加锁讲出来。 面试回答版 回答时可以按“三段式”讲： 1. 先给结论，直接回答它是什么或怎么做。 2. 再解释原因，把底层机制或设计动机讲出来。 3. 最后补一个边界，例如什么时候不适用、哪里容易错、工程里怎么验证。 如果只剩 30 秒，可以压缩成：答： MySQL 中 redo log 和 binlog 都要记录事务结果。两阶段提交通过 prepare redo、写 binlog、commit redo 的流程，避免崩溃后两个日志状态不一致，保证主从复制和恢复一致性。 易错点 不要只背 B+ 树/MVCC，要能说明查询怎么走、为什么会回表、为什么会加锁。 面试官可能继续追问 - 这条 SQL 会不会走索引？ - 并发事务下会不会加锁或产生幻读？ - 如何用 explain 或日志验证？	数据库
脏读、不可重复读、幻读区别？	这题在考什么 考察你对索引、事务、锁、日志和一致性的理解，重点不是背术语，而是能解释为什么这样设计。 先用人话理解 这题可以先抓住一句主线：答： 脏读是读到未提交数据；不可重复读是同一行数据两次读取值不同；幻读是同一范围两次读取出现新增或消失的行。不同隔离级别对这些问题的防护程度不同。 学习数据库题时，可以把一次查询拆成：走哪个索引、读多少行、是否回表、是否加锁。 原理拆开 - 先说明数据结构或机制服务于什么目标：减少 IO、保证隔离、支持恢复。 - 再解释读写路径，例如是否回表、是否加锁、是否读快照。 - 最后联系 SQL 写法和索引设计，避免只讲存储引擎内部术语。 下面是这道题需要掌握的核心内容： 答： 脏读是读到未提交数据；不可重复读是同一行数据两次读取值不同；幻读是同一范围两次读取出现新增或消失的行。不同隔离级别对这些问题的防护程度不同。 代码/伪代码示例 代码见原文 底层原理再往下一层 再往下一层看，数据库问题往往落到页、B+ 树、undo/redo 日志、锁、事务可见性和执行计划。要能把一个 SQL 从索引扫描到回表再到加锁讲出来。 面试回答版 回答时可以按“三段式”讲： 1. 先给结论，直接回答它是什么或怎么做。 2. 再解释原因，把底层机制或设计动机讲出来。 3. 最后补一个边界，例如什么时候不适用、哪里容易错、工程里怎么验证。 如果只剩 30 秒，可以压缩成：答： 脏读是读到未提交数据；不可重复读是同一行数据两次读取值不同；幻读是同一范围两次读取出现新增或消失的行。不同隔离级别对这些问题的防护程度不同。 易错点 不要只背 B+ 树/MVCC，要能说明查询怎么走、为什么会回表、为什么会加锁。 面试官可能继续追问 - 这条 SQL 会不会走索引？ - 并发事务下会不会加锁或产生幻读？ - 如何用 explain 或日志验证？	数据库
MySQL 默认隔离级别是什么？	这题在考什么 考察你对索引、事务、锁、日志和一致性的理解，重点不是背术语，而是能解释为什么这样设计。 先用人话理解 这题可以先抓住一句主线：答： InnoDB 常见默认隔离级别是可重复读。它通过 MVCC 让快照读在事务内看到一致视图，并通过 next-key lock 等机制处理当前读下的幻读问题。 学习数据库题时，可以把一次查询拆成：走哪个索引、读多少行、是否回表、是否加锁。 原理拆开 - 先说明数据结构或机制服务于什么目标：减少 IO、保证隔离、支持恢复。 - 再解释读写路径，例如是否回表、是否加锁、是否读快照。 - 最后联系 SQL 写法和索引设计，避免只讲存储引擎内部术语。 下面是这道题需要掌握的核心内容： 答： InnoDB 常见默认隔离级别是可重复读。它通过 MVCC 让快照读在事务内看到一致视图，并通过 next-key lock 等机制处理当前读下的幻读问题。 代码/伪代码示例 代码见原文 底层原理再往下一层 再往下一层看，数据库问题往往落到页、B+ 树、undo/redo 日志、锁、事务可见性和执行计划。要能把一个 SQL 从索引扫描到回表再到加锁讲出来。 面试回答版 回答时可以按“三段式”讲： 1. 先给结论，直接回答它是什么或怎么做。 2. 再解释原因，把底层机制或设计动机讲出来。 3. 最后补一个边界，例如什么时候不适用、哪里容易错、工程里怎么验证。 如果只剩 30 秒，可以压缩成：答： InnoDB 常见默认隔离级别是可重复读。它通过 MVCC 让快照读在事务内看到一致视图，并通过 next-key lock 等机制处理当前读下的幻读问题。 易错点 不要只背 B+ 树/MVCC，要能说明查询怎么走、为什么会回表、为什么会加锁。 面试官可能继续追问 - 这条 SQL 会不会走索引？ - 并发事务下会不会加锁或产生幻读？ - 如何用 explain 或日志验证？	数据库
count(*)、count(1)、count(column) 区别？	这题在考什么 考察你对索引、事务、锁、日志和一致性的理解，重点不是背术语，而是能解释为什么这样设计。 先用人话理解 这题可以先抓住一句主线：答： count(*) 统计行数，不关心列值；count(1) 类似统计常量；count(column) 只统计该列非 NULL 的行。InnoDB 中具体性能取决于优化器和索引选择，不要简单说 count(1) 一定更快。 学习数据库题时，可以把一次查询拆成：走哪个索引、读多少行、是否回表、是否加锁。 原理拆开 - 先说明数据结构或机制服务于什么目标：减少 IO、保证隔离、支持恢复。 - 再解释读写路径，例如是否回表、是否加锁、是否读快照。 - 最后联系 SQL 写法和索引设计，避免只讲存储引擎内部术语。 下面是这道题需要掌握的核心内容： 答： count(*) 统计行数，不关心列值；count(1) 类似统计常量；count(column) 只统计该列非 NULL 的行。InnoDB 中具体性能取决于优化器和索引选择，不要简单说 count(1) 一定更快。 代码/伪代码示例 代码见原文 底层原理再往下一层 再往下一层看，数据库问题往往落到页、B+ 树、undo/redo 日志、锁、事务可见性和执行计划。要能把一个 SQL 从索引扫描到回表再到加锁讲出来。 面试回答版 回答时可以按“三段式”讲： 1. 先给结论，直接回答它是什么或怎么做。 2. 再解释原因，把底层机制或设计动机讲出来。 3. 最后补一个边界，例如什么时候不适用、哪里容易错、工程里怎么验证。 如果只剩 30 秒，可以压缩成：答： count(*) 统计行数，不关心列值；count(1) 类似统计常量；count(column) 只统计该列非 NULL 的行。InnoDB 中具体性能取决于优化器和索引选择，不要简单说 count(1) 一定更快。 易错点 不要只背 B+ 树/MVCC，要能说明查询怎么走、为什么会回表、为什么会加锁。 面试官可能继续追问 - 这条 SQL 会不会走索引？ - 并发事务下会不会加锁或产生幻读？ - 如何用 explain 或日志验证？	数据库
深分页为什么慢？	这题在考什么 考察你对索引、事务、锁、日志和一致性的理解，重点不是背术语，而是能解释为什么这样设计。 先用人话理解 这题可以先抓住一句主线：答： limit offset, size 需要跳过 offset 行，offset 很大时扫描和回表成本高。优化方式包括基于上次最大 id/排序 key 的游标分页、覆盖索引子查询后回表、限制最大页数。 学习数据库题时，可以把一次查询拆成：走哪个索引、读多少行、是否回表、是否加锁。 原理拆开 - 先说明数据结构或机制服务于什么目标：减少 IO、保证隔离、支持恢复。 - 再解释读写路径，例如是否回表、是否加锁、是否读快照。 - 最后联系 SQL 写法和索引设计，避免只讲存储引擎内部术语。 下面是这道题需要掌握的核心内容： 答： limit offset, size 需要跳过 offset 行，offset 很大时扫描和回表成本高。优化方式包括基于上次最大 id/排序 key 的游标分页、覆盖索引子查询后回表、限制最大页数。 代码/伪代码示例 代码见原文 底层原理再往下一层 再往下一层看，数据库问题往往落到页、B+ 树、undo/redo 日志、锁、事务可见性和执行计划。要能把一个 SQL 从索引扫描到回表再到加锁讲出来。 面试回答版 回答时可以按“三段式”讲： 1. 先给结论，直接回答它是什么或怎么做。 2. 再解释原因，把底层机制或设计动机讲出来。 3. 最后补一个边界，例如什么时候不适用、哪里容易错、工程里怎么验证。 如果只剩 30 秒，可以压缩成：答： limit offset, size 需要跳过 offset 行，offset 很大时扫描和回表成本高。优化方式包括基于上次最大 id/排序 key 的游标分页、覆盖索引子查询后回表、限制最大页数。 易错点 不要只背 B+ 树/MVCC，要能说明查询怎么走、为什么会回表、为什么会加锁。 面试官可能继续追问 - 这条 SQL 会不会走索引？ - 并发事务下会不会加锁或产生幻读？ - 如何用 explain 或日志验证？	数据库
覆盖索引为什么快？	这题在考什么 考察你对索引、事务、锁、日志和一致性的理解，重点不是背术语，而是能解释为什么这样设计。 先用人话理解 这题可以先抓住一句主线：答： 查询需要的列都在索引中，存储引擎不用回表读取整行数据，减少随机 IO。常见于二级索引查询只返回索引列和主键。 学习数据库题时，可以把一次查询拆成：走哪个索引、读多少行、是否回表、是否加锁。 原理拆开 - 先说明数据结构或机制服务于什么目标：减少 IO、保证隔离、支持恢复。 - 再解释读写路径，例如是否回表、是否加锁、是否读快照。 - 最后联系 SQL 写法和索引设计，避免只讲存储引擎内部术语。 下面是这道题需要掌握的核心内容： 答： 查询需要的列都在索引中，存储引擎不用回表读取整行数据，减少随机 IO。常见于二级索引查询只返回索引列和主键。 代码/伪代码示例 代码见原文 底层原理再往下一层 再往下一层看，数据库问题往往落到页、B+ 树、undo/redo 日志、锁、事务可见性和执行计划。要能把一个 SQL 从索引扫描到回表再到加锁讲出来。 InnoDB 的索引节点按页组织，查询不是访问单个 key，而是加载页。B+ 树扇出高，树高通常较低，所以一次查找需要的随机 IO 更少。 面试回答版 回答时可以按“三段式”讲： 1. 先给结论，直接回答它是什么或怎么做。 2. 再解释原因，把底层机制或设计动机讲出来。 3. 最后补一个边界，例如什么时候不适用、哪里容易错、工程里怎么验证。 如果只剩 30 秒，可以压缩成：答： 查询需要的列都在索引中，存储引擎不用回表读取整行数据，减少随机 IO。常见于二级索引查询只返回索引列和主键。 易错点 不要只背 B+ 树/MVCC，要能说明查询怎么走、为什么会回表、为什么会加锁。 面试官可能继续追问 - 这条 SQL 会不会走索引？ - 并发事务下会不会加锁或产生幻读？ - 如何用 explain 或日志验证？	数据库
索引下推 ICP 是什么？	这题在考什么 考察你对索引、事务、锁、日志和一致性的理解，重点不是背术语，而是能解释为什么这样设计。 先用人话理解 这题可以先抓住一句主线：答： ICP 让存储引擎在扫描索引时尽量先用索引中的条件过滤，减少回表次数。它不是让所有条件都能完全使用索引，而是把部分过滤下推到引擎层。 学习数据库题时，可以把一次查询拆成：走哪个索引、读多少行、是否回表、是否加锁。 原理拆开 - 先说明数据结构或机制服务于什么目标：减少 IO、保证隔离、支持恢复。 - 再解释读写路径，例如是否回表、是否加锁、是否读快照。 - 最后联系 SQL 写法和索引设计，避免只讲存储引擎内部术语。 下面是这道题需要掌握的核心内容： 答： ICP 让存储引擎在扫描索引时尽量先用索引中的条件过滤，减少回表次数。它不是让所有条件都能完全使用索引，而是把部分过滤下推到引擎层。 代码/伪代码示例 代码见原文 底层原理再往下一层 再往下一层看，数据库问题往往落到页、B+ 树、undo/redo 日志、锁、事务可见性和执行计划。要能把一个 SQL 从索引扫描到回表再到加锁讲出来。 InnoDB 的索引节点按页组织，查询不是访问单个 key，而是加载页。B+ 树扇出高，树高通常较低，所以一次查找需要的随机 IO 更少。 面试回答版 回答时可以按“三段式”讲： 1. 先给结论，直接回答它是什么或怎么做。 2. 再解释原因，把底层机制或设计动机讲出来。 3. 最后补一个边界，例如什么时候不适用、哪里容易错、工程里怎么验证。 如果只剩 30 秒，可以压缩成：答： ICP 让存储引擎在扫描索引时尽量先用索引中的条件过滤，减少回表次数。它不是让所有条件都能完全使用索引，而是把部分过滤下推到引擎层。 易错点 不要只背 B+ 树/MVCC，要能说明查询怎么走、为什么会回表、为什么会加锁。 面试官可能继续追问 - 这条 SQL 会不会走索引？ - 并发事务下会不会加锁或产生幻读？ - 如何用 explain 或日志验证？	数据库
MySQL 死锁怎么处理？	这题在考什么 考察你对索引、事务、锁、日志和一致性的理解，重点不是背术语，而是能解释为什么这样设计。 先用人话理解 这题可以先抓住一句主线：答： InnoDB 能检测死锁并回滚其中一个事务。应用层要捕获死锁错误并重试。预防上要固定更新顺序、缩短事务、避免大范围锁、合理索引减少锁范围。 学习数据库题时，可以把一次查询拆成：走哪个索引、读多少行、是否回表、是否加锁。 原理拆开 - 先说明数据结构或机制服务于什么目标：减少 IO、保证隔离、支持恢复。 - 再解释读写路径，例如是否回表、是否加锁、是否读快照。 - 最后联系 SQL 写法和索引设计，避免只讲存储引擎内部术语。 下面是这道题需要掌握的核心内容： 答： InnoDB 能检测死锁并回滚其中一个事务。应用层要捕获死锁错误并重试。预防上要固定更新顺序、缩短事务、避免大范围锁、合理索引减少锁范围。 代码/伪代码示例 代码见原文 底层原理再往下一层 再往下一层看，数据库问题往往落到页、B+ 树、undo/redo 日志、锁、事务可见性和执行计划。要能把一个 SQL 从索引扫描到回表再到加锁讲出来。 面试回答版 回答时可以按“三段式”讲： 1. 先给结论，直接回答它是什么或怎么做。 2. 再解释原因，把底层机制或设计动机讲出来。 3. 最后补一个边界，例如什么时候不适用、哪里容易错、工程里怎么验证。 如果只剩 30 秒，可以压缩成：答： InnoDB 能检测死锁并回滚其中一个事务。应用层要捕获死锁错误并重试。预防上要固定更新顺序、缩短事务、避免大范围锁、合理索引减少锁范围。 易错点 不要只背 B+ 树/MVCC，要能说明查询怎么走、为什么会回表、为什么会加锁。 面试官可能继续追问 - 这条 SQL 会不会走索引？ - 并发事务下会不会加锁或产生幻读？ - 如何用 explain 或日志验证？	数据库
Redis 单线程为什么还能高并发？	这题在考什么 考察你对索引、事务、锁、日志和一致性的理解，重点不是背术语，而是能解释为什么这样设计。 先用人话理解 这题可以先抓住一句主线：答： Redis 核心命令执行主要在单线程，避免锁竞争；数据在内存，操作快；使用 IO 多路复用处理连接。新版 Redis 在网络 IO、后台任务等方面也有多线程辅助，但命令执行模型仍要按版本区分。 Redis 快不代表所有命令都快。大 key、慢 Lua、阻塞命令会让单线程事件循环卡住。 原理拆开 - 先说明数据结构或机制服务于什么目标：减少 IO、保证隔离、支持恢复。 - 再解释读写路径，例如是否回表、是否加锁、是否读快照。 - 最后联系 SQL 写法和索引设计，避免只讲存储引擎内部术语。 下面是这道题需要掌握的核心内容： 答： Redis 核心命令执行主要在单线程，避免锁竞争；数据在内存，操作快；使用 IO 多路复用处理连接。新版 Redis 在网络 IO、后台任务等方面也有多线程辅助，但命令执行模型仍要按版本区分。 代码/伪代码示例 代码见原文 底层原理再往下一层 再往下一层看，数据库问题往往落到页、B+ 树、undo/redo 日志、锁、事务可见性和执行计划。要能把一个 SQL 从索引扫描到回表再到加锁讲出来。 Redis 命令执行主路径通常在事件循环中完成。大 key 或慢命令会占住事件循环，让其他连接也等待，所以 Redis 快的前提是单次命令足够短。 面试回答版 回答时可以按“三段式”讲： 1. 先给结论，直接回答它是什么或怎么做。 2. 再解释原因，把底层机制或设计动机讲出来。 3. 最后补一个边界，例如什么时候不适用、哪里容易错、工程里怎么验证。 如果只剩 30 秒，可以压缩成：答： Redis 核心命令执行主要在单线程，避免锁竞争；数据在内存，操作快；使用 IO 多路复用处理连接。新版 Redis 在网络 IO、后台任务等方面也有多线程辅助，但命令执行模型仍要按版本区分。 易错点 不要只背 B+ 树/MVCC，要能说明查询怎么走、为什么会回表、为什么会加锁。 面试官可能继续追问 - 这条 SQL 会不会走索引？ - 并发事务下会不会加锁或产生幻读？ - 如何用 explain 或日志验证？	数据库
Redis 大 key 有什么问题？	这题在考什么 考察你对索引、事务、锁、日志和一致性的理解，重点不是背术语，而是能解释为什么这样设计。 先用人话理解 这题可以先抓住一句主线：答： 大 key 会导致网络传输慢、阻塞事件循环、内存分布不均、删除卡顿、迁移困难。治理包括拆分 key、限制集合大小、分批删除、异步 unlink、监控 bigkeys。 Redis 快不代表所有命令都快。大 key、慢 Lua、阻塞命令会让单线程事件循环卡住。 原理拆开 - 先说明数据结构或机制服务于什么目标：减少 IO、保证隔离、支持恢复。 - 再解释读写路径，例如是否回表、是否加锁、是否读快照。 - 最后联系 SQL 写法和索引设计，避免只讲存储引擎内部术语。 下面是这道题需要掌握的核心内容： 答： 大 key 会导致网络传输慢、阻塞事件循环、内存分布不均、删除卡顿、迁移困难。治理包括拆分 key、限制集合大小、分批删除、异步 unlink、监控 bigkeys。 代码/伪代码示例 代码见原文 底层原理再往下一层 再往下一层看，数据库问题往往落到页、B+ 树、undo/redo 日志、锁、事务可见性和执行计划。要能把一个 SQL 从索引扫描到回表再到加锁讲出来。 Redis 命令执行主路径通常在事件循环中完成。大 key 或慢命令会占住事件循环，让其他连接也等待，所以 Redis 快的前提是单次命令足够短。 面试回答版 回答时可以按“三段式”讲： 1. 先给结论，直接回答它是什么或怎么做。 2. 再解释原因，把底层机制或设计动机讲出来。 3. 最后补一个边界，例如什么时候不适用、哪里容易错、工程里怎么验证。 如果只剩 30 秒，可以压缩成：答： 大 key 会导致网络传输慢、阻塞事件循环、内存分布不均、删除卡顿、迁移困难。治理包括拆分 key、限制集合大小、分批删除、异步 unlink、监控 bigkeys。 易错点 不要只背 B+ 树/MVCC，要能说明查询怎么走、为什么会回表、为什么会加锁。 面试官可能继续追问 - 这条 SQL 会不会走索引？ - 并发事务下会不会加锁或产生幻读？ - 如何用 explain 或日志验证？	数据库
Redis 热 key 怎么发现和处理？	这题在考什么 考察你对索引、事务、锁、日志和一致性的理解，重点不是背术语，而是能解释为什么这样设计。 先用人话理解 这题可以先抓住一句主线：答： 可通过监控、proxy 统计、客户端埋点、hotkeys 采样等方式发现。处理方式包括本地缓存、多副本读、拆分 key、请求合并、限流和预热。 Redis 快不代表所有命令都快。大 key、慢 Lua、阻塞命令会让单线程事件循环卡住。 原理拆开 - 先说明数据结构或机制服务于什么目标：减少 IO、保证隔离、支持恢复。 - 再解释读写路径，例如是否回表、是否加锁、是否读快照。 - 最后联系 SQL 写法和索引设计，避免只讲存储引擎内部术语。 下面是这道题需要掌握的核心内容： 答： 可通过监控、proxy 统计、客户端埋点、hotkeys 采样等方式发现。处理方式包括本地缓存、多副本读、拆分 key、请求合并、限流和预热。 代码/伪代码示例 代码见原文 底层原理再往下一层 再往下一层看，数据库问题往往落到页、B+ 树、undo/redo 日志、锁、事务可见性和执行计划。要能把一个 SQL 从索引扫描到回表再到加锁讲出来。 Redis 命令执行主路径通常在事件循环中完成。大 key 或慢命令会占住事件循环，让其他连接也等待，所以 Redis 快的前提是单次命令足够短。 面试回答版 回答时可以按“三段式”讲： 1. 先给结论，直接回答它是什么或怎么做。 2. 再解释原因，把底层机制或设计动机讲出来。 3. 最后补一个边界，例如什么时候不适用、哪里容易错、工程里怎么验证。 如果只剩 30 秒，可以压缩成：答： 可通过监控、proxy 统计、客户端埋点、hotkeys 采样等方式发现。处理方式包括本地缓存、多副本读、拆分 key、请求合并、限流和预热。 易错点 不要只背 B+ 树/MVCC，要能说明查询怎么走、为什么会回表、为什么会加锁。 面试官可能继续追问 - 这条 SQL 会不会走索引？ - 并发事务下会不会加锁或产生幻读？ - 如何用 explain 或日志验证？	数据库
Redis 删除大 key 用 DEL 还是 UNLINK？	这题在考什么 考察你对索引、事务、锁、日志和一致性的理解，重点不是背术语，而是能解释为什么这样设计。 先用人话理解 这题可以先抓住一句主线：答： DEL 同步删除，可能阻塞；UNLINK 把内存释放放到后台线程异步执行，更适合大 key。是否可用取决于 Redis 版本。 Redis 快不代表所有命令都快。大 key、慢 Lua、阻塞命令会让单线程事件循环卡住。 原理拆开 - 先说明数据结构或机制服务于什么目标：减少 IO、保证隔离、支持恢复。 - 再解释读写路径，例如是否回表、是否加锁、是否读快照。 - 最后联系 SQL 写法和索引设计，避免只讲存储引擎内部术语。 下面是这道题需要掌握的核心内容： 答： DEL 同步删除，可能阻塞；UNLINK 把内存释放放到后台线程异步执行，更适合大 key。是否可用取决于 Redis 版本。 代码/伪代码示例 代码见原文 底层原理再往下一层 再往下一层看，数据库问题往往落到页、B+ 树、undo/redo 日志、锁、事务可见性和执行计划。要能把一个 SQL 从索引扫描到回表再到加锁讲出来。 Redis 命令执行主路径通常在事件循环中完成。大 key 或慢命令会占住事件循环，让其他连接也等待，所以 Redis 快的前提是单次命令足够短。 面试回答版 回答时可以按“三段式”讲： 1. 先给结论，直接回答它是什么或怎么做。 2. 再解释原因，把底层机制或设计动机讲出来。 3. 最后补一个边界，例如什么时候不适用、哪里容易错、工程里怎么验证。 如果只剩 30 秒，可以压缩成：答： DEL 同步删除，可能阻塞；UNLINK 把内存释放放到后台线程异步执行，更适合大 key。是否可用取决于 Redis 版本。 易错点 不要只背 B+ 树/MVCC，要能说明查询怎么走、为什么会回表、为什么会加锁。 面试官可能继续追问 - 这条 SQL 会不会走索引？ - 并发事务下会不会加锁或产生幻读？ - 如何用 explain 或日志验证？	数据库
布隆过滤器原理？	这题在考什么 考察你对索引、事务、锁、日志和一致性的理解，重点不是背术语，而是能解释为什么这样设计。 先用人话理解 这题可以先抓住一句主线：答： 布隆过滤器用多个哈希函数把元素映射到位数组。查询时所有位都为 1 才认为可能存在，有误判但无漏判。适合缓存穿透防护，但删除困难，误判率和容量要设计。 学习数据库题时，可以把一次查询拆成：走哪个索引、读多少行、是否回表、是否加锁。 原理拆开 - 先说明数据结构或机制服务于什么目标：减少 IO、保证隔离、支持恢复。 - 再解释读写路径，例如是否回表、是否加锁、是否读快照。 - 最后联系 SQL 写法和索引设计，避免只讲存储引擎内部术语。 下面是这道题需要掌握的核心内容： 答： 布隆过滤器用多个哈希函数把元素映射到位数组。查询时所有位都为 1 才认为可能存在，有误判但无漏判。适合缓存穿透防护，但删除困难，误判率和容量要设计。 代码/伪代码示例 代码见原文 底层原理再往下一层 再往下一层看，数据库问题往往落到页、B+ 树、undo/redo 日志、锁、事务可见性和执行计划。要能把一个 SQL 从索引扫描到回表再到加锁讲出来。 面试回答版 回答时可以按“三段式”讲： 1. 先给结论，直接回答它是什么或怎么做。 2. 再解释原因，把底层机制或设计动机讲出来。 3. 最后补一个边界，例如什么时候不适用、哪里容易错、工程里怎么验证。 如果只剩 30 秒，可以压缩成：答： 布隆过滤器用多个哈希函数把元素映射到位数组。查询时所有位都为 1 才认为可能存在，有误判但无漏判。适合缓存穿透防护，但删除困难，误判率和容量要设计。 易错点 不要只背 B+ 树/MVCC，要能说明查询怎么走、为什么会回表、为什么会加锁。 面试官可能继续追问 - 这条 SQL 会不会走索引？ - 并发事务下会不会加锁或产生幻读？ - 如何用 explain 或日志验证？	数据库
Redis sorted set 为什么适合排行榜？	这题在考什么 考察你对索引、事务、锁、日志和一致性的理解，重点不是背术语，而是能解释为什么这样设计。 先用人话理解 这题可以先抓住一句主线：答： sorted set 存 member 和 score，支持按分数排序、范围查询、排名查询和更新分数。排行榜可以用 score 表示积分或时间戳。 Redis 快不代表所有命令都快。大 key、慢 Lua、阻塞命令会让单线程事件循环卡住。 原理拆开 - 先说明数据结构或机制服务于什么目标：减少 IO、保证隔离、支持恢复。 - 再解释读写路径，例如是否回表、是否加锁、是否读快照。 - 最后联系 SQL 写法和索引设计，避免只讲存储引擎内部术语。 下面是这道题需要掌握的核心内容： 答： sorted set 存 member 和 score，支持按分数排序、范围查询、排名查询和更新分数。排行榜可以用 score 表示积分或时间戳。 代码/伪代码示例 代码见原文 底层原理再往下一层 再往下一层看，数据库问题往往落到页、B+ 树、undo/redo 日志、锁、事务可见性和执行计划。要能把一个 SQL 从索引扫描到回表再到加锁讲出来。 Redis 命令执行主路径通常在事件循环中完成。大 key 或慢命令会占住事件循环，让其他连接也等待，所以 Redis 快的前提是单次命令足够短。 面试回答版 回答时可以按“三段式”讲： 1. 先给结论，直接回答它是什么或怎么做。 2. 再解释原因，把底层机制或设计动机讲出来。 3. 最后补一个边界，例如什么时候不适用、哪里容易错、工程里怎么验证。 如果只剩 30 秒，可以压缩成：答： sorted set 存 member 和 score，支持按分数排序、范围查询、排名查询和更新分数。排行榜可以用 score 表示积分或时间戳。 易错点 不要只背 B+ 树/MVCC，要能说明查询怎么走、为什么会回表、为什么会加锁。 面试官可能继续追问 - 这条 SQL 会不会走索引？ - 并发事务下会不会加锁或产生幻读？ - 如何用 explain 或日志验证？	数据库
MQ 如何保证消息不丢？	这题在考什么 考察你对索引、事务、锁、日志和一致性的理解，重点不是背术语，而是能解释为什么这样设计。 先用人话理解 这题可以先抓住一句主线：答： 生产端要确认发送成功，Broker 要持久化并副本同步，消费端处理成功后再 ack。还要考虑重试、死信队列、监控告警和幂等处理。不同 MQ 具体机制不同。 学习数据库题时，可以把一次查询拆成：走哪个索引、读多少行、是否回表、是否加锁。 原理拆开 - 先说明数据结构或机制服务于什么目标：减少 IO、保证隔离、支持恢复。 - 再解释读写路径，例如是否回表、是否加锁、是否读快照。 - 最后联系 SQL 写法和索引设计，避免只讲存储引擎内部术语。 下面是这道题需要掌握的核心内容： 答： 生产端要确认发送成功，Broker 要持久化并副本同步，消费端处理成功后再 ack。还要考虑重试、死信队列、监控告警和幂等处理。不同 MQ 具体机制不同。 代码/伪代码示例 代码见原文 底层原理再往下一层 再往下一层看，数据库问题往往落到页、B+ 树、undo/redo 日志、锁、事务可见性和执行计划。要能把一个 SQL 从索引扫描到回表再到加锁讲出来。 面试回答版 回答时可以按“三段式”讲： 1. 先给结论，直接回答它是什么或怎么做。 2. 再解释原因，把底层机制或设计动机讲出来。 3. 最后补一个边界，例如什么时候不适用、哪里容易错、工程里怎么验证。 如果只剩 30 秒，可以压缩成：答： 生产端要确认发送成功，Broker 要持久化并副本同步，消费端处理成功后再 ack。还要考虑重试、死信队列、监控告警和幂等处理。不同 MQ 具体机制不同。 易错点 不要只背 B+ 树/MVCC，要能说明查询怎么走、为什么会回表、为什么会加锁。 面试官可能继续追问 - 这条 SQL 会不会走索引？ - 并发事务下会不会加锁或产生幻读？ - 如何用 explain 或日志验证？	数据库
MQ 重复消费怎么处理？	这题在考什么 考察你对索引、事务、锁、日志和一致性的理解，重点不是背术语，而是能解释为什么这样设计。 先用人话理解 这题可以先抓住一句主线：答： 消息系统通常更容易做到至少一次投递，因此业务必须幂等。常用唯一业务 key、去重表、状态机、版本号、Redis setnx 等方式保证重复消息不会产生重复副作用。 学习数据库题时，可以把一次查询拆成：走哪个索引、读多少行、是否回表、是否加锁。 原理拆开 - 先说明数据结构或机制服务于什么目标：减少 IO、保证隔离、支持恢复。 - 再解释读写路径，例如是否回表、是否加锁、是否读快照。 - 最后联系 SQL 写法和索引设计，避免只讲存储引擎内部术语。 下面是这道题需要掌握的核心内容： 答： 消息系统通常更容易做到至少一次投递，因此业务必须幂等。常用唯一业务 key、去重表、状态机、版本号、Redis setnx 等方式保证重复消息不会产生重复副作用。 代码/伪代码示例 代码见原文 底层原理再往下一层 再往下一层看，数据库问题往往落到页、B+ 树、undo/redo 日志、锁、事务可见性和执行计划。要能把一个 SQL 从索引扫描到回表再到加锁讲出来。 面试回答版 回答时可以按“三段式”讲： 1. 先给结论，直接回答它是什么或怎么做。 2. 再解释原因，把底层机制或设计动机讲出来。 3. 最后补一个边界，例如什么时候不适用、哪里容易错、工程里怎么验证。 如果只剩 30 秒，可以压缩成：答： 消息系统通常更容易做到至少一次投递，因此业务必须幂等。常用唯一业务 key、去重表、状态机、版本号、Redis setnx 等方式保证重复消息不会产生重复副作用。 易错点 不要只背 B+ 树/MVCC，要能说明查询怎么走、为什么会回表、为什么会加锁。 面试官可能继续追问 - 这条 SQL 会不会走索引？ - 并发事务下会不会加锁或产生幻读？ - 如何用 explain 或日志验证？	数据库
顺序消息怎么保证？	这题在考什么 考察你对索引、事务、锁、日志和一致性的理解，重点不是背术语，而是能解释为什么这样设计。 先用人话理解 这题可以先抓住一句主线：答： 同一业务实体的消息要发送到同一个队列/分区，并由单消费者按顺序处理。全局顺序代价很大，工程上通常只保证局部顺序。 学习数据库题时，可以把一次查询拆成：走哪个索引、读多少行、是否回表、是否加锁。 原理拆开 - 先说明数据结构或机制服务于什么目标：减少 IO、保证隔离、支持恢复。 - 再解释读写路径，例如是否回表、是否加锁、是否读快照。 - 最后联系 SQL 写法和索引设计，避免只讲存储引擎内部术语。 下面是这道题需要掌握的核心内容： 答： 同一业务实体的消息要发送到同一个队列/分区，并由单消费者按顺序处理。全局顺序代价很大，工程上通常只保证局部顺序。 代码/伪代码示例 代码见原文 底层原理再往下一层 再往下一层看，数据库问题往往落到页、B+ 树、undo/redo 日志、锁、事务可见性和执行计划。要能把一个 SQL 从索引扫描到回表再到加锁讲出来。 面试回答版 回答时可以按“三段式”讲： 1. 先给结论，直接回答它是什么或怎么做。 2. 再解释原因，把底层机制或设计动机讲出来。 3. 最后补一个边界，例如什么时候不适用、哪里容易错、工程里怎么验证。 如果只剩 30 秒，可以压缩成：答： 同一业务实体的消息要发送到同一个队列/分区，并由单消费者按顺序处理。全局顺序代价很大，工程上通常只保证局部顺序。 易错点 不要只背 B+ 树/MVCC，要能说明查询怎么走、为什么会回表、为什么会加锁。 面试官可能继续追问 - 这条 SQL 会不会走索引？ - 并发事务下会不会加锁或产生幻读？ - 如何用 explain 或日志验证？	数据库
延迟队列怎么实现？	这题在考什么 考察你对索引、事务、锁、日志和一致性的理解，重点不是背术语，而是能解释为什么这样设计。 先用人话理解 这题可以先抓住一句主线：答： 可以用 MQ 延迟消息、Redis sorted set 按时间戳轮询、时间轮、小根堆定时器等。要考虑精度、吞吐、可靠性、重启恢复和重复触发。 学习数据库题时，可以把一次查询拆成：走哪个索引、读多少行、是否回表、是否加锁。 原理拆开 - 先说明数据结构或机制服务于什么目标：减少 IO、保证隔离、支持恢复。 - 再解释读写路径，例如是否回表、是否加锁、是否读快照。 - 最后联系 SQL 写法和索引设计，避免只讲存储引擎内部术语。 下面是这道题需要掌握的核心内容： 答： 可以用 MQ 延迟消息、Redis sorted set 按时间戳轮询、时间轮、小根堆定时器等。要考虑精度、吞吐、可靠性、重启恢复和重复触发。 代码/伪代码示例 代码见原文 底层原理再往下一层 再往下一层看，数据库问题往往落到页、B+ 树、undo/redo 日志、锁、事务可见性和执行计划。要能把一个 SQL 从索引扫描到回表再到加锁讲出来。 面试回答版 回答时可以按“三段式”讲： 1. 先给结论，直接回答它是什么或怎么做。 2. 再解释原因，把底层机制或设计动机讲出来。 3. 最后补一个边界，例如什么时候不适用、哪里容易错、工程里怎么验证。 如果只剩 30 秒，可以压缩成：答： 可以用 MQ 延迟消息、Redis sorted set 按时间戳轮询、时间轮、小根堆定时器等。要考虑精度、吞吐、可靠性、重启恢复和重复触发。 易错点 不要只背 B+ 树/MVCC，要能说明查询怎么走、为什么会回表、为什么会加锁。 面试官可能继续追问 - 这条 SQL 会不会走索引？ - 并发事务下会不会加锁或产生幻读？ - 如何用 explain 或日志验证？	数据库
线程池为什么不能无限加线程？	这题在考什么 考察你能不能用稳定的数据结构和不变量写出可解释、可维护的代码。 先用人话理解 这题可以先抓住一句主线：答： 线程过多会增加上下文切换、栈内存占用、锁竞争和调度开销，还可能压垮数据库/下游服务。线程数要根据任务类型、阻塞比例和压测结果确定。 线程池像固定工人加任务队列。重点不只是开几个线程，而是队列、退出、异常和背压。 原理拆开 - 先讲不变量：数据结构在任意时刻必须满足什么条件。 - 再讲操作如何维护不变量，例如插入、删除、移动、扩容、关闭。 - 最后检查边界：空输入、容量 0、重复 key、异常、线程退出。 下面是这道题需要掌握的核心内容： 答： 线程过多会增加上下文切换、栈内存占用、锁竞争和调度开销，还可能压垮数据库/下游服务。线程数要根据任务类型、阻塞比例和压测结果确定。 代码/伪代码示例 代码见原文 底层原理再往下一层 再往下一层看，代码题要抓不变量和边界。每次插入、删除、移动、扩容、退出，都必须维护数据结构不变量，否则复杂度再好也不可靠。 线程池底层依赖条件变量的阻塞/唤醒和任务队列的互斥保护。真正容易错的是停止状态与队列状态的组合，而不是创建线程本身。 面试回答版 回答时可以按“三段式”讲： 1. 先给结论，直接回答它是什么或怎么做。 2. 再解释原因，把底层机制或设计动机讲出来。 3. 最后补一个边界，例如什么时候不适用、哪里容易错、工程里怎么验证。 如果只剩 30 秒，可以压缩成：答： 线程过多会增加上下文切换、栈内存占用、锁竞争和调度开销，还可能压垮数据库/下游服务。线程数要根据任务类型、阻塞比例和压测结果确定。 易错点 不要只写出大概逻辑。边界条件和不变量讲不清楚，面试官会认为代码不稳。 面试官可能继续追问 - 复杂度是多少？ - 边界条件怎么处理？ - 如果要求线程安全或高性能怎么改？	代码
任务队列为什么不能无限长？	这题在考什么 考察你能不能用稳定的数据结构和不变量写出可解释、可维护的代码。 先用人话理解 这题可以先抓住一句主线：答： 无限队列会把压力转化为内存增长和延迟堆积，最后可能 OOM 或超时雪崩。需要容量上限、拒绝策略、降级、限流或背压。 学习代码题时，先说数据结构保持什么不变量，再说明每个操作如何维护它。 原理拆开 - 先讲不变量：数据结构在任意时刻必须满足什么条件。 - 再讲操作如何维护不变量，例如插入、删除、移动、扩容、关闭。 - 最后检查边界：空输入、容量 0、重复 key、异常、线程退出。 下面是这道题需要掌握的核心内容： 答： 无限队列会把压力转化为内存增长和延迟堆积，最后可能 OOM 或超时雪崩。需要容量上限、拒绝策略、降级、限流或背压。 代码/伪代码示例 代码见原文 底层原理再往下一层 再往下一层看，代码题要抓不变量和边界。每次插入、删除、移动、扩容、退出，都必须维护数据结构不变量，否则复杂度再好也不可靠。 面试回答版 回答时可以按“三段式”讲： 1. 先给结论，直接回答它是什么或怎么做。 2. 再解释原因，把底层机制或设计动机讲出来。 3. 最后补一个边界，例如什么时候不适用、哪里容易错、工程里怎么验证。 如果只剩 30 秒，可以压缩成：答： 无限队列会把压力转化为内存增长和延迟堆积，最后可能 OOM 或超时雪崩。需要容量上限、拒绝策略、降级、限流或背压。 易错点 不要只写出大概逻辑。边界条件和不变量讲不清楚，面试官会认为代码不稳。 面试官可能继续追问 - 复杂度是多少？ - 边界条件怎么处理？ - 如果要求线程安全或高性能怎么改？	代码
定时器怎么设计？	这题在考什么 考察你能不能用稳定的数据结构和不变量写出可解释、可维护的代码。 先用人话理解 这题可以先抓住一句主线：答： 少量定时任务可用小根堆，按过期时间取堆顶；大量定时任务可用时间轮降低插入和触发成本。要处理取消、重复任务、时钟回拨和回调耗时。 学习代码题时，先说数据结构保持什么不变量，再说明每个操作如何维护它。 原理拆开 - 先讲不变量：数据结构在任意时刻必须满足什么条件。 - 再讲操作如何维护不变量，例如插入、删除、移动、扩容、关闭。 - 最后检查边界：空输入、容量 0、重复 key、异常、线程退出。 下面是这道题需要掌握的核心内容： 答： 少量定时任务可用小根堆，按过期时间取堆顶；大量定时任务可用时间轮降低插入和触发成本。要处理取消、重复任务、时钟回拨和回调耗时。 代码/伪代码示例 代码见原文 底层原理再往下一层 再往下一层看，代码题要抓不变量和边界。每次插入、删除、移动、扩容、退出，都必须维护数据结构不变量，否则复杂度再好也不可靠。 面试回答版 回答时可以按“三段式”讲： 1. 先给结论，直接回答它是什么或怎么做。 2. 再解释原因，把底层机制或设计动机讲出来。 3. 最后补一个边界，例如什么时候不适用、哪里容易错、工程里怎么验证。 如果只剩 30 秒，可以压缩成：答： 少量定时任务可用小根堆，按过期时间取堆顶；大量定时任务可用时间轮降低插入和触发成本。要处理取消、重复任务、时钟回拨和回调耗时。 易错点 不要只写出大概逻辑。边界条件和不变量讲不清楚，面试官会认为代码不稳。 面试官可能继续追问 - 复杂度是多少？ - 边界条件怎么处理？ - 如果要求线程安全或高性能怎么改？	代码
LRU 和 LFU 区别？	这题在考什么 考察你能不能用稳定的数据结构和不变量写出可解释、可维护的代码。 先用人话理解 这题可以先抓住一句主线：答： LRU 淘汰最久未使用，适合局部性强的访问；LFU 淘汰访问频率最低，适合长期热点明显的场景。LFU 要处理频率老化，否则历史热点可能长期占据缓存。 LRU 同时需要快速查找和快速调整新旧顺序，所以用哈希表加双向链表。 原理拆开 - 先讲不变量：数据结构在任意时刻必须满足什么条件。 - 再讲操作如何维护不变量，例如插入、删除、移动、扩容、关闭。 - 最后检查边界：空输入、容量 0、重复 key、异常、线程退出。 下面是这道题需要掌握的核心内容： 答： LRU 淘汰最久未使用，适合局部性强的访问；LFU 淘汰访问频率最低，适合长期热点明显的场景。LFU 要处理频率老化，否则历史热点可能长期占据缓存。 代码/伪代码示例 代码见原文 底层原理再往下一层 再往下一层看，代码题要抓不变量和边界。每次插入、删除、移动、扩容、退出，都必须维护数据结构不变量，否则复杂度再好也不可靠。 面试回答版 回答时可以按“三段式”讲： 1. 先给结论，直接回答它是什么或怎么做。 2. 再解释原因，把底层机制或设计动机讲出来。 3. 最后补一个边界，例如什么时候不适用、哪里容易错、工程里怎么验证。 如果只剩 30 秒，可以压缩成：答： LRU 淘汰最久未使用，适合局部性强的访问；LFU 淘汰访问频率最低，适合长期热点明显的场景。LFU 要处理频率老化，否则历史热点可能长期占据缓存。 易错点 不要只写出大概逻辑。边界条件和不变量讲不清楚，面试官会认为代码不稳。 面试官可能继续追问 - 复杂度是多少？ - 边界条件怎么处理？ - 如果要求线程安全或高性能怎么改？	代码
一致性哈希为什么要虚拟节点？	这题在考什么 考察你能不能用稳定的数据结构和不变量写出可解释、可维护的代码。 先用人话理解 这题可以先抓住一句主线：答： 真实节点少时哈希环分布可能不均，虚拟节点能让每台机器负责多个小区间，使数据和流量更均衡。节点权重也可通过虚拟节点数量表达。 学习代码题时，先说数据结构保持什么不变量，再说明每个操作如何维护它。 原理拆开 - 先讲不变量：数据结构在任意时刻必须满足什么条件。 - 再讲操作如何维护不变量，例如插入、删除、移动、扩容、关闭。 - 最后检查边界：空输入、容量 0、重复 key、异常、线程退出。 下面是这道题需要掌握的核心内容： 答： 真实节点少时哈希环分布可能不均，虚拟节点能让每台机器负责多个小区间，使数据和流量更均衡。节点权重也可通过虚拟节点数量表达。 代码/伪代码示例 代码见原文 底层原理再往下一层 再往下一层看，代码题要抓不变量和边界。每次插入、删除、移动、扩容、退出，都必须维护数据结构不变量，否则复杂度再好也不可靠。 面试回答版 回答时可以按“三段式”讲： 1. 先给结论，直接回答它是什么或怎么做。 2. 再解释原因，把底层机制或设计动机讲出来。 3. 最后补一个边界，例如什么时候不适用、哪里容易错、工程里怎么验证。 如果只剩 30 秒，可以压缩成：答： 真实节点少时哈希环分布可能不均，虚拟节点能让每台机器负责多个小区间，使数据和流量更均衡。节点权重也可通过虚拟节点数量表达。 易错点 不要只写出大概逻辑。边界条件和不变量讲不清楚，面试官会认为代码不稳。 面试官可能继续追问 - 复杂度是多少？ - 边界条件怎么处理？ - 如果要求线程安全或高性能怎么改？	代码
配置热更新怎么做？	这题在考什么 考察你能不能用稳定的数据结构和不变量写出可解释、可维护的代码。 先用人话理解 这题可以先抓住一句主线：答： 配置更新要有校验、版本号、灰度、回滚和生效边界。多线程读取配置时可用读写锁、原子 shared_ptr 指向不可变配置快照，避免读到半更新状态。 学习代码题时，先说数据结构保持什么不变量，再说明每个操作如何维护它。 原理拆开 - 先讲不变量：数据结构在任意时刻必须满足什么条件。 - 再讲操作如何维护不变量，例如插入、删除、移动、扩容、关闭。 - 最后检查边界：空输入、容量 0、重复 key、异常、线程退出。 下面是这道题需要掌握的核心内容： 答： 配置更新要有校验、版本号、灰度、回滚和生效边界。多线程读取配置时可用读写锁、原子 shared_ptr 指向不可变配置快照，避免读到半更新状态。 代码/伪代码示例 代码见原文 底层原理再往下一层 再往下一层看，代码题要抓不变量和边界。每次插入、删除、移动、扩容、退出，都必须维护数据结构不变量，否则复杂度再好也不可靠。 面试回答版 回答时可以按“三段式”讲： 1. 先给结论，直接回答它是什么或怎么做。 2. 再解释原因，把底层机制或设计动机讲出来。 3. 最后补一个边界，例如什么时候不适用、哪里容易错、工程里怎么验证。 如果只剩 30 秒，可以压缩成：答： 配置更新要有校验、版本号、灰度、回滚和生效边界。多线程读取配置时可用读写锁、原子 shared_ptr 指向不可变配置快照，避免读到半更新状态。 易错点 不要只写出大概逻辑。边界条件和不变量讲不清楚，面试官会认为代码不稳。 面试官可能继续追问 - 复杂度是多少？ - 边界条件怎么处理？ - 如果要求线程安全或高性能怎么改？	代码
日志级别怎么设计？	这题在考什么 考察你能不能用稳定的数据结构和不变量写出可解释、可维护的代码。 先用人话理解 这题可以先抓住一句主线：答： 常见级别有 TRACE/DEBUG/INFO/WARN/ERROR/FATAL。线上默认避免过多 DEBUG，错误日志要包含上下文和可定位信息，敏感信息要脱敏。 学习代码题时，先说数据结构保持什么不变量，再说明每个操作如何维护它。 原理拆开 - 先讲不变量：数据结构在任意时刻必须满足什么条件。 - 再讲操作如何维护不变量，例如插入、删除、移动、扩容、关闭。 - 最后检查边界：空输入、容量 0、重复 key、异常、线程退出。 下面是这道题需要掌握的核心内容： 答： 常见级别有 TRACE/DEBUG/INFO/WARN/ERROR/FATAL。线上默认避免过多 DEBUG，错误日志要包含上下文和可定位信息，敏感信息要脱敏。 代码/伪代码示例 代码见原文 底层原理再往下一层 再往下一层看，代码题要抓不变量和边界。每次插入、删除、移动、扩容、退出，都必须维护数据结构不变量，否则复杂度再好也不可靠。 面试回答版 回答时可以按“三段式”讲： 1. 先给结论，直接回答它是什么或怎么做。 2. 再解释原因，把底层机制或设计动机讲出来。 3. 最后补一个边界，例如什么时候不适用、哪里容易错、工程里怎么验证。 如果只剩 30 秒，可以压缩成：答： 常见级别有 TRACE/DEBUG/INFO/WARN/ERROR/FATAL。线上默认避免过多 DEBUG，错误日志要包含上下文和可定位信息，敏感信息要脱敏。 易错点 不要只写出大概逻辑。边界条件和不变量讲不清楚，面试官会认为代码不稳。 面试官可能继续追问 - 复杂度是多少？ - 边界条件怎么处理？ - 如果要求线程安全或高性能怎么改？	代码
如何设计一个简单内存池？	这题在考什么 考察你能不能用稳定的数据结构和不变量写出可解释、可维护的代码。 先用人话理解 这题可以先抓住一句主线：答： 按大小分级维护空闲链表，申请时从对应链表取块，不够时批量向系统申请；释放时归还链表。要处理对齐、大对象回退、线程安全、重复释放检测和统计监控。 学习代码题时，先说数据结构保持什么不变量，再说明每个操作如何维护它。 原理拆开 - 先讲不变量：数据结构在任意时刻必须满足什么条件。 - 再讲操作如何维护不变量，例如插入、删除、移动、扩容、关闭。 - 最后检查边界：空输入、容量 0、重复 key、异常、线程退出。 下面是这道题需要掌握的核心内容： 答： 按大小分级维护空闲链表，申请时从对应链表取块，不够时批量向系统申请；释放时归还链表。要处理对齐、大对象回退、线程安全、重复释放检测和统计监控。 代码/伪代码示例 代码见原文 底层原理再往下一层 再往下一层看，代码题要抓不变量和边界。每次插入、删除、移动、扩容、退出，都必须维护数据结构不变量，否则复杂度再好也不可靠。 面试回答版 回答时可以按“三段式”讲： 1. 先给结论，直接回答它是什么或怎么做。 2. 再解释原因，把底层机制或设计动机讲出来。 3. 最后补一个边界，例如什么时候不适用、哪里容易错、工程里怎么验证。 如果只剩 30 秒，可以压缩成：答： 按大小分级维护空闲链表，申请时从对应链表取块，不够时批量向系统申请；释放时归还链表。要处理对齐、大对象回退、线程安全、重复释放检测和统计监控。 易错点 不要只写出大概逻辑。边界条件和不变量讲不清楚，面试官会认为代码不稳。 面试官可能继续追问 - 复杂度是多少？ - 边界条件怎么处理？ - 如果要求线程安全或高性能怎么改？	代码
如何设计一个对象池？	这题在考什么 考察你能不能用稳定的数据结构和不变量写出可解释、可维护的代码。 先用人话理解 这题可以先抓住一句主线：答： 对象池复用对象实例，减少构造析构成本。借出对象时初始化状态，归还时清理状态。要特别注意脏状态残留、异常路径归还、并发安全和池容量。 学习代码题时，先说数据结构保持什么不变量，再说明每个操作如何维护它。 原理拆开 - 先讲不变量：数据结构在任意时刻必须满足什么条件。 - 再讲操作如何维护不变量，例如插入、删除、移动、扩容、关闭。 - 最后检查边界：空输入、容量 0、重复 key、异常、线程退出。 下面是这道题需要掌握的核心内容： 答： 对象池复用对象实例，减少构造析构成本。借出对象时初始化状态，归还时清理状态。要特别注意脏状态残留、异常路径归还、并发安全和池容量。 代码/伪代码示例 代码见原文 底层原理再往下一层 再往下一层看，代码题要抓不变量和边界。每次插入、删除、移动、扩容、退出，都必须维护数据结构不变量，否则复杂度再好也不可靠。 面试回答版 回答时可以按“三段式”讲： 1. 先给结论，直接回答它是什么或怎么做。 2. 再解释原因，把底层机制或设计动机讲出来。 3. 最后补一个边界，例如什么时候不适用、哪里容易错、工程里怎么验证。 如果只剩 30 秒，可以压缩成：答： 对象池复用对象实例，减少构造析构成本。借出对象时初始化状态，归还时清理状态。要特别注意脏状态残留、异常路径归还、并发安全和池容量。 易错点 不要只写出大概逻辑。边界条件和不变量讲不清楚，面试官会认为代码不稳。 面试官可能继续追问 - 复杂度是多少？ - 边界条件怎么处理？ - 如果要求线程安全或高性能怎么改？	代码
如何设计限流器？	这题在考什么 考察你能不能用稳定的数据结构和不变量写出可解释、可维护的代码。 先用人话理解 这题可以先抓住一句主线：答： 先明确限流维度：用户、IP、接口、全局还是租户。算法可选令牌桶、漏桶、滑动窗口。分布式限流要考虑中心存储开销、时间同步和降级策略。 学习代码题时，先说数据结构保持什么不变量，再说明每个操作如何维护它。 原理拆开 - 先讲不变量：数据结构在任意时刻必须满足什么条件。 - 再讲操作如何维护不变量，例如插入、删除、移动、扩容、关闭。 - 最后检查边界：空输入、容量 0、重复 key、异常、线程退出。 下面是这道题需要掌握的核心内容： 答： 先明确限流维度：用户、IP、接口、全局还是租户。算法可选令牌桶、漏桶、滑动窗口。分布式限流要考虑中心存储开销、时间同步和降级策略。 代码/伪代码示例 代码见原文 底层原理再往下一层 再往下一层看，代码题要抓不变量和边界。每次插入、删除、移动、扩容、退出，都必须维护数据结构不变量，否则复杂度再好也不可靠。 面试回答版 回答时可以按“三段式”讲： 1. 先给结论，直接回答它是什么或怎么做。 2. 再解释原因，把底层机制或设计动机讲出来。 3. 最后补一个边界，例如什么时候不适用、哪里容易错、工程里怎么验证。 如果只剩 30 秒，可以压缩成：答： 先明确限流维度：用户、IP、接口、全局还是租户。算法可选令牌桶、漏桶、滑动窗口。分布式限流要考虑中心存储开销、时间同步和降级策略。 易错点 不要只写出大概逻辑。边界条件和不变量讲不清楚，面试官会认为代码不稳。 面试官可能继续追问 - 复杂度是多少？ - 边界条件怎么处理？ - 如果要求线程安全或高性能怎么改？	代码
如何设计一个排行榜？	这题在考什么 考察你能不能用稳定的数据结构和不变量写出可解释、可维护的代码。 先用人话理解 这题可以先抓住一句主线：答： 小规模可直接数据库排序；高频读写可用 Redis sorted set 存分数和成员，定期落库。要考虑同分排序、分页、赛季重置、历史榜和作弊修正。 学习代码题时，先说数据结构保持什么不变量，再说明每个操作如何维护它。 原理拆开 - 先讲不变量：数据结构在任意时刻必须满足什么条件。 - 再讲操作如何维护不变量，例如插入、删除、移动、扩容、关闭。 - 最后检查边界：空输入、容量 0、重复 key、异常、线程退出。 下面是这道题需要掌握的核心内容： 答： 小规模可直接数据库排序；高频读写可用 Redis sorted set 存分数和成员，定期落库。要考虑同分排序、分页、赛季重置、历史榜和作弊修正。 代码/伪代码示例 代码见原文 底层原理再往下一层 再往下一层看，代码题要抓不变量和边界。每次插入、删除、移动、扩容、退出，都必须维护数据结构不变量，否则复杂度再好也不可靠。 面试回答版 回答时可以按“三段式”讲： 1. 先给结论，直接回答它是什么或怎么做。 2. 再解释原因，把底层机制或设计动机讲出来。 3. 最后补一个边界，例如什么时候不适用、哪里容易错、工程里怎么验证。 如果只剩 30 秒，可以压缩成：答： 小规模可直接数据库排序；高频读写可用 Redis sorted set 存分数和成员，定期落库。要考虑同分排序、分页、赛季重置、历史榜和作弊修正。 易错点 不要只写出大概逻辑。边界条件和不变量讲不清楚，面试官会认为代码不稳。 面试官可能继续追问 - 复杂度是多少？ - 边界条件怎么处理？ - 如果要求线程安全或高性能怎么改？	代码
如何设计短链接系统？	这题在考什么 考察你能不能用稳定的数据结构和不变量写出可解释、可维护的代码。 先用人话理解 这题可以先抓住一句主线：答： 核心是长链到短码映射。短码可用自增 ID 转 Base62、随机码查重或号段发号。要考虑跳转性能、缓存、过期、黑名单、统计和防刷。 学习代码题时，先说数据结构保持什么不变量，再说明每个操作如何维护它。 原理拆开 - 先讲不变量：数据结构在任意时刻必须满足什么条件。 - 再讲操作如何维护不变量，例如插入、删除、移动、扩容、关闭。 - 最后检查边界：空输入、容量 0、重复 key、异常、线程退出。 下面是这道题需要掌握的核心内容： 答： 核心是长链到短码映射。短码可用自增 ID 转 Base62、随机码查重或号段发号。要考虑跳转性能、缓存、过期、黑名单、统计和防刷。 代码/伪代码示例 代码见原文 底层原理再往下一层 再往下一层看，代码题要抓不变量和边界。每次插入、删除、移动、扩容、退出，都必须维护数据结构不变量，否则复杂度再好也不可靠。 面试回答版 回答时可以按“三段式”讲： 1. 先给结论，直接回答它是什么或怎么做。 2. 再解释原因，把底层机制或设计动机讲出来。 3. 最后补一个边界，例如什么时候不适用、哪里容易错、工程里怎么验证。 如果只剩 30 秒，可以压缩成：答： 核心是长链到短码映射。短码可用自增 ID 转 Base62、随机码查重或号段发号。要考虑跳转性能、缓存、过期、黑名单、统计和防刷。 易错点 不要只写出大概逻辑。边界条件和不变量讲不清楚，面试官会认为代码不稳。 面试官可能继续追问 - 复杂度是多少？ - 边界条件怎么处理？ - 如果要求线程安全或高性能怎么改？	代码
如何设计秒杀系统？	这题在考什么 考察你能不能用稳定的数据结构和不变量写出可解释、可维护的代码。 先用人话理解 这题可以先抓住一句主线：答： 核心是把请求挡在数据库前：静态资源 CDN、接口限流、库存预热到 Redis、原子扣减、异步下单、消息队列削峰、幂等和防重复提交。最终还要和数据库订单一致性对账。 学习代码题时，先说数据结构保持什么不变量，再说明每个操作如何维护它。 原理拆开 - 先讲不变量：数据结构在任意时刻必须满足什么条件。 - 再讲操作如何维护不变量，例如插入、删除、移动、扩容、关闭。 - 最后检查边界：空输入、容量 0、重复 key、异常、线程退出。 下面是这道题需要掌握的核心内容： 答： 核心是把请求挡在数据库前：静态资源 CDN、接口限流、库存预热到 Redis、原子扣减、异步下单、消息队列削峰、幂等和防重复提交。最终还要和数据库订单一致性对账。 代码/伪代码示例 代码见原文 底层原理再往下一层 再往下一层看，代码题要抓不变量和边界。每次插入、删除、移动、扩容、退出，都必须维护数据结构不变量，否则复杂度再好也不可靠。 面试回答版 回答时可以按“三段式”讲： 1. 先给结论，直接回答它是什么或怎么做。 2. 再解释原因，把底层机制或设计动机讲出来。 3. 最后补一个边界，例如什么时候不适用、哪里容易错、工程里怎么验证。 如果只剩 30 秒，可以压缩成：答： 核心是把请求挡在数据库前：静态资源 CDN、接口限流、库存预热到 Redis、原子扣减、异步下单、消息队列削峰、幂等和防重复提交。最终还要和数据库订单一致性对账。 易错点 不要只写出大概逻辑。边界条件和不变量讲不清楚，面试官会认为代码不稳。 面试官可能继续追问 - 复杂度是多少？ - 边界条件怎么处理？ - 如果要求线程安全或高性能怎么改？	代码
如何设计登录态？	这题在考什么 考察你能不能用稳定的数据结构和不变量写出可解释、可维护的代码。 先用人话理解 这题可以先抓住一句主线：答： 可用 session 或 token。session 存服务端，客户端持 session id；JWT 自包含但撤销和续期复杂。要考虑过期、刷新、踢下线、CSRF/XSS、防重放和多端登录。 学习代码题时，先说数据结构保持什么不变量，再说明每个操作如何维护它。 原理拆开 - 先讲不变量：数据结构在任意时刻必须满足什么条件。 - 再讲操作如何维护不变量，例如插入、删除、移动、扩容、关闭。 - 最后检查边界：空输入、容量 0、重复 key、异常、线程退出。 下面是这道题需要掌握的核心内容： 答： 可用 session 或 token。session 存服务端，客户端持 session id；JWT 自包含但撤销和续期复杂。要考虑过期、刷新、踢下线、CSRF/XSS、防重放和多端登录。 代码/伪代码示例 代码见原文 底层原理再往下一层 再往下一层看，代码题要抓不变量和边界。每次插入、删除、移动、扩容、退出，都必须维护数据结构不变量，否则复杂度再好也不可靠。 面试回答版 回答时可以按“三段式”讲： 1. 先给结论，直接回答它是什么或怎么做。 2. 再解释原因，把底层机制或设计动机讲出来。 3. 最后补一个边界，例如什么时候不适用、哪里容易错、工程里怎么验证。 如果只剩 30 秒，可以压缩成：答： 可用 session 或 token。session 存服务端，客户端持 session id；JWT 自包含但撤销和续期复杂。要考虑过期、刷新、踢下线、CSRF/XSS、防重放和多端登录。 易错点 不要只写出大概逻辑。边界条件和不变量讲不清楚，面试官会认为代码不稳。 面试官可能继续追问 - 复杂度是多少？ - 边界条件怎么处理？ - 如果要求线程安全或高性能怎么改？	代码
接口超时怎么设计？	这题在考什么 考察你能不能用稳定的数据结构和不变量写出可解释、可维护的代码。 先用人话理解 这题可以先抓住一句主线：答： 客户端、网关、服务端、数据库都要有超时，且上游超时应略大于下游总预算。超时后要可取消、可重试但不能无限重试，并结合幂等和熔断。 学习代码题时，先说数据结构保持什么不变量，再说明每个操作如何维护它。 原理拆开 - 先讲不变量：数据结构在任意时刻必须满足什么条件。 - 再讲操作如何维护不变量，例如插入、删除、移动、扩容、关闭。 - 最后检查边界：空输入、容量 0、重复 key、异常、线程退出。 下面是这道题需要掌握的核心内容： 答： 客户端、网关、服务端、数据库都要有超时，且上游超时应略大于下游总预算。超时后要可取消、可重试但不能无限重试，并结合幂等和熔断。 代码/伪代码示例 代码见原文 底层原理再往下一层 再往下一层看，代码题要抓不变量和边界。每次插入、删除、移动、扩容、退出，都必须维护数据结构不变量，否则复杂度再好也不可靠。 面试回答版 回答时可以按“三段式”讲： 1. 先给结论，直接回答它是什么或怎么做。 2. 再解释原因，把底层机制或设计动机讲出来。 3. 最后补一个边界，例如什么时候不适用、哪里容易错、工程里怎么验证。 如果只剩 30 秒，可以压缩成：答： 客户端、网关、服务端、数据库都要有超时，且上游超时应略大于下游总预算。超时后要可取消、可重试但不能无限重试，并结合幂等和熔断。 易错点 不要只写出大概逻辑。边界条件和不变量讲不清楚，面试官会认为代码不稳。 面试官可能继续追问 - 复杂度是多少？ - 边界条件怎么处理？ - 如果要求线程安全或高性能怎么改？	代码
重试有什么风险？	这题在考什么 考察你能不能用稳定的数据结构和不变量写出可解释、可维护的代码。 先用人话理解 这题可以先抓住一句主线：答： 重试可能放大流量、造成重复写、加重故障。要设置最大次数、退避抖动、只对可重试错误重试，并保证业务幂等。 学习代码题时，先说数据结构保持什么不变量，再说明每个操作如何维护它。 原理拆开 - 先讲不变量：数据结构在任意时刻必须满足什么条件。 - 再讲操作如何维护不变量，例如插入、删除、移动、扩容、关闭。 - 最后检查边界：空输入、容量 0、重复 key、异常、线程退出。 下面是这道题需要掌握的核心内容： 答： 重试可能放大流量、造成重复写、加重故障。要设置最大次数、退避抖动、只对可重试错误重试，并保证业务幂等。 代码/伪代码示例 代码见原文 底层原理再往下一层 再往下一层看，代码题要抓不变量和边界。每次插入、删除、移动、扩容、退出，都必须维护数据结构不变量，否则复杂度再好也不可靠。 面试回答版 回答时可以按“三段式”讲： 1. 先给结论，直接回答它是什么或怎么做。 2. 再解释原因，把底层机制或设计动机讲出来。 3. 最后补一个边界，例如什么时候不适用、哪里容易错、工程里怎么验证。 如果只剩 30 秒，可以压缩成：答： 重试可能放大流量、造成重复写、加重故障。要设置最大次数、退避抖动、只对可重试错误重试，并保证业务幂等。 易错点 不要只写出大概逻辑。边界条件和不变量讲不清楚，面试官会认为代码不稳。 面试官可能继续追问 - 复杂度是多少？ - 边界条件怎么处理？ - 如果要求线程安全或高性能怎么改？	代码
熔断和降级区别？	这题在考什么 考察你能不能用稳定的数据结构和不变量写出可解释、可维护的代码。 先用人话理解 这题可以先抓住一句主线：答： 熔断是在下游错误率或延迟过高时暂时停止调用，防止故障扩散；降级是返回简化结果或关闭非核心功能，保证核心链路可用。两者常配合使用。 学习代码题时，先说数据结构保持什么不变量，再说明每个操作如何维护它。 原理拆开 - 先讲不变量：数据结构在任意时刻必须满足什么条件。 - 再讲操作如何维护不变量，例如插入、删除、移动、扩容、关闭。 - 最后检查边界：空输入、容量 0、重复 key、异常、线程退出。 下面是这道题需要掌握的核心内容： 答： 熔断是在下游错误率或延迟过高时暂时停止调用，防止故障扩散；降级是返回简化结果或关闭非核心功能，保证核心链路可用。两者常配合使用。 代码/伪代码示例 代码见原文 底层原理再往下一层 再往下一层看，代码题要抓不变量和边界。每次插入、删除、移动、扩容、退出，都必须维护数据结构不变量，否则复杂度再好也不可靠。 面试回答版 回答时可以按“三段式”讲： 1. 先给结论，直接回答它是什么或怎么做。 2. 再解释原因，把底层机制或设计动机讲出来。 3. 最后补一个边界，例如什么时候不适用、哪里容易错、工程里怎么验证。 如果只剩 30 秒，可以压缩成：答： 熔断是在下游错误率或延迟过高时暂时停止调用，防止故障扩散；降级是返回简化结果或关闭非核心功能，保证核心链路可用。两者常配合使用。 易错点 不要只写出大概逻辑。边界条件和不变量讲不清楚，面试官会认为代码不稳。 面试官可能继续追问 - 复杂度是多少？ - 边界条件怎么处理？ - 如果要求线程安全或高性能怎么改？	代码
如何做灰度发布？	这题在考什么 考察你能不能用稳定的数据结构和不变量写出可解释、可维护的代码。 先用人话理解 这题可以先抓住一句主线：答： 按用户、流量比例、地区、机器分批发布，监控错误率、延迟、核心业务指标。发现异常要能快速回滚。配置、数据库变更和代码发布顺序要兼容。 学习代码题时，先说数据结构保持什么不变量，再说明每个操作如何维护它。 原理拆开 - 先讲不变量：数据结构在任意时刻必须满足什么条件。 - 再讲操作如何维护不变量，例如插入、删除、移动、扩容、关闭。 - 最后检查边界：空输入、容量 0、重复 key、异常、线程退出。 下面是这道题需要掌握的核心内容： 答： 按用户、流量比例、地区、机器分批发布，监控错误率、延迟、核心业务指标。发现异常要能快速回滚。配置、数据库变更和代码发布顺序要兼容。 代码/伪代码示例 代码见原文 底层原理再往下一层 再往下一层看，代码题要抓不变量和边界。每次插入、删除、移动、扩容、退出，都必须维护数据结构不变量，否则复杂度再好也不可靠。 面试回答版 回答时可以按“三段式”讲： 1. 先给结论，直接回答它是什么或怎么做。 2. 再解释原因，把底层机制或设计动机讲出来。 3. 最后补一个边界，例如什么时候不适用、哪里容易错、工程里怎么验证。 如果只剩 30 秒，可以压缩成：答： 按用户、流量比例、地区、机器分批发布，监控错误率、延迟、核心业务指标。发现异常要能快速回滚。配置、数据库变更和代码发布顺序要兼容。 易错点 不要只写出大概逻辑。边界条件和不变量讲不清楚，面试官会认为代码不稳。 面试官可能继续追问 - 复杂度是多少？ - 边界条件怎么处理？ - 如果要求线程安全或高性能怎么改？	代码
数据库迁移如何避免停机？	这题在考什么 考察你能不能用稳定的数据结构和不变量写出可解释、可维护的代码。 先用人话理解 这题可以先抓住一句主线：答： 常用 expand-migrate-contract：先加兼容字段和代码双写，再迁移历史数据，验证后读新字段，最后删除旧字段。避免一次性破坏旧版本代码。 学习代码题时，先说数据结构保持什么不变量，再说明每个操作如何维护它。 原理拆开 - 先讲不变量：数据结构在任意时刻必须满足什么条件。 - 再讲操作如何维护不变量，例如插入、删除、移动、扩容、关闭。 - 最后检查边界：空输入、容量 0、重复 key、异常、线程退出。 下面是这道题需要掌握的核心内容： 答： 常用 expand-migrate-contract：先加兼容字段和代码双写，再迁移历史数据，验证后读新字段，最后删除旧字段。避免一次性破坏旧版本代码。 代码/伪代码示例 代码见原文 底层原理再往下一层 再往下一层看，代码题要抓不变量和边界。每次插入、删除、移动、扩容、退出，都必须维护数据结构不变量，否则复杂度再好也不可靠。 面试回答版 回答时可以按“三段式”讲： 1. 先给结论，直接回答它是什么或怎么做。 2. 再解释原因，把底层机制或设计动机讲出来。 3. 最后补一个边界，例如什么时候不适用、哪里容易错、工程里怎么验证。 如果只剩 30 秒，可以压缩成：答： 常用 expand-migrate-contract：先加兼容字段和代码双写，再迁移历史数据，验证后读新字段，最后删除旧字段。避免一次性破坏旧版本代码。 易错点 不要只写出大概逻辑。边界条件和不变量讲不清楚，面试官会认为代码不稳。 面试官可能继续追问 - 复杂度是多少？ - 边界条件怎么处理？ - 如果要求线程安全或高性能怎么改？	代码
线上问题复盘应该包含什么？	这题在考什么 考察你能不能用稳定的数据结构和不变量写出可解释、可维护的代码。 先用人话理解 这题可以先抓住一句主线：答： 包括时间线、影响范围、根因、触发条件、恢复动作、为什么监控没提前发现、长期修复和防复发措施。复盘重点是系统改进，不是甩锅。 学习代码题时，先说数据结构保持什么不变量，再说明每个操作如何维护它。 原理拆开 - 先讲不变量：数据结构在任意时刻必须满足什么条件。 - 再讲操作如何维护不变量，例如插入、删除、移动、扩容、关闭。 - 最后检查边界：空输入、容量 0、重复 key、异常、线程退出。 下面是这道题需要掌握的核心内容： 答： 包括时间线、影响范围、根因、触发条件、恢复动作、为什么监控没提前发现、长期修复和防复发措施。复盘重点是系统改进，不是甩锅。 代码/伪代码示例 代码见原文 底层原理再往下一层 再往下一层看，代码题要抓不变量和边界。每次插入、删除、移动、扩容、退出，都必须维护数据结构不变量，否则复杂度再好也不可靠。 面试回答版 回答时可以按“三段式”讲： 1. 先给结论，直接回答它是什么或怎么做。 2. 再解释原因，把底层机制或设计动机讲出来。 3. 最后补一个边界，例如什么时候不适用、哪里容易错、工程里怎么验证。 如果只剩 30 秒，可以压缩成：答： 包括时间线、影响范围、根因、触发条件、恢复动作、为什么监控没提前发现、长期修复和防复发措施。复盘重点是系统改进，不是甩锅。 易错点 不要只写出大概逻辑。边界条件和不变量讲不清楚，面试官会认为代码不稳。 面试官可能继续追问 - 复杂度是多少？ - 边界条件怎么处理？ - 如果要求线程安全或高性能怎么改？	代码
如何评价一个接口的性能？	这题在考什么 考察你能不能用稳定的数据结构和不变量写出可解释、可维护的代码。 先用人话理解 这题可以先抓住一句主线：答： 看 QPS、平均延迟、P95/P99、错误率、资源使用、下游耗时和稳定性。只看平均延迟会掩盖尾延迟问题。 学习代码题时，先说数据结构保持什么不变量，再说明每个操作如何维护它。 原理拆开 - 先讲不变量：数据结构在任意时刻必须满足什么条件。 - 再讲操作如何维护不变量，例如插入、删除、移动、扩容、关闭。 - 最后检查边界：空输入、容量 0、重复 key、异常、线程退出。 下面是这道题需要掌握的核心内容： 答： 看 QPS、平均延迟、P95/P99、错误率、资源使用、下游耗时和稳定性。只看平均延迟会掩盖尾延迟问题。 代码/伪代码示例 代码见原文 底层原理再往下一层 再往下一层看，代码题要抓不变量和边界。每次插入、删除、移动、扩容、退出，都必须维护数据结构不变量，否则复杂度再好也不可靠。 面试回答版 回答时可以按“三段式”讲： 1. 先给结论，直接回答它是什么或怎么做。 2. 再解释原因，把底层机制或设计动机讲出来。 3. 最后补一个边界，例如什么时候不适用、哪里容易错、工程里怎么验证。 如果只剩 30 秒，可以压缩成：答： 看 QPS、平均延迟、P95/P99、错误率、资源使用、下游耗时和稳定性。只看平均延迟会掩盖尾延迟问题。 易错点 不要只写出大概逻辑。边界条件和不变量讲不清楚，面试官会认为代码不稳。 面试官可能继续追问 - 复杂度是多少？ - 边界条件怎么处理？ - 如果要求线程安全或高性能怎么改？	代码
为什么 P99 重要？	这题在考什么 考察你能不能用稳定的数据结构和不变量写出可解释、可维护的代码。 先用人话理解 这题可以先抓住一句主线：答： 用户体验和级联系统常被尾延迟影响。平均值好看不代表多数请求稳定，P99 能暴露锁竞争、GC/刷盘、慢查询、网络抖动等偶发慢路径。 学习代码题时，先说数据结构保持什么不变量，再说明每个操作如何维护它。 原理拆开 - 先讲不变量：数据结构在任意时刻必须满足什么条件。 - 再讲操作如何维护不变量，例如插入、删除、移动、扩容、关闭。 - 最后检查边界：空输入、容量 0、重复 key、异常、线程退出。 下面是这道题需要掌握的核心内容： 答： 用户体验和级联系统常被尾延迟影响。平均值好看不代表多数请求稳定，P99 能暴露锁竞争、GC/刷盘、慢查询、网络抖动等偶发慢路径。 代码/伪代码示例 代码见原文 底层原理再往下一层 再往下一层看，代码题要抓不变量和边界。每次插入、删除、移动、扩容、退出，都必须维护数据结构不变量，否则复杂度再好也不可靠。 面试回答版 回答时可以按“三段式”讲： 1. 先给结论，直接回答它是什么或怎么做。 2. 再解释原因，把底层机制或设计动机讲出来。 3. 最后补一个边界，例如什么时候不适用、哪里容易错、工程里怎么验证。 如果只剩 30 秒，可以压缩成：答： 用户体验和级联系统常被尾延迟影响。平均值好看不代表多数请求稳定，P99 能暴露锁竞争、GC/刷盘、慢查询、网络抖动等偶发慢路径。 易错点 不要只写出大概逻辑。边界条件和不变量讲不清楚，面试官会认为代码不稳。 面试官可能继续追问 - 复杂度是多少？ - 边界条件怎么处理？ - 如果要求线程安全或高性能怎么改？	代码
如何写一个可测试的 C++ 模块？	这题在考什么 考察你能不能用稳定的数据结构和不变量写出可解释、可维护的代码。 先用人话理解 这题可以先抓住一句主线：答： 降低全局状态，依赖通过接口注入，核心逻辑和 IO 分离，边界条件可构造，时间/随机/网络等外部依赖可替换。这样单元测试不需要真实连数据库或网络。 学习代码题时，先说数据结构保持什么不变量，再说明每个操作如何维护它。 原理拆开 - 先讲不变量：数据结构在任意时刻必须满足什么条件。 - 再讲操作如何维护不变量，例如插入、删除、移动、扩容、关闭。 - 最后检查边界：空输入、容量 0、重复 key、异常、线程退出。 下面是这道题需要掌握的核心内容： 答： 降低全局状态，依赖通过接口注入，核心逻辑和 IO 分离，边界条件可构造，时间/随机/网络等外部依赖可替换。这样单元测试不需要真实连数据库或网络。 代码/伪代码示例 代码见原文 底层原理再往下一层 再往下一层看，代码题要抓不变量和边界。每次插入、删除、移动、扩容、退出，都必须维护数据结构不变量，否则复杂度再好也不可靠。 面试回答版 回答时可以按“三段式”讲： 1. 先给结论，直接回答它是什么或怎么做。 2. 再解释原因，把底层机制或设计动机讲出来。 3. 最后补一个边界，例如什么时候不适用、哪里容易错、工程里怎么验证。 如果只剩 30 秒，可以压缩成：答： 降低全局状态，依赖通过接口注入，核心逻辑和 IO 分离，边界条件可构造，时间/随机/网络等外部依赖可替换。这样单元测试不需要真实连数据库或网络。 易错点 不要只写出大概逻辑。边界条件和不变量讲不清楚，面试官会认为代码不稳。 面试官可能继续追问 - 复杂度是多少？ - 边界条件怎么处理？ - 如果要求线程安全或高性能怎么改？	代码
代码 review 重点看什么？	这题在考什么 考察你能不能用稳定的数据结构和不变量写出可解释、可维护的代码。 先用人话理解 这题可以先抓住一句主线：答： 看正确性、边界条件、错误处理、资源生命周期、并发安全、复杂度、可读性和测试覆盖。风格问题可以自动化，人工重点看机器不容易发现的行为风险。 学习代码题时，先说数据结构保持什么不变量，再说明每个操作如何维护它。 原理拆开 - 先讲不变量：数据结构在任意时刻必须满足什么条件。 - 再讲操作如何维护不变量，例如插入、删除、移动、扩容、关闭。 - 最后检查边界：空输入、容量 0、重复 key、异常、线程退出。 下面是这道题需要掌握的核心内容： 答： 看正确性、边界条件、错误处理、资源生命周期、并发安全、复杂度、可读性和测试覆盖。风格问题可以自动化，人工重点看机器不容易发现的行为风险。 代码/伪代码示例 代码见原文 底层原理再往下一层 再往下一层看，代码题要抓不变量和边界。每次插入、删除、移动、扩容、退出，都必须维护数据结构不变量，否则复杂度再好也不可靠。 面试回答版 回答时可以按“三段式”讲： 1. 先给结论，直接回答它是什么或怎么做。 2. 再解释原因，把底层机制或设计动机讲出来。 3. 最后补一个边界，例如什么时候不适用、哪里容易错、工程里怎么验证。 如果只剩 30 秒，可以压缩成：答： 看正确性、边界条件、错误处理、资源生命周期、并发安全、复杂度、可读性和测试覆盖。风格问题可以自动化，人工重点看机器不容易发现的行为风险。 易错点 不要只写出大概逻辑。边界条件和不变量讲不清楚，面试官会认为代码不稳。 面试官可能继续追问 - 复杂度是多少？ - 边界条件怎么处理？ - 如果要求线程安全或高性能怎么改？	代码
C++ 项目如何减少编译时间？	这题在考什么 考察你能不能用稳定的数据结构和不变量写出可解释、可维护的代码。 先用人话理解 这题可以先抓住一句主线：答： 减少头文件包含、使用前向声明、PIMPL、拆分模板实现、预编译头、ccache、合理模块边界。头文件改动会触发大量重编译，是大项目常见痛点。 学习代码题时，先说数据结构保持什么不变量，再说明每个操作如何维护它。 原理拆开 - 先讲不变量：数据结构在任意时刻必须满足什么条件。 - 再讲操作如何维护不变量，例如插入、删除、移动、扩容、关闭。 - 最后检查边界：空输入、容量 0、重复 key、异常、线程退出。 下面是这道题需要掌握的核心内容： 答： 减少头文件包含、使用前向声明、PIMPL、拆分模板实现、预编译头、ccache、合理模块边界。头文件改动会触发大量重编译，是大项目常见痛点。 代码/伪代码示例 代码见原文 底层原理再往下一层 再往下一层看，代码题要抓不变量和边界。每次插入、删除、移动、扩容、退出，都必须维护数据结构不变量，否则复杂度再好也不可靠。 面试回答版 回答时可以按“三段式”讲： 1. 先给结论，直接回答它是什么或怎么做。 2. 再解释原因，把底层机制或设计动机讲出来。 3. 最后补一个边界，例如什么时候不适用、哪里容易错、工程里怎么验证。 如果只剩 30 秒，可以压缩成：答： 减少头文件包含、使用前向声明、PIMPL、拆分模板实现、预编译头、ccache、合理模块边界。头文件改动会触发大量重编译，是大项目常见痛点。 易错点 不要只写出大概逻辑。边界条件和不变量讲不清楚，面试官会认为代码不稳。 面试官可能继续追问 - 复杂度是多少？ - 边界条件怎么处理？ - 如果要求线程安全或高性能怎么改？	代码
ABI 兼容是什么？	这题在考什么 考察你能不能用稳定的数据结构和不变量写出可解释、可维护的代码。 先用人话理解 这题可以先抓住一句主线：答： ABI 是二进制接口，包括函数调用约定、对象布局、符号名等。动态库升级时如果改变类布局、虚函数表、导出符号，可能导致旧程序运行崩溃。稳定 ABI 通常用 C 接口或 PIMPL。 学习代码题时，先说数据结构保持什么不变量，再说明每个操作如何维护它。 原理拆开 - 先讲不变量：数据结构在任意时刻必须满足什么条件。 - 再讲操作如何维护不变量，例如插入、删除、移动、扩容、关闭。 - 最后检查边界：空输入、容量 0、重复 key、异常、线程退出。 下面是这道题需要掌握的核心内容： 答： ABI 是二进制接口，包括函数调用约定、对象布局、符号名等。动态库升级时如果改变类布局、虚函数表、导出符号，可能导致旧程序运行崩溃。稳定 ABI 通常用 C 接口或 PIMPL。 代码/伪代码示例 代码见原文 底层原理再往下一层 再往下一层看，代码题要抓不变量和边界。每次插入、删除、移动、扩容、退出，都必须维护数据结构不变量，否则复杂度再好也不可靠。 面试回答版 回答时可以按“三段式”讲： 1. 先给结论，直接回答它是什么或怎么做。 2. 再解释原因，把底层机制或设计动机讲出来。 3. 最后补一个边界，例如什么时候不适用、哪里容易错、工程里怎么验证。 如果只剩 30 秒，可以压缩成：答： ABI 是二进制接口，包括函数调用约定、对象布局、符号名等。动态库升级时如果改变类布局、虚函数表、导出符号，可能导致旧程序运行崩溃。稳定 ABI 通常用 C 接口或 PIMPL。 易错点 不要只写出大概逻辑。边界条件和不变量讲不清楚，面试官会认为代码不稳。 面试官可能继续追问 - 复杂度是多少？ - 边界条件怎么处理？ - 如果要求线程安全或高性能怎么改？	代码
如何处理跨平台差异？	这题在考什么 考察你能不能用稳定的数据结构和不变量写出可解释、可维护的代码。 先用人话理解 这题可以先抓住一句主线：答： 把平台相关代码隔离到适配层，统一接口；用条件编译集中处理差异；优先使用标准库和成熟跨平台库。不要让平台判断散落在业务代码里。 学习代码题时，先说数据结构保持什么不变量，再说明每个操作如何维护它。 原理拆开 - 先讲不变量：数据结构在任意时刻必须满足什么条件。 - 再讲操作如何维护不变量，例如插入、删除、移动、扩容、关闭。 - 最后检查边界：空输入、容量 0、重复 key、异常、线程退出。 下面是这道题需要掌握的核心内容： 答： 把平台相关代码隔离到适配层，统一接口；用条件编译集中处理差异；优先使用标准库和成熟跨平台库。不要让平台判断散落在业务代码里。 代码/伪代码示例 代码见原文 底层原理再往下一层 再往下一层看，代码题要抓不变量和边界。每次插入、删除、移动、扩容、退出，都必须维护数据结构不变量，否则复杂度再好也不可靠。 面试回答版 回答时可以按“三段式”讲： 1. 先给结论，直接回答它是什么或怎么做。 2. 再解释原因，把底层机制或设计动机讲出来。 3. 最后补一个边界，例如什么时候不适用、哪里容易错、工程里怎么验证。 如果只剩 30 秒，可以压缩成：答： 把平台相关代码隔离到适配层，统一接口；用条件编译集中处理差异；优先使用标准库和成熟跨平台库。不要让平台判断散落在业务代码里。 易错点 不要只写出大概逻辑。边界条件和不变量讲不清楚，面试官会认为代码不稳。 面试官可能继续追问 - 复杂度是多少？ - 边界条件怎么处理？ - 如果要求线程安全或高性能怎么改？	代码
如何避免头文件循环依赖？	这题在考什么 考察你能不能用稳定的数据结构和不变量写出可解释、可维护的代码。 先用人话理解 这题可以先抓住一句主线：答： 能前向声明就不 include 完整定义；头文件只暴露必要类型；实现细节放 cpp；接口依赖抽象而不是具体类。循环依赖通常说明模块边界需要调整。 学习代码题时，先说数据结构保持什么不变量，再说明每个操作如何维护它。 原理拆开 - 先讲不变量：数据结构在任意时刻必须满足什么条件。 - 再讲操作如何维护不变量，例如插入、删除、移动、扩容、关闭。 - 最后检查边界：空输入、容量 0、重复 key、异常、线程退出。 下面是这道题需要掌握的核心内容： 答： 能前向声明就不 include 完整定义；头文件只暴露必要类型；实现细节放 cpp；接口依赖抽象而不是具体类。循环依赖通常说明模块边界需要调整。 代码/伪代码示例 代码见原文 底层原理再往下一层 再往下一层看，代码题要抓不变量和边界。每次插入、删除、移动、扩容、退出，都必须维护数据结构不变量，否则复杂度再好也不可靠。 面试回答版 回答时可以按“三段式”讲： 1. 先给结论，直接回答它是什么或怎么做。 2. 再解释原因，把底层机制或设计动机讲出来。 3. 最后补一个边界，例如什么时候不适用、哪里容易错、工程里怎么验证。 如果只剩 30 秒，可以压缩成：答： 能前向声明就不 include 完整定义；头文件只暴露必要类型；实现细节放 cpp；接口依赖抽象而不是具体类。循环依赖通常说明模块边界需要调整。 易错点 不要只写出大概逻辑。边界条件和不变量讲不清楚，面试官会认为代码不稳。 面试官可能继续追问 - 复杂度是多少？ - 边界条件怎么处理？ - 如果要求线程安全或高性能怎么改？	代码
面试手撕代码时不会最优解怎么办？	这题在考什么 考察你能不能用稳定的数据结构和不变量写出可解释、可维护的代码。 先用人话理解 这题可以先抓住一句主线：答： 先给出正确朴素解并说明复杂度，再逐步优化。面试官更看重思路、边界和沟通。卡住时主动讲已有观察，不要沉默硬憋。 学习代码题时，先说数据结构保持什么不变量，再说明每个操作如何维护它。 原理拆开 - 先讲不变量：数据结构在任意时刻必须满足什么条件。 - 再讲操作如何维护不变量，例如插入、删除、移动、扩容、关闭。 - 最后检查边界：空输入、容量 0、重复 key、异常、线程退出。 下面是这道题需要掌握的核心内容： 答： 先给出正确朴素解并说明复杂度，再逐步优化。面试官更看重思路、边界和沟通。卡住时主动讲已有观察，不要沉默硬憋。 代码/伪代码示例 代码见原文 底层原理再往下一层 再往下一层看，代码题要抓不变量和边界。每次插入、删除、移动、扩容、退出，都必须维护数据结构不变量，否则复杂度再好也不可靠。 面试回答版 回答时可以按“三段式”讲： 1. 先给结论，直接回答它是什么或怎么做。 2. 再解释原因，把底层机制或设计动机讲出来。 3. 最后补一个边界，例如什么时候不适用、哪里容易错、工程里怎么验证。 如果只剩 30 秒，可以压缩成：答： 先给出正确朴素解并说明复杂度，再逐步优化。面试官更看重思路、边界和沟通。卡住时主动讲已有观察，不要沉默硬憋。 易错点 不要只写出大概逻辑。边界条件和不变量讲不清楚，面试官会认为代码不稳。 面试官可能继续追问 - 复杂度是多少？ - 边界条件怎么处理？ - 如果要求线程安全或高性能怎么改？	代码
如何把八股答案讲得像工程经验？	这题在考什么 考察你能不能用稳定的数据结构和不变量写出可解释、可维护的代码。 先用人话理解 这题可以先抓住一句主线：答： 每个知识点都补一句“我会怎么用/什么时候不用”。例如讲 shared_ptr 时说默认 unique_ptr，只有共享生命周期才 shared_ptr；讲 Redis 锁时说不用于强一致金融扣款；讲 epoll 时说 ET 必须非阻塞读到 EAGAIN。这样答案会从背诵变成取舍。 学习代码题时，先说数据结构保持什么不变量，再说明每个操作如何维护它。 原理拆开 - 先讲不变量：数据结构在任意时刻必须满足什么条件。 - 再讲操作如何维护不变量，例如插入、删除、移动、扩容、关闭。 - 最后检查边界：空输入、容量 0、重复 key、异常、线程退出。 下面是这道题需要掌握的核心内容： 答： 每个知识点都补一句“我会怎么用/什么时候不用”。例如讲 shared_ptr 时说默认 unique_ptr，只有共享生命周期才 shared_ptr；讲 Redis 锁时说不用于强一致金融扣款；讲 epoll 时说 ET 必须非阻塞读到 EAGAIN。这样答案会从背诵变成取舍。 代码/伪代码示例 代码见原文 底层原理再往下一层 再往下一层看，代码题要抓不变量和边界。每次插入、删除、移动、扩容、退出，都必须维护数据结构不变量，否则复杂度再好也不可靠。 面试回答版 回答时可以按“三段式”讲： 1. 先给结论，直接回答它是什么或怎么做。 2. 再解释原因，把底层机制或设计动机讲出来。 3. 最后补一个边界，例如什么时候不适用、哪里容易错、工程里怎么验证。 如果只剩 30 秒，可以压缩成：答： 每个知识点都补一句“我会怎么用/什么时候不用”。例如讲 shared_ptr 时说默认 unique_ptr，只有共享生命周期才 shared_ptr；讲 Redis 锁时说不用于强一致金融扣款；讲 epoll 时说 ET 必须非阻塞读到 EAGAIN。这样答案会从背诵变成取舍。 易错点 不要只写出大概逻辑。边界条件和不变量讲不清楚，面试官会认为代码不稳。 面试官可能继续追问 - 复杂度是多少？ - 边界条件怎么处理？ - 如果要求线程安全或高性能怎么改？	代码
LRU Cache	这题在考什么 考察你能不能用稳定的数据结构和不变量写出可解释、可维护的代码。 先用人话理解 这题可以先抓住一句主线：目标 实现 get 和 put 都是 O(1)。面试官通常想看你是否能把“查找”和“维护新旧顺序”拆成两个数据结构。 数据结构 - unordered_map<int, iterator>：通过 key O(1) 找到链表节点。 - list<pair<int,int>>：维护访问顺序，头部最新，尾部最旧。 LRU 同时需要快速查找和快速调整新旧顺序，所以用哈希表加双向链表。 原理拆开 - 先讲不变量：数据结构在任意时刻必须满足什么条件。 - 再讲操作如何维护不变量，例如插入、删除、移动、扩容、关闭。 - 最后检查边界：空输入、容量 0、重复 key、异常、线程退出。 下面是这道题需要掌握的核心内容： 目标 实现 get 和 put 都是 O(1)。面试官通常想看你是否能把“查找”和“维护新旧顺序”拆成两个数据结构。 数据结构 - unordered_map<int, iterator>：通过 key O(1) 找到链表节点。 - list<pair<int,int>>：维护访问顺序，头部最新，尾部最旧。 核心代码 代码见原文 为什么用 splice list::splice 移动节点，不拷贝元素，迭代器仍指向同一个节点。访问一个 key 后，把对应节点移动到头部就是 O(1)。 面试易错点 - 容量为 0 时不能插入。 - 更新已有 key 时也要移动到头部。 - 淘汰尾节点时要先从 map 删除旧 key。 --- 代码/伪代码示例 代码见原文 底层原理再往下一层 再往下一层看，代码题要抓不变量和边界。每次插入、删除、移动、扩容、退出，都必须维护数据结构不变量，否则复杂度再好也不可靠。 面试回答版 回答时可以按“三段式”讲： 1. 先给结论，直接回答它是什么或怎么做。 2. 再解释原因，把底层机制或设计动机讲出来。 3. 最后补一个边界，例如什么时候不适用、哪里容易错、工程里怎么验证。 如果只剩 30 秒，可以压缩成：目标 实现 get 和 put 都是 O(1)。面试官通常想看你是否能把“查找”和“维护新旧顺序”拆成两个数据结构。 数据结构 - unordered_map<int, iterator>：通过 key O(1) 找到链表节点。 - list<pair<int,int>>：维护访问顺序，头部最新，尾部最旧。 易错点 不要只写出大概逻辑。边界条件和不变量讲不清楚，面试官会认为代码不稳。 面试官可能继续追问 - 复杂度是多少？ - 边界条件怎么处理？ - 如果要求线程安全或高性能怎么改？	代码
阻塞队列	这题在考什么 考察你能不能用稳定的数据结构和不变量写出可解释、可维护的代码。 先用人话理解 这题可以先抓住一句主线：目标 生产者队列满时等待，消费者队列空时等待，并能优雅关闭。 关键点 - 队列由 mutex 保护。 - 等待用 condition_variable。 - 等待条件必须用 predicate，防止虚假唤醒。 - close() 要 notify_all()，否则线程可能永远睡眠。 代码见原文。 学习代码题时，先说数据结构保持什么不变量，再说明每个操作如何维护它。 原理拆开 - 先讲不变量：数据结构在任意时刻必须满足什么条件。 - 再讲操作如何维护不变量，例如插入、删除、移动、扩容、关闭。 - 最后检查边界：空输入、容量 0、重复 key、异常、线程退出。 下面是这道题需要掌握的核心内容： 目标 生产者队列满时等待，消费者队列空时等待，并能优雅关闭。 关键点 - 队列由 mutex 保护。 - 等待用 condition_variable。 - 等待条件必须用 predicate，防止虚假唤醒。 - close() 要 notify_all()，否则线程可能永远睡眠。 代码见原文 面试怎么讲 这段代码的重点不是队列，而是关闭语义。pop 返回 false 表示队列已关闭且没有剩余数据；push 返回 false 表示关闭后不再接收新任务。 --- 代码/伪代码示例 代码见原文 底层原理再往下一层 再往下一层看，代码题要抓不变量和边界。每次插入、删除、移动、扩容、退出，都必须维护数据结构不变量，否则复杂度再好也不可靠。 面试回答版 回答时可以按“三段式”讲： 1. 先给结论，直接回答它是什么或怎么做。 2. 再解释原因，把底层机制或设计动机讲出来。 3. 最后补一个边界，例如什么时候不适用、哪里容易错、工程里怎么验证。 如果只剩 30 秒，可以压缩成：目标 生产者队列满时等待，消费者队列空时等待，并能优雅关闭。 关键点 - 队列由 mutex 保护。 - 等待用 condition_variable。 - 等待条件必须用 predicate，防止虚假唤醒。 - close() 要 notify_all()，否则线程可能永远睡眠。 代码见原文。 易错点 不要只写出大概逻辑。边界条件和不变量讲不清楚，面试官会认为代码不稳。 面试官可能继续追问 - 复杂度是多少？ - 边界条件怎么处理？ - 如果要求线程安全或高性能怎么改？	代码
线程池	这题在考什么 考察你能不能用稳定的数据结构和不变量写出可解释、可维护的代码。 先用人话理解 这题可以先抓住一句主线：面试官想看什么 - worker 生命周期。 - 任务队列同步。 - 析构时是否丢任务。 - 任务异常是否杀死线程。 - 返回值如何传回调用方。 简化设计 - submit 把任务包装成 packaged_task，返回 future。 - worker 不断取任务执行。 线程池像固定工人加任务队列。重点不只是开几个线程，而是队列、退出、异常和背压。 原理拆开 - 先讲不变量：数据结构在任意时刻必须满足什么条件。 - 再讲操作如何维护不变量，例如插入、删除、移动、扩容、关闭。 - 最后检查边界：空输入、容量 0、重复 key、异常、线程退出。 下面是这道题需要掌握的核心内容： 面试官想看什么 - worker 生命周期。 - 任务队列同步。 - 析构时是否丢任务。 - 任务异常是否杀死线程。 - 返回值如何传回调用方。 简化设计 - submit 把任务包装成 packaged_task，返回 future。 - worker 不断取任务执行。 - 析构时设置 stopped_ = true，唤醒所有 worker。 - worker 在“已停止且队列空”时退出。 代码见原文 扩展追问 - 队列无限增长怎么办：加容量、拒绝策略、调用方阻塞、降级。 - 任务执行太慢怎么办：监控执行时间、隔离慢任务、拆不同线程池。 - 线程数怎么定：CPU 密集接近核数，IO 密集通过压测确定。 --- 代码/伪代码示例 代码见原文 底层原理再往下一层 再往下一层看，代码题要抓不变量和边界。每次插入、删除、移动、扩容、退出，都必须维护数据结构不变量，否则复杂度再好也不可靠。 线程池底层依赖条件变量的阻塞/唤醒和任务队列的互斥保护。真正容易错的是停止状态与队列状态的组合，而不是创建线程本身。 面试回答版 回答时可以按“三段式”讲： 1. 先给结论，直接回答它是什么或怎么做。 2. 再解释原因，把底层机制或设计动机讲出来。 3. 最后补一个边界，例如什么时候不适用、哪里容易错、工程里怎么验证。 如果只剩 30 秒，可以压缩成：面试官想看什么 - worker 生命周期。 - 任务队列同步。 - 析构时是否丢任务。 - 任务异常是否杀死线程。 - 返回值如何传回调用方。 简化设计 - submit 把任务包装成 packaged_task，返回 future。 - worker 不断取任务执行。 易错点 不要只写出大概逻辑。边界条件和不变量讲不清楚，面试官会认为代码不稳。 面试官可能继续追问 - 复杂度是多少？ - 边界条件怎么处理？ - 如果要求线程安全或高性能怎么改？	代码
定时器小根堆	这题在考什么 考察你能不能用稳定的数据结构和不变量写出可解释、可维护的代码。 先用人话理解 这题可以先抓住一句主线：适用场景 连接超时、延迟任务、心跳检测。任务数量中等时，小根堆实现简单；海量定时器可考虑时间轮。 思路 堆顶永远是最近过期的任务。事件循环每次看堆顶是否到期，到期就弹出执行。取消任务可用 lazy delete：标记取消，等它到堆顶再丢弃。 代码见原文。 易错点 回调执行时间不能太长，否则会阻塞事件循环。 学习代码题时，先说数据结构保持什么不变量，再说明每个操作如何维护它。 原理拆开 - 先讲不变量：数据结构在任意时刻必须满足什么条件。 - 再讲操作如何维护不变量，例如插入、删除、移动、扩容、关闭。 - 最后检查边界：空输入、容量 0、重复 key、异常、线程退出。 下面是这道题需要掌握的核心内容： 适用场景 连接超时、延迟任务、心跳检测。任务数量中等时，小根堆实现简单；海量定时器可考虑时间轮。 思路 堆顶永远是最近过期的任务。事件循环每次看堆顶是否到期，到期就弹出执行。取消任务可用 lazy delete：标记取消，等它到堆顶再丢弃。 代码见原文 易错点 回调执行时间不能太长，否则会阻塞事件循环。工程里常把回调投递到线程池，或限制每轮最多处理的定时器数量。 --- 代码/伪代码示例 代码见原文 底层原理再往下一层 再往下一层看，代码题要抓不变量和边界。每次插入、删除、移动、扩容、退出，都必须维护数据结构不变量，否则复杂度再好也不可靠。 面试回答版 回答时可以按“三段式”讲： 1. 先给结论，直接回答它是什么或怎么做。 2. 再解释原因，把底层机制或设计动机讲出来。 3. 最后补一个边界，例如什么时候不适用、哪里容易错、工程里怎么验证。 如果只剩 30 秒，可以压缩成：适用场景 连接超时、延迟任务、心跳检测。任务数量中等时，小根堆实现简单；海量定时器可考虑时间轮。 思路 堆顶永远是最近过期的任务。事件循环每次看堆顶是否到期，到期就弹出执行。取消任务可用 lazy delete：标记取消，等它到堆顶再丢弃。 代码见原文。 易错点 回调执行时间不能太长，否则会阻塞事件循环。 易错点 不要只写出大概逻辑。边界条件和不变量讲不清楚，面试官会认为代码不稳。 面试官可能继续追问 - 复杂度是多少？ - 边界条件怎么处理？ - 如果要求线程安全或高性能怎么改？	代码
TCP 半包解析器	这题在考什么 考察你能不能用稳定的数据结构和不变量写出可解释、可维护的代码。 先用人话理解 这题可以先抓住一句主线：协议设计 用 4 字节大端长度字段 + body。读缓冲可能包含 0.5 个包、1 个包或多个包。 代码见原文。 面试易错点 - TCP 没有消息边界，不能假设一次 read 对应一次 send。 - 长度字段要限制最大值，防止恶意大包撑爆内存。 TCP 只保证一条可靠字节流，不知道你的业务消息从哪里开始、到哪里结束。 原理拆开 - 先讲不变量：数据结构在任意时刻必须满足什么条件。 - 再讲操作如何维护不变量，例如插入、删除、移动、扩容、关闭。 - 最后检查边界：空输入、容量 0、重复 key、异常、线程退出。 下面是这道题需要掌握的核心内容： 协议设计 用 4 字节大端长度字段 + body。读缓冲可能包含 0.5 个包、1 个包或多个包。 代码见原文 面试易错点 - TCP 没有消息边界，不能假设一次 read 对应一次 send。 - 长度字段要限制最大值，防止恶意大包撑爆内存。 - erase(0, n) 对大缓冲可能有移动成本，高性能版可用读写下标环形缓冲。 --- 代码/伪代码示例 代码见原文 底层原理再往下一层 再往下一层看，代码题要抓不变量和边界。每次插入、删除、移动、扩容、退出，都必须维护数据结构不变量，否则复杂度再好也不可靠。 TCP 的可靠性依赖序列号、ACK、重传、滑动窗口和拥塞控制。应用层看到的是有序字节流，但内核内部维护发送/接收缓冲区和连接状态机。 面试回答版 回答时可以按“三段式”讲： 1. 先给结论，直接回答它是什么或怎么做。 2. 再解释原因，把底层机制或设计动机讲出来。 3. 最后补一个边界，例如什么时候不适用、哪里容易错、工程里怎么验证。 如果只剩 30 秒，可以压缩成：协议设计 用 4 字节大端长度字段 + body。读缓冲可能包含 0.5 个包、1 个包或多个包。 代码见原文。 面试易错点 - TCP 没有消息边界，不能假设一次 read 对应一次 send。 - 长度字段要限制最大值，防止恶意大包撑爆内存。 易错点 不要只写出大概逻辑。边界条件和不变量讲不清楚，面试官会认为代码不稳。 面试官可能继续追问 - 复杂度是多少？ - 边界条件怎么处理？ - 如果要求线程安全或高性能怎么改？	代码
KMP	这题在考什么 考察你能不能用稳定的数据结构和不变量写出可解释、可维护的代码。 先用人话理解 这题可以先抓住一句主线：关键理解 next[i] 或 lps[i] 表示模式串前缀和后缀的最长相等长度。匹配失败时，不回退主串指针，只回退模式串指针。 代码见原文。 面试怎么讲 暴力匹配失败后主串会反复比较；KMP 利用模式串自身的前后缀信息，让主串指针不回退，因此整体 O(n+m)。 --- 学习代码题时，先说数据结构保持什么不变量，再说明每个操作如何维护它。 原理拆开 - 先讲不变量：数据结构在任意时刻必须满足什么条件。 - 再讲操作如何维护不变量，例如插入、删除、移动、扩容、关闭。 - 最后检查边界：空输入、容量 0、重复 key、异常、线程退出。 下面是这道题需要掌握的核心内容： 关键理解 next[i] 或 lps[i] 表示模式串前缀和后缀的最长相等长度。匹配失败时，不回退主串指针，只回退模式串指针。 代码见原文 面试怎么讲 暴力匹配失败后主串会反复比较；KMP 利用模式串自身的前后缀信息，让主串指针不回退，因此整体 O(n+m)。 --- 代码/伪代码示例 代码见原文 底层原理再往下一层 再往下一层看，代码题要抓不变量和边界。每次插入、删除、移动、扩容、退出，都必须维护数据结构不变量，否则复杂度再好也不可靠。 面试回答版 回答时可以按“三段式”讲： 1. 先给结论，直接回答它是什么或怎么做。 2. 再解释原因，把底层机制或设计动机讲出来。 3. 最后补一个边界，例如什么时候不适用、哪里容易错、工程里怎么验证。 如果只剩 30 秒，可以压缩成：关键理解 next[i] 或 lps[i] 表示模式串前缀和后缀的最长相等长度。匹配失败时，不回退主串指针，只回退模式串指针。 代码见原文。 面试怎么讲 暴力匹配失败后主串会反复比较；KMP 利用模式串自身的前后缀信息，让主串指针不回退，因此整体 O(n+m)。 --- 易错点 不要只写出大概逻辑。边界条件和不变量讲不清楚，面试官会认为代码不稳。 面试官可能继续追问 - 复杂度是多少？ - 边界条件怎么处理？ - 如果要求线程安全或高性能怎么改？	代码
并查集	这题在考什么 考察你能不能用稳定的数据结构和不变量写出可解释、可维护的代码。 先用人话理解 这题可以先抓住一句主线：适用场景 连通性判断、朋友圈、岛屿合并、最小生成树 Kruskal。 代码见原文。 易错点 路径压缩和按秩合并是两个优化。复杂度可近似看成常数，但严格是反阿克曼函数级别。 --- 学习代码题时，先说数据结构保持什么不变量，再说明每个操作如何维护它。 原理拆开 - 先讲不变量：数据结构在任意时刻必须满足什么条件。 - 再讲操作如何维护不变量，例如插入、删除、移动、扩容、关闭。 - 最后检查边界：空输入、容量 0、重复 key、异常、线程退出。 下面是这道题需要掌握的核心内容： 适用场景 连通性判断、朋友圈、岛屿合并、最小生成树 Kruskal。 代码见原文 易错点 路径压缩和按秩合并是两个优化。复杂度可近似看成常数，但严格是反阿克曼函数级别。 --- 代码/伪代码示例 代码见原文 底层原理再往下一层 再往下一层看，代码题要抓不变量和边界。每次插入、删除、移动、扩容、退出，都必须维护数据结构不变量，否则复杂度再好也不可靠。 面试回答版 回答时可以按“三段式”讲： 1. 先给结论，直接回答它是什么或怎么做。 2. 再解释原因，把底层机制或设计动机讲出来。 3. 最后补一个边界，例如什么时候不适用、哪里容易错、工程里怎么验证。 如果只剩 30 秒，可以压缩成：适用场景 连通性判断、朋友圈、岛屿合并、最小生成树 Kruskal。 代码见原文。 易错点 路径压缩和按秩合并是两个优化。复杂度可近似看成常数，但严格是反阿克曼函数级别。 --- 易错点 不要只写出大概逻辑。边界条件和不变量讲不清楚，面试官会认为代码不稳。 面试官可能继续追问 - 复杂度是多少？ - 边界条件怎么处理？ - 如果要求线程安全或高性能怎么改？	代码
Trie 前缀树	这题在考什么 考察你能不能用稳定的数据结构和不变量写出可解释、可维护的代码。 先用人话理解 这题可以先抓住一句主线：适用场景 前缀匹配、词典查询、自动补全、敏感词前缀过滤。 代码见原文。 工程取舍 字符集小且固定时可用数组提升速度；字符集大或稀疏时 unordered_map 更省空间。 --- 学习代码题时，先说数据结构保持什么不变量，再说明每个操作如何维护它。 原理拆开 - 先讲不变量：数据结构在任意时刻必须满足什么条件。 - 再讲操作如何维护不变量，例如插入、删除、移动、扩容、关闭。 - 最后检查边界：空输入、容量 0、重复 key、异常、线程退出。 下面是这道题需要掌握的核心内容： 适用场景 前缀匹配、词典查询、自动补全、敏感词前缀过滤。 代码见原文 工程取舍 字符集小且固定时可用数组提升速度；字符集大或稀疏时 unordered_map 更省空间。 --- 代码/伪代码示例 代码见原文 底层原理再往下一层 再往下一层看，代码题要抓不变量和边界。每次插入、删除、移动、扩容、退出，都必须维护数据结构不变量，否则复杂度再好也不可靠。 面试回答版 回答时可以按“三段式”讲： 1. 先给结论，直接回答它是什么或怎么做。 2. 再解释原因，把底层机制或设计动机讲出来。 3. 最后补一个边界，例如什么时候不适用、哪里容易错、工程里怎么验证。 如果只剩 30 秒，可以压缩成：适用场景 前缀匹配、词典查询、自动补全、敏感词前缀过滤。 代码见原文。 工程取舍 字符集小且固定时可用数组提升速度；字符集大或稀疏时 unordered_map 更省空间。 --- 易错点 不要只写出大概逻辑。边界条件和不变量讲不清楚，面试官会认为代码不稳。 面试官可能继续追问 - 复杂度是多少？ - 边界条件怎么处理？ - 如果要求线程安全或高性能怎么改？	代码
简化内存池	这题在考什么 考察你能不能用稳定的数据结构和不变量写出可解释、可维护的代码。 先用人话理解 这题可以先抓住一句主线：面试版目标 展示分配器思想，不要现场写过度复杂的工业级 allocator。重点讲清楚：批量申请、空闲链表、对齐、大对象回退、线程安全。 代码见原文。 必须说明的限制 这个版本只适合同大小对象；没有处理严格对齐、线程安全、越界检测、重复释放检测，也不会把内存还给系统。面试里主动说出限制，比假装工业可用更可信。 --- 学习代码题时，先说数据结构保持什么不变量，再说明每个操作如何维护它。 原理拆开 - 先讲不变量：数据结构在任意时刻必须满足什么条件。 - 再讲操作如何维护不变量，例如插入、删除、移动、扩容、关闭。 - 最后检查边界：空输入、容量 0、重复 key、异常、线程退出。 下面是这道题需要掌握的核心内容： 面试版目标 展示分配器思想，不要现场写过度复杂的工业级 allocator。重点讲清楚：批量申请、空闲链表、对齐、大对象回退、线程安全。 代码见原文 必须说明的限制 这个版本只适合同大小对象；没有处理严格对齐、线程安全、越界检测、重复释放检测，也不会把内存还给系统。面试里主动说出限制，比假装工业可用更可信。 --- 代码/伪代码示例 代码见原文 底层原理再往下一层 再往下一层看，代码题要抓不变量和边界。每次插入、删除、移动、扩容、退出，都必须维护数据结构不变量，否则复杂度再好也不可靠。 面试回答版 回答时可以按“三段式”讲： 1. 先给结论，直接回答它是什么或怎么做。 2. 再解释原因，把底层机制或设计动机讲出来。 3. 最后补一个边界，例如什么时候不适用、哪里容易错、工程里怎么验证。 如果只剩 30 秒，可以压缩成：面试版目标 展示分配器思想，不要现场写过度复杂的工业级 allocator。重点讲清楚：批量申请、空闲链表、对齐、大对象回退、线程安全。 代码见原文。 必须说明的限制 这个版本只适合同大小对象；没有处理严格对齐、线程安全、越界检测、重复释放检测，也不会把内存还给系统。面试里主动说出限制，比假装工业可用更可信。 --- 易错点 不要只写出大概逻辑。边界条件和不变量讲不清楚，面试官会认为代码不稳。 面试官可能继续追问 - 复杂度是多少？ - 边界条件怎么处理？ - 如果要求线程安全或高性能怎么改？	代码
最小可用对象池	这题在考什么 考察你能不能用稳定的数据结构和不变量写出可解释、可维护的代码。 先用人话理解 这题可以先抓住一句主线：思路 对象池比内存池多一步：借出时构造或重置对象，归还时清理状态。为了避免忘记归还，可以返回带自定义删除器的 unique_ptr。 代码见原文。 易错点 这个简单版本不是线程安全的；如果对象持有外部资源，赋值重置未必足够，最好提供明确的 reset()。 --- 学习代码题时，先说数据结构保持什么不变量，再说明每个操作如何维护它。 原理拆开 - 先讲不变量：数据结构在任意时刻必须满足什么条件。 - 再讲操作如何维护不变量，例如插入、删除、移动、扩容、关闭。 - 最后检查边界：空输入、容量 0、重复 key、异常、线程退出。 下面是这道题需要掌握的核心内容： 思路 对象池比内存池多一步：借出时构造或重置对象，归还时清理状态。为了避免忘记归还，可以返回带自定义删除器的 unique_ptr。 代码见原文 易错点 这个简单版本不是线程安全的；如果对象持有外部资源，赋值重置未必足够，最好提供明确的 reset()。 --- 代码/伪代码示例 代码见原文 底层原理再往下一层 再往下一层看，代码题要抓不变量和边界。每次插入、删除、移动、扩容、退出，都必须维护数据结构不变量，否则复杂度再好也不可靠。 面试回答版 回答时可以按“三段式”讲： 1. 先给结论，直接回答它是什么或怎么做。 2. 再解释原因，把底层机制或设计动机讲出来。 3. 最后补一个边界，例如什么时候不适用、哪里容易错、工程里怎么验证。 如果只剩 30 秒，可以压缩成：思路 对象池比内存池多一步：借出时构造或重置对象，归还时清理状态。为了避免忘记归还，可以返回带自定义删除器的 unique_ptr。 代码见原文。 易错点 这个简单版本不是线程安全的；如果对象持有外部资源，赋值重置未必足够，最好提供明确的 reset()。 --- 易错点 不要只写出大概逻辑。边界条件和不变量讲不清楚，面试官会认为代码不稳。 面试官可能继续追问 - 复杂度是多少？ - 边界条件怎么处理？ - 如果要求线程安全或高性能怎么改？	代码
二分查找统一模板	这题在考什么 考察你能不能用稳定的数据结构和不变量写出可解释、可维护的代码。 先用人话理解 这题可以先抓住一句主线：推荐记法 用左闭右开 [l, r)，目标是找第一个满足 check 的位置。 代码见原文。 面试口诀 先定义答案是什么，再写 check(mid)。不要先写循环再凭感觉调边界。 --- 学习代码题时，先说数据结构保持什么不变量，再说明每个操作如何维护它。 原理拆开 - 先讲不变量：数据结构在任意时刻必须满足什么条件。 - 再讲操作如何维护不变量，例如插入、删除、移动、扩容、关闭。 - 最后检查边界：空输入、容量 0、重复 key、异常、线程退出。 下面是这道题需要掌握的核心内容： 推荐记法 用左闭右开 [l, r)，目标是找第一个满足 check 的位置。 代码见原文 面试口诀 先定义答案是什么，再写 check(mid)。不要先写循环再凭感觉调边界。 --- 代码/伪代码示例 代码见原文 底层原理再往下一层 再往下一层看，代码题要抓不变量和边界。每次插入、删除、移动、扩容、退出，都必须维护数据结构不变量，否则复杂度再好也不可靠。 面试回答版 回答时可以按“三段式”讲： 1. 先给结论，直接回答它是什么或怎么做。 2. 再解释原因，把底层机制或设计动机讲出来。 3. 最后补一个边界，例如什么时候不适用、哪里容易错、工程里怎么验证。 如果只剩 30 秒，可以压缩成：推荐记法 用左闭右开 [l, r)，目标是找第一个满足 check 的位置。 代码见原文。 面试口诀 先定义答案是什么，再写 check(mid)。不要先写循环再凭感觉调边界。 --- 易错点 不要只写出大概逻辑。边界条件和不变量讲不清楚，面试官会认为代码不稳。 面试官可能继续追问 - 复杂度是多少？ - 边界条件怎么处理？ - 如果要求线程安全或高性能怎么改？	代码
拓扑排序	这题在考什么 考察你能不能用稳定的数据结构和不变量写出可解释、可维护的代码。 先用人话理解 这题可以先抓住一句主线：适用场景 课程依赖、任务编排、编译依赖、检测有向图环。 代码见原文。 复杂度 每个点入队一次，每条边处理一次，时间 O(V+E)，空间 O(V+E)。 --- 学习代码题时，先说数据结构保持什么不变量，再说明每个操作如何维护它。 原理拆开 - 先讲不变量：数据结构在任意时刻必须满足什么条件。 - 再讲操作如何维护不变量，例如插入、删除、移动、扩容、关闭。 - 最后检查边界：空输入、容量 0、重复 key、异常、线程退出。 下面是这道题需要掌握的核心内容： 适用场景 课程依赖、任务编排、编译依赖、检测有向图环。 代码见原文 复杂度 每个点入队一次，每条边处理一次，时间 O(V+E)，空间 O(V+E)。 --- 代码/伪代码示例 代码见原文 底层原理再往下一层 再往下一层看，代码题要抓不变量和边界。每次插入、删除、移动、扩容、退出，都必须维护数据结构不变量，否则复杂度再好也不可靠。 面试回答版 回答时可以按“三段式”讲： 1. 先给结论，直接回答它是什么或怎么做。 2. 再解释原因，把底层机制或设计动机讲出来。 3. 最后补一个边界，例如什么时候不适用、哪里容易错、工程里怎么验证。 如果只剩 30 秒，可以压缩成：适用场景 课程依赖、任务编排、编译依赖、检测有向图环。 代码见原文。 复杂度 每个点入队一次，每条边处理一次，时间 O(V+E)，空间 O(V+E)。 --- 易错点 不要只写出大概逻辑。边界条件和不变量讲不清楚，面试官会认为代码不稳。 面试官可能继续追问 - 复杂度是多少？ - 边界条件怎么处理？ - 如果要求线程安全或高性能怎么改？	代码
最长递增子序列 O(n log n)	这题在考什么 考察你能不能用稳定的数据结构和不变量写出可解释、可维护的代码。 先用人话理解 这题可以先抓住一句主线：理解方式 tails[len] 表示长度为 len + 1 的递增子序列中，末尾元素的最小可能值。末尾越小，后续越容易接上新元素。 代码见原文。 易错点 tails 本身不一定是实际的 LIS，只用于维护最优末尾值。如果要求输出具体序列，需要额外记录前驱。 --- 学习代码题时，先说数据结构保持什么不变量，再说明每个操作如何维护它。 原理拆开 - 先讲不变量：数据结构在任意时刻必须满足什么条件。 - 再讲操作如何维护不变量，例如插入、删除、移动、扩容、关闭。 - 最后检查边界：空输入、容量 0、重复 key、异常、线程退出。 下面是这道题需要掌握的核心内容： 理解方式 tails[len] 表示长度为 len + 1 的递增子序列中，末尾元素的最小可能值。末尾越小，后续越容易接上新元素。 代码见原文 易错点 tails 本身不一定是实际的 LIS，只用于维护最优末尾值。如果要求输出具体序列，需要额外记录前驱。 --- 代码/伪代码示例 代码见原文 底层原理再往下一层 再往下一层看，代码题要抓不变量和边界。每次插入、删除、移动、扩容、退出，都必须维护数据结构不变量，否则复杂度再好也不可靠。 面试回答版 回答时可以按“三段式”讲： 1. 先给结论，直接回答它是什么或怎么做。 2. 再解释原因，把底层机制或设计动机讲出来。 3. 最后补一个边界，例如什么时候不适用、哪里容易错、工程里怎么验证。 如果只剩 30 秒，可以压缩成：理解方式 tails[len] 表示长度为 len + 1 的递增子序列中，末尾元素的最小可能值。末尾越小，后续越容易接上新元素。 代码见原文。 易错点 tails 本身不一定是实际的 LIS，只用于维护最优末尾值。如果要求输出具体序列，需要额外记录前驱。 --- 易错点 不要只写出大概逻辑。边界条件和不变量讲不清楚，面试官会认为代码不稳。 面试官可能继续追问 - 复杂度是多少？ - 边界条件怎么处理？ - 如果要求线程安全或高性能怎么改？	代码
回答代码题的固定结构	这题在考什么 考察你能不能用稳定的数据结构和不变量写出可解释、可维护的代码。 先用人话理解 这题可以先抓住一句主线：面试时写完代码后，不要只说“写好了”。建议按这个顺序收尾： 1. 解释核心数据结构。 2. 说明关键边界：空输入、重复元素、容量 0、异常/关闭。 3. 说明复杂度。 4. 主动指出工程版还需要补什么。 示例： 代码见原文。 学习代码题时，先说数据结构保持什么不变量，再说明每个操作如何维护它。 原理拆开 - 先讲不变量：数据结构在任意时刻必须满足什么条件。 - 再讲操作如何维护不变量，例如插入、删除、移动、扩容、关闭。 - 最后检查边界：空输入、容量 0、重复 key、异常、线程退出。 下面是这道题需要掌握的核心内容： 面试时写完代码后，不要只说“写好了”。建议按这个顺序收尾： 1. 解释核心数据结构。 2. 说明关键边界：空输入、重复元素、容量 0、异常/关闭。 3. 说明复杂度。 4. 主动指出工程版还需要补什么。 示例： 代码见原文 代码/伪代码示例 代码见原文 底层原理再往下一层 再往下一层看，代码题要抓不变量和边界。每次插入、删除、移动、扩容、退出，都必须维护数据结构不变量，否则复杂度再好也不可靠。 面试回答版 回答时可以按“三段式”讲： 1. 先给结论，直接回答它是什么或怎么做。 2. 再解释原因，把底层机制或设计动机讲出来。 3. 最后补一个边界，例如什么时候不适用、哪里容易错、工程里怎么验证。 如果只剩 30 秒，可以压缩成：面试时写完代码后，不要只说“写好了”。建议按这个顺序收尾： 1. 解释核心数据结构。 2. 说明关键边界：空输入、重复元素、容量 0、异常/关闭。 3. 说明复杂度。 4. 主动指出工程版还需要补什么。 示例： 代码见原文。 易错点 不要只写出大概逻辑。边界条件和不变量讲不清楚，面试官会认为代码不稳。 面试官可能继续追问 - 复杂度是多少？ - 边界条件怎么处理？ - 如果要求线程安全或高性能怎么改？	代码
项目介绍模板	这题在考什么 考察你是否真的做过或认真设计过项目，能不能讲清楚边界、指标、瓶颈和取舍。 先用人话理解 这题可以先抓住一句主线：60 秒版本 1. 项目是什么：一句话说明业务或技术目标。 2. 你负责什么：明确模块，不要说成全是自己做的。 3. 技术架构：主流程、核心组件、数据流。 4. 难点：并发、性能、可靠性、数据一致性中选一个。 5. 结果：指标、功能完成度、压测结果、踩坑修复。 示例结构： 代码见原文。 --- 学习项目题时，不要先报技术名词，先把一次请求或一次数据流从入口到出口讲完。 原理拆开 - 先讲完整请求或数据流，不要只罗列技术名词。 - 再讲你负责的模块、遇到的问题、定位过程和改动效果。 - 指标要具体，无法给真实线上指标时要说清楚压测环境。 下面是这道题需要掌握的核心内容： 60 秒版本 1. 项目是什么：一句话说明业务或技术目标。 2. 你负责什么：明确模块，不要说成全是自己做的。 3. 技术架构：主流程、核心组件、数据流。 4. 难点：并发、性能、可靠性、数据一致性中选一个。 5. 结果：指标、功能完成度、压测结果、踩坑修复。 示例结构： 代码见原文 --- 代码/伪代码示例 代码见原文 底层原理再往下一层 再往下一层看，项目题最终会问到数据流、状态机、资源释放、压测指标、错误恢复和可观测性。能讲清楚这些，比说用了什么框架更重要。 面试回答版 回答时可以按“三段式”讲： 1. 先给结论，直接回答它是什么或怎么做。 2. 再解释原因，把底层机制或设计动机讲出来。 3. 最后补一个边界，例如什么时候不适用、哪里容易错、工程里怎么验证。 如果只剩 30 秒，可以压缩成：60 秒版本 1. 项目是什么：一句话说明业务或技术目标。 2. 你负责什么：明确模块，不要说成全是自己做的。 3. 技术架构：主流程、核心组件、数据流。 4. 难点：并发、性能、可靠性、数据一致性中选一个。 5. 结果：指标、功能完成度、压测结果、踩坑修复。 示例结构： 代码见原文。 --- 易错点 不要报技术栈。真实项目回答要有流程、边界、指标、问题和取舍。 面试官可能继续追问 - 压测怎么做？ - 线上出问题怎么定位？ - 你负责的边界是什么？	项目
WebServer 项目追问链	这题在考什么 考察你是否真的做过或认真设计过项目，能不能讲清楚边界、指标、瓶颈和取舍。 先用人话理解 这题可以先抓住一句主线：第一层：架构 面试官问：为什么用 epoll？ 回答：连接数较多但同一时刻活跃连接相对少，epoll 不需要每次线性扫描全部 fd，适合这类 IO 多路复用场景。它把关注 fd 集合维护在内核，用户态每次拿到的是就绪事件列表。 面试官问：LT 和 ET 你怎么选？ 回答：如果强调实现稳定，先选 LT，逻辑简单，不容易漏事件。 学习项目题时，不要先报技术名词，先把一次请求或一次数据流从入口到出口讲完。 原理拆开 - 先讲完整请求或数据流，不要只罗列技术名词。 - 再讲你负责的模块、遇到的问题、定位过程和改动效果。 - 指标要具体，无法给真实线上指标时要说清楚压测环境。 下面是这道题需要掌握的核心内容： 第一层：架构 面试官问：为什么用 epoll？ 回答：连接数较多但同一时刻活跃连接相对少，epoll 不需要每次线性扫描全部 fd，适合这类 IO 多路复用场景。它把关注 fd 集合维护在内核，用户态每次拿到的是就绪事件列表。 面试官问：LT 和 ET 你怎么选？ 回答：如果强调实现稳定，先选 LT，逻辑简单，不容易漏事件。如果追求更少事件通知和更高性能，可以用 ET，但 fd 必须非阻塞，并且读写循环直到 EAGAIN，否则缓冲区剩余数据可能不再触发通知。 面试官问：一个请求的完整流程？ 回答：accept 新连接，设置非阻塞，注册到 epoll；可读事件触发后读取到连接读缓冲；解析 HTTP 请求行、头部和 body；生成响应；如果一次写不完，把剩余数据放写缓冲并关注可写事件；写完后根据 keep-alive 决定保留或关闭连接。 第二层：并发 面试官问：IO 线程和工作线程怎么分工？ 回答：IO 线程负责事件监听和非阻塞读写，避免被业务阻塞。CPU 或业务处理任务投递到线程池。工作线程完成后把响应交回连接对象，再由 IO 线程负责写回。这里要注意连接对象生命周期，不能让工作线程持有已经关闭的连接裸指针。 面试官问：线程池队列满了怎么办？ 回答：要有背压策略。可以阻塞提交者、直接拒绝并返回错误、丢弃低优先级任务、扩容线程或队列。服务端更常用的是限流/拒绝，避免无限排队把延迟拖崩。 面试官问：怎么保证连接对象不会被提前释放？ 回答：常见做法是用状态机和引用计数/智能指针管理。IO 线程关闭连接时只标记状态，等没有任务引用时再释放。回调中使用 weak_ptr 升级，失败说明连接已关闭，直接放弃写回。 第三层：性能 面试官问：怎么压测？ 回答：先固定机器、线程数、连接数、请求大小、keep-alive 策略和系统参数，再用 wrk/ab 等工具压测。关注 QPS、平均延迟、P95/P99、CPU、内存、上下文切换、网卡、fd 数。每次只改一个变量，避免结果不可解释。 面试官问：瓶颈怎么定位？ 回答：CPU 高用 perf/火焰图看热点；系统调用多用 strace；锁竞争看 perf lock 或日志采样；内存增长看 ASan/Valgrind/heap profiler；IO 等待看 iostat、ss、netstat；业务慢看分阶段耗时日志。 --- 代码/伪代码示例 代码见原文 底层原理再往下一层 再往下一层看，项目题最终会问到数据流、状态机、资源释放、压测指标、错误恢复和可观测性。能讲清楚这些，比说用了什么框架更重要。 面试回答版 回答时可以按“三段式”讲： 1. 先给结论，直接回答它是什么或怎么做。 2. 再解释原因，把底层机制或设计动机讲出来。 3. 最后补一个边界，例如什么时候不适用、哪里容易错、工程里怎么验证。 如果只剩 30 秒，可以压缩成：第一层：架构 面试官问：为什么用 epoll？ 回答：连接数较多但同一时刻活跃连接相对少，epoll 不需要每次线性扫描全部 fd，适合这类 IO 多路复用场景。它把关注 fd 集合维护在内核，用户态每次拿到的是就绪事件列表。 面试官问：LT 和 ET 你怎么选？ 回答：如果强调实现稳定，先选 LT，逻辑简单，不容易漏事件。 易错点 不要报技术栈。真实项目回答要有流程、边界、指标、问题和取舍。 面试官可能继续追问 - 压测怎么做？ - 线上出问题怎么定位？ - 你负责的边界是什么？	项目
线程池项目追问链	这题在考什么 考察你能不能用稳定的数据结构和不变量写出可解释、可维护的代码。 先用人话理解 这题可以先抓住一句主线：问：线程数怎么定？ 回答：CPU 密集型接近 CPU 核数或核数加少量；IO 密集型可以更多，但要结合阻塞比例、上下文切换和下游承载能力。工程上一般通过压测找最优点，而不是固定公式。 问：任务抛异常怎么办？ 回答：worker 循环里要捕获异常，记录日志，避免线程直接退出。 线程池像固定工人加任务队列。重点不只是开几个线程，而是队列、退出、异常和背压。 原理拆开 - 先讲不变量：数据结构在任意时刻必须满足什么条件。 - 再讲操作如何维护不变量，例如插入、删除、移动、扩容、关闭。 - 最后检查边界：空输入、容量 0、重复 key、异常、线程退出。 下面是这道题需要掌握的核心内容： 问：线程数怎么定？ 回答：CPU 密集型接近 CPU 核数或核数加少量；IO 密集型可以更多，但要结合阻塞比例、上下文切换和下游承载能力。工程上一般通过压测找最优点，而不是固定公式。 问：任务抛异常怎么办？ 回答：worker 循环里要捕获异常，记录日志，避免线程直接退出。如果使用 packaged_task，异常可以传递到 future；如果是 fire-and-forget 任务，也至少要隔离异常并保证 worker 继续服务。 问：析构时队列里还有任务怎么办？ 回答：要定义清楚语义。优雅关闭是停止接收新任务，执行完队列剩余任务再退出；快速关闭是清空队列并让 worker 退出。两者都要唤醒所有等待线程并 join。 --- 代码/伪代码示例 代码见原文 底层原理再往下一层 再往下一层看，代码题要抓不变量和边界。每次插入、删除、移动、扩容、退出，都必须维护数据结构不变量，否则复杂度再好也不可靠。 线程池底层依赖条件变量的阻塞/唤醒和任务队列的互斥保护。真正容易错的是停止状态与队列状态的组合，而不是创建线程本身。 面试回答版 回答时可以按“三段式”讲： 1. 先给结论，直接回答它是什么或怎么做。 2. 再解释原因，把底层机制或设计动机讲出来。 3. 最后补一个边界，例如什么时候不适用、哪里容易错、工程里怎么验证。 如果只剩 30 秒，可以压缩成：问：线程数怎么定？ 回答：CPU 密集型接近 CPU 核数或核数加少量；IO 密集型可以更多，但要结合阻塞比例、上下文切换和下游承载能力。工程上一般通过压测找最优点，而不是固定公式。 问：任务抛异常怎么办？ 回答：worker 循环里要捕获异常，记录日志，避免线程直接退出。 易错点 不要只写出大概逻辑。边界条件和不变量讲不清楚，面试官会认为代码不稳。 面试官可能继续追问 - 复杂度是多少？ - 边界条件怎么处理？ - 如果要求线程安全或高性能怎么改？	代码
缓存项目追问链	这题在考什么 考察你是否真的做过或认真设计过项目，能不能讲清楚边界、指标、瓶颈和取舍。 先用人话理解 这题可以先抓住一句主线：问：为什么引入缓存？ 回答：缓存不是为了显得高级，而是为了解决读多写少、重复查询、下游数据库压力和响应延迟问题。要说明命中率、过期策略、数据一致性要求和降级方案。 问：缓存和数据库怎么保持一致？ 回答：常见策略是更新数据库后删除缓存，而不是直接更新缓存。读请求缓存未命中时回源数据库并回填。 学习项目题时，不要先报技术名词，先把一次请求或一次数据流从入口到出口讲完。 原理拆开 - 先讲完整请求或数据流，不要只罗列技术名词。 - 再讲你负责的模块、遇到的问题、定位过程和改动效果。 - 指标要具体，无法给真实线上指标时要说清楚压测环境。 下面是这道题需要掌握的核心内容： 问：为什么引入缓存？ 回答：缓存不是为了显得高级，而是为了解决读多写少、重复查询、下游数据库压力和响应延迟问题。要说明命中率、过期策略、数据一致性要求和降级方案。 问：缓存和数据库怎么保持一致？ 回答：常见策略是更新数据库后删除缓存，而不是直接更新缓存。读请求缓存未命中时回源数据库并回填。并发场景要考虑删除失败重试、延迟双删、消息队列异步删除或订阅 binlog。强一致要求高的场景不应只靠普通缓存。 问：热点 key 怎么处理？ 回答：可用本地缓存、多级缓存、逻辑过期、互斥重建、热点预热、请求合并。核心是避免热点 key 过期瞬间所有请求打到数据库。 --- 代码/伪代码示例 代码见原文 底层原理再往下一层 再往下一层看，项目题最终会问到数据流、状态机、资源释放、压测指标、错误恢复和可观测性。能讲清楚这些，比说用了什么框架更重要。 面试回答版 回答时可以按“三段式”讲： 1. 先给结论，直接回答它是什么或怎么做。 2. 再解释原因，把底层机制或设计动机讲出来。 3. 最后补一个边界，例如什么时候不适用、哪里容易错、工程里怎么验证。 如果只剩 30 秒，可以压缩成：问：为什么引入缓存？ 回答：缓存不是为了显得高级，而是为了解决读多写少、重复查询、下游数据库压力和响应延迟问题。要说明命中率、过期策略、数据一致性要求和降级方案。 问：缓存和数据库怎么保持一致？ 回答：常见策略是更新数据库后删除缓存，而不是直接更新缓存。读请求缓存未命中时回源数据库并回填。 易错点 不要报技术栈。真实项目回答要有流程、边界、指标、问题和取舍。 面试官可能继续追问 - 压测怎么做？ - 线上出问题怎么定位？ - 你负责的边界是什么？	项目
MySQL 项目追问链	这题在考什么 考察你是否真的做过或认真设计过项目，能不能讲清楚边界、指标、瓶颈和取舍。 先用人话理解 这题可以先抓住一句主线：问：慢 SQL 怎么优化？ 回答：先用慢查询日志和 EXPLAIN 看执行计划，确认访问类型、扫描行数、是否使用索引、是否回表、是否 filesort/temporary。优化方式包括合适联合索引、覆盖索引、改写条件避免函数/隐式转换、分页优化、减少返回列、拆分大事务。 问：索引是不是越多越好？ 回答：不是。 学习项目题时，不要先报技术名词，先把一次请求或一次数据流从入口到出口讲完。 原理拆开 - 先讲完整请求或数据流，不要只罗列技术名词。 - 再讲你负责的模块、遇到的问题、定位过程和改动效果。 - 指标要具体，无法给真实线上指标时要说清楚压测环境。 下面是这道题需要掌握的核心内容： 问：慢 SQL 怎么优化？ 回答：先用慢查询日志和 EXPLAIN 看执行计划，确认访问类型、扫描行数、是否使用索引、是否回表、是否 filesort/temporary。优化方式包括合适联合索引、覆盖索引、改写条件避免函数/隐式转换、分页优化、减少返回列、拆分大事务。 问：索引是不是越多越好？ 回答：不是。索引会占空间，写入时要维护索引，过多索引会降低 insert/update/delete 性能，也可能让优化器选择复杂。索引要围绕高频查询、过滤性、排序和覆盖需求设计。 --- 代码/伪代码示例 代码见原文 底层原理再往下一层 再往下一层看，项目题最终会问到数据流、状态机、资源释放、压测指标、错误恢复和可观测性。能讲清楚这些，比说用了什么框架更重要。 面试回答版 回答时可以按“三段式”讲： 1. 先给结论，直接回答它是什么或怎么做。 2. 再解释原因，把底层机制或设计动机讲出来。 3. 最后补一个边界，例如什么时候不适用、哪里容易错、工程里怎么验证。 如果只剩 30 秒，可以压缩成：问：慢 SQL 怎么优化？ 回答：先用慢查询日志和 EXPLAIN 看执行计划，确认访问类型、扫描行数、是否使用索引、是否回表、是否 filesort/temporary。优化方式包括合适联合索引、覆盖索引、改写条件避免函数/隐式转换、分页优化、减少返回列、拆分大事务。 问：索引是不是越多越好？ 回答：不是。 易错点 不要报技术栈。真实项目回答要有流程、边界、指标、问题和取舍。 面试官可能继续追问 - 压测怎么做？ - 线上出问题怎么定位？ - 你负责的边界是什么？	项目
45 分钟真人感模拟面试脚本	这题在考什么 考察你是否真的做过或认真设计过项目，能不能讲清楚边界、指标、瓶颈和取舍。 先用人话理解 这题可以先抓住一句主线：时间分配 | 时间 | 模块 | 目标 | |---|---|---| | 0-5 分钟 | 自我介绍 + 项目概览 | 看表达和项目边界 | | 5-15 分钟 | 项目深挖 | 只追一个核心难点，不无限扩展 | | 15-25 分钟 | C++/STL | 智能指针、移动语义、容器 | | 25-33 分钟 | OS/网络 | 学习项目题时，不要先报技术名词，先把一次请求或一次数据流从入口到出口讲完。 原理拆开 - 先讲完整请求或数据流，不要只罗列技术名词。 - 再讲你负责的模块、遇到的问题、定位过程和改动效果。 - 指标要具体，无法给真实线上指标时要说清楚压测环境。 下面是这道题需要掌握的核心内容： 时间分配 | 时间 | 模块 | 目标 | |---|---|---| | 0-5 分钟 | 自我介绍 + 项目概览 | 看表达和项目边界 | | 5-15 分钟 | 项目深挖 | 只追一个核心难点，不无限扩展 | | 15-25 分钟 | C++/STL | 智能指针、移动语义、容器 | | 25-33 分钟 | OS/网络 | epoll、TCP、线程同步 | | 33-40 分钟 | MySQL/Redis | 索引、事务、缓存问题 | | 40-45 分钟 | 手撕代码/反问 | 一道中等题或代码讲解 | 给 AI 面试官的提示词 代码见原文 给 AI 复盘官的提示词 代码见原文 --- 代码/伪代码示例 代码见原文 底层原理再往下一层 再往下一层看，项目题最终会问到数据流、状态机、资源释放、压测指标、错误恢复和可观测性。能讲清楚这些，比说用了什么框架更重要。 面试回答版 回答时可以按“三段式”讲： 1. 先给结论，直接回答它是什么或怎么做。 2. 再解释原因，把底层机制或设计动机讲出来。 3. 最后补一个边界，例如什么时候不适用、哪里容易错、工程里怎么验证。 如果只剩 30 秒，可以压缩成：时间分配 | 时间 | 模块 | 目标 | |---|---|---| | 0-5 分钟 | 自我介绍 + 项目概览 | 看表达和项目边界 | | 5-15 分钟 | 项目深挖 | 只追一个核心难点，不无限扩展 | | 15-25 分钟 | C++/STL | 智能指针、移动语义、容器 | | 25-33 分钟 | OS/网络 | 易错点 不要报技术栈。真实项目回答要有流程、边界、指标、问题和取舍。 面试官可能继续追问 - 压测怎么做？ - 线上出问题怎么定位？ - 你负责的边界是什么？	项目
回答不会的问题	这题在考什么 考察你是否真的做过或认真设计过项目，能不能讲清楚边界、指标、瓶颈和取舍。 先用人话理解 这题可以先抓住一句主线：推荐说法 代码见原文。 不推荐说法 代码见原文。 --- 学习项目题时，不要先报技术名词，先把一次请求或一次数据流从入口到出口讲完。 原理拆开 - 先讲完整请求或数据流，不要只罗列技术名词。 - 再讲你负责的模块、遇到的问题、定位过程和改动效果。 - 指标要具体，无法给真实线上指标时要说清楚压测环境。 下面是这道题需要掌握的核心内容： 推荐说法 代码见原文 不推荐说法 代码见原文 --- 代码/伪代码示例 代码见原文 底层原理再往下一层 再往下一层看，项目题最终会问到数据流、状态机、资源释放、压测指标、错误恢复和可观测性。能讲清楚这些，比说用了什么框架更重要。 面试回答版 回答时可以按“三段式”讲： 1. 先给结论，直接回答它是什么或怎么做。 2. 再解释原因，把底层机制或设计动机讲出来。 3. 最后补一个边界，例如什么时候不适用、哪里容易错、工程里怎么验证。 如果只剩 30 秒，可以压缩成：推荐说法 代码见原文。 不推荐说法 代码见原文。 --- 易错点 不要报技术栈。真实项目回答要有流程、边界、指标、问题和取舍。 面试官可能继续追问 - 压测怎么做？ - 线上出问题怎么定位？ - 你负责的边界是什么？	项目
高频项目风险点	这题在考什么 考察你是否真的做过或认真设计过项目，能不能讲清楚边界、指标、瓶颈和取舍。 先用人话理解 这题可以先抓住一句主线：- 简历写“高并发”，但没有压测指标。 - 写“线程池”，但说不清停止策略和任务队列。 - 写“epoll”，但不知道 LT/ET 和非阻塞读到 EAGAIN。 - 写“缓存”，但说不清穿透、击穿、雪崩和一致性。 - 写“优化”，但没有定位工具和前后指标。 - 写“分布式”，但所有细节都是单机实现。 学习项目题时，不要先报技术名词，先把一次请求或一次数据流从入口到出口讲完。 原理拆开 - 先讲完整请求或数据流，不要只罗列技术名词。 - 再讲你负责的模块、遇到的问题、定位过程和改动效果。 - 指标要具体，无法给真实线上指标时要说清楚压测环境。 下面是这道题需要掌握的核心内容： - 简历写“高并发”，但没有压测指标。 - 写“线程池”，但说不清停止策略和任务队列。 - 写“epoll”，但不知道 LT/ET 和非阻塞读到 EAGAIN。 - 写“缓存”，但说不清穿透、击穿、雪崩和一致性。 - 写“优化”，但没有定位工具和前后指标。 - 写“分布式”，但所有细节都是单机实现。 - 写“熟悉 C++11”，但移动语义、智能指针、lambda 只能背名词。 --- 代码/伪代码示例 代码见原文 底层原理再往下一层 再往下一层看，项目题最终会问到数据流、状态机、资源释放、压测指标、错误恢复和可观测性。能讲清楚这些，比说用了什么框架更重要。 面试回答版 回答时可以按“三段式”讲： 1. 先给结论，直接回答它是什么或怎么做。 2. 再解释原因，把底层机制或设计动机讲出来。 3. 最后补一个边界，例如什么时候不适用、哪里容易错、工程里怎么验证。 如果只剩 30 秒，可以压缩成：- 简历写“高并发”，但没有压测指标。 - 写“线程池”，但说不清停止策略和任务队列。 - 写“epoll”，但不知道 LT/ET 和非阻塞读到 EAGAIN。 - 写“缓存”，但说不清穿透、击穿、雪崩和一致性。 - 写“优化”，但没有定位工具和前后指标。 - 写“分布式”，但所有细节都是单机实现。 易错点 不要报技术栈。真实项目回答要有流程、边界、指标、问题和取舍。 面试官可能继续追问 - 压测怎么做？ - 线上出问题怎么定位？ - 你负责的边界是什么？	项目
面试后复盘表	这题在考什么 考察你是否真的做过或认真设计过项目，能不能讲清楚边界、指标、瓶颈和取舍。 先用人话理解 这题可以先抓住一句主线：| 模块 | 问题 | 我的回答 | 正确度 | 下次回答 | |---|---|---|---|---| | 项目 | | | | | | C++ | | | | | | STL | | | | | | OS/Linux | | | | | | 网络 | | | | | | MySQL/Redis | | | | | | 手撕代码 | 学习项目题时，不要先报技术名词，先把一次请求或一次数据流从入口到出口讲完。 原理拆开 - 先讲完整请求或数据流，不要只罗列技术名词。 - 再讲你负责的模块、遇到的问题、定位过程和改动效果。 - 指标要具体，无法给真实线上指标时要说清楚压测环境。 下面是这道题需要掌握的核心内容： | 模块 | 问题 | 我的回答 | 正确度 | 下次回答 | |---|---|---|---|---| | 项目 | | | | | | C++ | | | | | | STL | | | | | | OS/Linux | | | | | | 网络 | | | | | | MySQL/Redis | | | | | | 手撕代码 | | | | | 代码/伪代码示例 代码见原文 底层原理再往下一层 再往下一层看，项目题最终会问到数据流、状态机、资源释放、压测指标、错误恢复和可观测性。能讲清楚这些，比说用了什么框架更重要。 面试回答版 回答时可以按“三段式”讲： 1. 先给结论，直接回答它是什么或怎么做。 2. 再解释原因，把底层机制或设计动机讲出来。 3. 最后补一个边界，例如什么时候不适用、哪里容易错、工程里怎么验证。 如果只剩 30 秒，可以压缩成：| 模块 | 问题 | 我的回答 | 正确度 | 下次回答 | |---|---|---|---|---| | 项目 | | | | | | C++ | | | | | | STL | | | | | | OS/Linux | | | | | | 网络 | | | | | | MySQL/Redis | | | | | | 手撕代码 | 易错点 不要报技术栈。真实项目回答要有流程、边界、指标、问题和取舍。 面试官可能继续追问 - 压测怎么做？ - 线上出问题怎么定位？ - 你负责的边界是什么？	项目
